scenario,calibration,exit_mode,replication,seed,survival_rate,mean_welfare
baseline,mid,endogenous,0,670488,0.3667,20.8133
baseline,mid,endogenous,1,116740,0.9,24.3996
baseline,mid,endogenous,2,26226,0.4667,13.7399
baseline,mid,endogenous,3,777573,0.9,23.8859
baseline,mid,endogenous,4,288390,0.7333,17.964
baseline,mid,endogenous,5,256788,0.7667,34.7062
baseline,mid,endogenous,6,234054,0.5667,17.7716
baseline,mid,endogenous,7,146317,0.8333,23.3932
baseline,mid,endogenous,8,772247,0.6667,24.4268
baseline,mid,endogenous,9,107474,0.9667,39.4238
baseline,mid,endogenous,10,709571,0.6333,33.6376
baseline,mid,endogenous,11,776647,0.9,32.5796
baseline,mid,endogenous,12,935519,0.8333,27.5159
baseline,mid,endogenous,13,571859,0.8333,27.7496
baseline,mid,endogenous,14,91162,0.5333,19.0791
baseline,mid,endogenous,15,619177,0.6667,18.8182
baseline,mid,endogenous,16,442418,0.9667,19.0783
baseline,mid,endogenous,17,33327,0.9,46.1243
baseline,mid,endogenous,18,31245,0.9,31.8782
baseline,mid,endogenous,19,98247,0.9333,28.8209
baseline,mid,endogenous,20,229259,0.9667,37.8137
baseline,mid,endogenous,21,243963,0.7333,34.3124
baseline,mid,endogenous,22,529904,0.8,36.357
baseline,mid,endogenous,23,631263,0.6667,31.2897
baseline,mid,endogenous,24,27825,0.5667,20.122
baseline,mid,endogenous,25,588509,0.7333,25.5437
baseline,mid,endogenous,26,208497,0.7,22.0459
baseline,mid,endogenous,27,750801,0.8,22.8076
baseline,mid,endogenous,28,681454,0.5,28.2028
baseline,mid,endogenous,29,735393,0.3,19.0921
baseline,mid,endogenous,30,571413,0.5333,27.3393
baseline,mid,endogenous,31,439899,0.7333,36.5882
baseline,mid,endogenous,32,231149,0.5,10.7662
baseline,mid,endogenous,33,471030,0.7,24.2773
baseline,mid,endogenous,34,617890,0.9667,29.8648
baseline,mid,endogenous,35,291705,0.4667,32.1573
baseline,mid,endogenous,36,848750,0.8667,25.2477
baseline,mid,endogenous,37,911528,0.8,24.7867
baseline,mid,endogenous,38,6815,0.8,27.8044
baseline,mid,endogenous,39,795668,0.8333,25.7691
baseline,mid,endogenous,40,844963,0.5667,26.0435
baseline,mid,endogenous,41,167415,0.9667,34.2333
baseline,mid,endogenous,42,732053,0.7667,31.7403
baseline,mid,endogenous,43,443144,0.5667,18.0426
baseline,mid,endogenous,44,356779,0.6333,11.8329
baseline,mid,endogenous,45,291370,0.7667,24.2806
baseline,mid,endogenous,46,163033,0.5333,27.2627
baseline,mid,endogenous,47,225773,0.7,22.3991
baseline,mid,endogenous,48,800582,0.7333,21.3576
baseline,mid,endogenous,49,352945,0.7333,34.2498
baseline,mid,endogenous,50,107176,0.8,26.0546
baseline,mid,endogenous,51,97252,0.9,22.7639
baseline,mid,endogenous,52,398383,0.7333,25.8083
baseline,mid,endogenous,53,101415,0.9667,22.1593
baseline,mid,endogenous,54,376418,0.7,31.5362
baseline,mid,endogenous,55,888663,0.5,22.6903
baseline,mid,endogenous,56,360664,0.9667,22.4864
baseline,mid,endogenous,57,633053,0.7667,15.9991
baseline,mid,endogenous,58,277371,0.8667,21.2379
baseline,mid,endogenous,59,846336,0.9,32.4167
baseline,mid,endogenous,60,45562,0.8667,31.9484
baseline,mid,endogenous,61,765180,0.4333,15.4873
baseline,mid,endogenous,62,481742,0.7667,26.1338
baseline,mid,endogenous,63,562276,0.8667,19.3861
baseline,mid,endogenous,64,130890,0.5667,27.5997
baseline,mid,endogenous,65,967097,0.6667,29.1311
baseline,mid,endogenous,66,396923,0.5333,16.9654
baseline,mid,endogenous,67,82628,0.8667,23.5392
baseline,mid,endogenous,68,578857,0.8,21.5744
baseline,mid,endogenous,69,307420,0.6,25.623
baseline,mid,endogenous,70,869694,0.7,26.13
baseline,mid,endogenous,71,659177,0.4667,18.3139
baseline,mid,endogenous,72,648565,0.5667,23.0062
baseline,mid,endogenous,73,928464,0.6,23.0682
baseline,mid,endogenous,74,903566,0.9667,36.7677
baseline,mid,endogenous,75,379202,0.2333,23.7795
baseline,mid,endogenous,76,605398,0.8667,22.8681
baseline,mid,endogenous,77,201630,0.9333,19.0876
baseline,mid,endogenous,78,738798,0.8,18.4995
baseline,mid,endogenous,79,72934,0.7667,26.215
baseline,mid,endogenous,80,48051,0.5333,26.0717
baseline,mid,endogenous,81,693385,0.8,17.594
baseline,mid,endogenous,82,238969,0.8333,38.1013
baseline,mid,endogenous,83,810621,0.5333,20.7857
baseline,mid,endogenous,84,303446,0.7667,23.0321
baseline,mid,endogenous,85,83668,0.6,32.9243
baseline,mid,endogenous,86,896866,0.7333,18.2085
baseline,mid,endogenous,87,244099,0.7667,25.0905
baseline,mid,endogenous,88,908574,0.7667,22.9253
baseline,mid,endogenous,89,105908,0.7333,27.2544
baseline,mid,endogenous,90,398592,0.8333,29.1411
baseline,mid,endogenous,91,291477,0.9,25.5611
baseline,mid,endogenous,92,475436,0.6,24.9787
baseline,mid,endogenous,93,666564,0.9333,34.6391
baseline,mid,endogenous,94,874629,0.7,35.6138
baseline,mid,endogenous,95,382555,0.8,23.6783
baseline,mid,endogenous,96,170556,0.7,26.9461
baseline,mid,endogenous,97,388163,0.8,19.3573
baseline,mid,endogenous,98,372529,0.5667,31.0026
baseline,mid,endogenous,99,219685,0.9333,22.0437
baseline,mid,endogenous,100,702730,0.5333,24.3413
baseline,mid,endogenous,101,279947,0.5333,18.4467
baseline,mid,endogenous,102,735912,0.6,20.0286
baseline,mid,endogenous,103,982154,0.6667,31.644
baseline,mid,endogenous,104,716752,0.7,24.7243
baseline,mid,endogenous,105,679515,0.5,19.8445
baseline,mid,endogenous,106,74871,0.8667,34.8453
baseline,mid,endogenous,107,638721,0.9333,35.2409
baseline,mid,endogenous,108,665823,0.9,21.4901
baseline,mid,endogenous,109,179452,0.3333,21.3279
baseline,mid,endogenous,110,560087,0.4667,25.609
baseline,mid,endogenous,111,764545,0.8,13.8679
baseline,mid,endogenous,112,256703,0.9333,26.4518
baseline,mid,endogenous,113,171340,0.6333,23.8007
baseline,mid,endogenous,114,484715,0.6333,25.9748
baseline,mid,endogenous,115,397888,0.7667,26.0467
baseline,mid,endogenous,116,283061,0.4333,22.4195
baseline,mid,endogenous,117,970343,0.5667,24.1774
baseline,mid,endogenous,118,671089,0.5667,18.0412
baseline,mid,endogenous,119,721591,0.3,19.9297
baseline,mid,endogenous,120,584005,0.8,28.1024
baseline,mid,endogenous,121,230284,0.5667,16.2929
baseline,mid,endogenous,122,717871,0.6333,27.5455
baseline,mid,endogenous,123,340036,0.7667,23.9072
baseline,mid,endogenous,124,883795,0.8333,26.7683
baseline,mid,endogenous,125,805636,0.9333,35.222
baseline,mid,endogenous,126,813695,0.6333,24.9347
baseline,mid,endogenous,127,58656,0.2333,19.5186
baseline,mid,endogenous,128,240175,0.4667,26.916
baseline,mid,endogenous,129,861723,0.6333,22.9072
baseline,mid,endogenous,130,33660,0.9333,30.6748
baseline,mid,endogenous,131,844152,0.7,23.86
baseline,mid,endogenous,132,330777,0.5333,22.7771
baseline,mid,endogenous,133,420652,0.5333,28.3314
baseline,mid,endogenous,134,280747,0.8333,31.0628
baseline,mid,endogenous,135,69404,0.8333,35.6487
baseline,mid,endogenous,136,221232,0.7667,22.1768
baseline,mid,endogenous,137,957493,0.5667,20.2256
baseline,mid,endogenous,138,988713,0.8333,27.2539
baseline,mid,endogenous,139,594732,0.9667,34.0341
baseline,mid,endogenous,140,918939,0.6667,30.4456
baseline,mid,endogenous,141,752788,0.8667,34.9646
baseline,mid,endogenous,142,329964,0.8,20.1899
baseline,mid,endogenous,143,222956,0.7333,30.0675
baseline,mid,endogenous,144,687278,0.5667,22.5231
baseline,mid,endogenous,145,523482,0.9333,27.5255
baseline,mid,endogenous,146,414851,0.4,18.2624
baseline,mid,endogenous,147,927658,0.7667,16.5022
baseline,mid,endogenous,148,958973,0.9667,27.2273
baseline,mid,endogenous,149,674080,0.8333,29.677
baseline,mid,endogenous,150,481142,0.8,27.9104
baseline,mid,endogenous,151,149812,0.9667,23.5166
baseline,mid,endogenous,152,277747,0.4,17.4397
baseline,mid,endogenous,153,146414,0.6,21.4067
baseline,mid,endogenous,154,258608,1.0,34.8287
baseline,mid,endogenous,155,781178,0.8667,18.1108
baseline,mid,endogenous,156,588638,0.9,36.5851
baseline,mid,endogenous,157,565159,0.8333,27.1675
baseline,mid,endogenous,158,275505,0.8333,33.4778
baseline,mid,endogenous,159,783301,0.6,26.8069
baseline,mid,endogenous,160,612983,0.8333,25.9938
baseline,mid,endogenous,161,449246,0.8667,35.3627
baseline,mid,endogenous,162,941436,0.7333,21.0238
baseline,mid,endogenous,163,611879,0.8,26.0907
baseline,mid,endogenous,164,418802,0.7333,26.9552
baseline,mid,endogenous,165,379581,0.7667,26.5331
baseline,mid,endogenous,166,229975,0.9333,38.0202
baseline,mid,endogenous,167,145052,0.9,21.2198
baseline,mid,endogenous,168,534278,0.8667,29.9812
baseline,mid,endogenous,169,517489,0.7,35.6211
baseline,mid,endogenous,170,95326,0.6667,27.9974
baseline,mid,endogenous,171,792496,0.9,15.3595
baseline,mid,endogenous,172,49406,0.7333,25.5255
baseline,mid,endogenous,173,902932,0.9,22.0047
baseline,mid,endogenous,174,114976,0.7333,23.8496
baseline,mid,endogenous,175,160266,0.9,27.0854
baseline,mid,endogenous,176,657925,0.5,24.8333
baseline,mid,endogenous,177,167754,0.9667,33.3221
baseline,mid,endogenous,178,830556,0.9333,32.8792
baseline,mid,endogenous,179,713537,0.6667,17.229
baseline,mid,endogenous,180,442667,0.8333,30.2136
baseline,mid,endogenous,181,625381,0.6667,24.7478
baseline,mid,endogenous,182,66614,0.5667,24.5046
baseline,mid,endogenous,183,403458,0.9,24.1817
baseline,mid,endogenous,184,400157,1.0,23.4511
baseline,mid,endogenous,185,624835,0.7333,24.5295
baseline,mid,endogenous,186,490786,0.6333,23.3887
baseline,mid,endogenous,187,554817,0.5667,27.4382
baseline,mid,endogenous,188,263627,0.8,24.7866
baseline,mid,endogenous,189,580100,0.4667,13.1583
baseline,mid,endogenous,190,902593,0.8,24.0152
baseline,mid,endogenous,191,988211,0.6,27.0679
baseline,mid,endogenous,192,12039,0.8667,26.8079
baseline,mid,endogenous,193,713329,1.0,34.3368
baseline,mid,endogenous,194,755732,0.7,30.687
baseline,mid,endogenous,195,120117,0.7333,26.3527
baseline,mid,endogenous,196,714826,0.6,25.4787
baseline,mid,endogenous,197,927768,0.3667,23.3909
baseline,mid,endogenous,198,563055,0.3333,18.6151
baseline,mid,endogenous,199,787353,0.6,15.4835
baseline,mid,exogenous,0,670488,1.0,27.524
baseline,mid,exogenous,1,116740,1.0,24.7505
baseline,mid,exogenous,2,26226,1.0,19.4132
baseline,mid,exogenous,3,777573,1.0,25.4486
baseline,mid,exogenous,4,288390,1.0,20.0884
baseline,mid,exogenous,5,256788,1.0,41.8585
baseline,mid,exogenous,6,234054,1.0,24.7636
baseline,mid,exogenous,7,146317,1.0,26.8679
baseline,mid,exogenous,8,772247,1.0,27.9872
baseline,mid,exogenous,9,107474,1.0,38.8234
baseline,mid,exogenous,10,709571,1.0,43.3789
baseline,mid,exogenous,11,776647,1.0,34.2512
baseline,mid,exogenous,12,935519,1.0,29.7381
baseline,mid,exogenous,13,571859,1.0,31.8515
baseline,mid,exogenous,14,91162,1.0,30.4099
baseline,mid,exogenous,15,619177,1.0,19.1828
baseline,mid,exogenous,16,442418,1.0,18.2165
baseline,mid,exogenous,17,33327,1.0,48.187
baseline,mid,exogenous,18,31245,1.0,32.4212
baseline,mid,exogenous,19,98247,1.0,30.4052
baseline,mid,exogenous,20,229259,1.0,38.5404
baseline,mid,exogenous,21,243963,1.0,36.2341
baseline,mid,exogenous,22,529904,1.0,40.8116
baseline,mid,exogenous,23,631263,1.0,35.7
baseline,mid,exogenous,24,27825,1.0,25.4153
baseline,mid,exogenous,25,588509,1.0,27.0809
baseline,mid,exogenous,26,208497,1.0,24.3065
baseline,mid,exogenous,27,750801,1.0,26.1509
baseline,mid,exogenous,28,681454,1.0,33.523
baseline,mid,exogenous,29,735393,1.0,28.012
baseline,mid,exogenous,30,571413,1.0,32.8492
baseline,mid,exogenous,31,439899,1.0,39.1875
baseline,mid,exogenous,32,231149,1.0,13.0605
baseline,mid,exogenous,33,471030,1.0,29.0726
baseline,mid,exogenous,34,617890,1.0,31.8797
baseline,mid,exogenous,35,291705,1.0,45.3832
baseline,mid,exogenous,36,848750,1.0,27.7144
baseline,mid,exogenous,37,911528,1.0,28.609
baseline,mid,exogenous,38,6815,1.0,29.8861
baseline,mid,exogenous,39,795668,1.0,28.4134
baseline,mid,exogenous,40,844963,1.0,31.9996
baseline,mid,exogenous,41,167415,1.0,34.1726
baseline,mid,exogenous,42,732053,1.0,34.7933
baseline,mid,exogenous,43,443144,1.0,25.6527
baseline,mid,exogenous,44,356779,1.0,14.458
baseline,mid,exogenous,45,291370,1.0,24.6734
baseline,mid,exogenous,46,163033,1.0,37.4934
baseline,mid,exogenous,47,225773,1.0,23.8742
baseline,mid,exogenous,48,800582,1.0,29.5273
baseline,mid,exogenous,49,352945,1.0,35.4045
baseline,mid,exogenous,50,107176,1.0,28.7922
baseline,mid,exogenous,51,97252,1.0,23.3122
baseline,mid,exogenous,52,398383,1.0,29.7461
baseline,mid,exogenous,53,101415,1.0,22.0651
baseline,mid,exogenous,54,376418,1.0,37.815
baseline,mid,exogenous,55,888663,1.0,35.9538
baseline,mid,exogenous,56,360664,1.0,21.8276
baseline,mid,exogenous,57,633053,1.0,18.0351
baseline,mid,exogenous,58,277371,1.0,23.3834
baseline,mid,exogenous,59,846336,1.0,35.2989
baseline,mid,exogenous,60,45562,1.0,33.2095
baseline,mid,exogenous,61,765180,1.0,23.5731
baseline,mid,exogenous,62,481742,1.0,28.2654
baseline,mid,exogenous,63,562276,1.0,20.813
baseline,mid,exogenous,64,130890,1.0,33.3482
baseline,mid,exogenous,65,967097,1.0,32.9848
baseline,mid,exogenous,66,396923,1.0,21.1917
baseline,mid,exogenous,67,82628,1.0,25.1575
baseline,mid,exogenous,68,578857,1.0,23.6762
baseline,mid,exogenous,69,307420,1.0,26.7855
baseline,mid,exogenous,70,869694,1.0,31.831
baseline,mid,exogenous,71,659177,1.0,22.4484
baseline,mid,exogenous,72,648565,1.0,29.5356
baseline,mid,exogenous,73,928464,1.0,26.916
baseline,mid,exogenous,74,903566,1.0,37.6187
baseline,mid,exogenous,75,379202,1.0,40.1181
baseline,mid,exogenous,76,605398,1.0,22.731
baseline,mid,exogenous,77,201630,1.0,19.4541
baseline,mid,exogenous,78,738798,1.0,19.9875
baseline,mid,exogenous,79,72934,1.0,27.9709
baseline,mid,exogenous,80,48051,1.0,34.1022
baseline,mid,exogenous,81,693385,1.0,17.5549
baseline,mid,exogenous,82,238969,1.0,41.2993
baseline,mid,exogenous,83,810621,1.0,28.2968
baseline,mid,exogenous,84,303446,1.0,28.6873
baseline,mid,exogenous,85,83668,1.0,37.0839
baseline,mid,exogenous,86,896866,1.0,18.3674
baseline,mid,exogenous,87,244099,1.0,26.7852
baseline,mid,exogenous,88,908574,1.0,26.6324
baseline,mid,exogenous,89,105908,1.0,29.9206
baseline,mid,exogenous,90,398592,1.0,32.074
baseline,mid,exogenous,91,291477,1.0,27.5982
baseline,mid,exogenous,92,475436,1.0,33.8301
baseline,mid,exogenous,93,666564,1.0,35.5968
baseline,mid,exogenous,94,874629,1.0,41.2913
baseline,mid,exogenous,95,382555,1.0,28.984
baseline,mid,exogenous,96,170556,1.0,31.0577
baseline,mid,exogenous,97,388163,1.0,21.1816
baseline,mid,exogenous,98,372529,1.0,33.7293
baseline,mid,exogenous,99,219685,1.0,22.8169
baseline,mid,exogenous,100,702730,1.0,29.1321
baseline,mid,exogenous,101,279947,1.0,25.6716
baseline,mid,exogenous,102,735912,1.0,25.6665
baseline,mid,exogenous,103,982154,1.0,37.3195
baseline,mid,exogenous,104,716752,1.0,29.5919
baseline,mid,exogenous,105,679515,1.0,27.3618
baseline,mid,exogenous,106,74871,1.0,38.0111
baseline,mid,exogenous,107,638721,1.0,37.0559
baseline,mid,exogenous,108,665823,1.0,22.1645
baseline,mid,exogenous,109,179452,1.0,28.128
baseline,mid,exogenous,110,560087,1.0,38.8455
baseline,mid,exogenous,111,764545,1.0,16.0785
baseline,mid,exogenous,112,256703,1.0,27.1657
baseline,mid,exogenous,113,171340,1.0,31.337
baseline,mid,exogenous,114,484715,1.0,33.0157
baseline,mid,exogenous,115,397888,1.0,32.9338
baseline,mid,exogenous,116,283061,1.0,34.0518
baseline,mid,exogenous,117,970343,1.0,27.9917
baseline,mid,exogenous,118,671089,1.0,27.0525
baseline,mid,exogenous,119,721591,1.0,24.0944
baseline,mid,exogenous,120,584005,1.0,32.7455
baseline,mid,exogenous,121,230284,1.0,22.5686
baseline,mid,exogenous,122,717871,1.0,36.5161
baseline,mid,exogenous,123,340036,1.0,23.8441
baseline,mid,exogenous,124,883795,1.0,27.7398
baseline,mid,exogenous,125,805636,1.0,36.0389
baseline,mid,exogenous,126,813695,1.0,30.1762
baseline,mid,exogenous,127,58656,1.0,30.7131
baseline,mid,exogenous,128,240175,1.0,33.8407
baseline,mid,exogenous,129,861723,1.0,26.6666
baseline,mid,exogenous,130,33660,1.0,32.099
baseline,mid,exogenous,131,844152,1.0,30.8686
baseline,mid,exogenous,132,330777,1.0,27.4056
baseline,mid,exogenous,133,420652,1.0,35.0634
baseline,mid,exogenous,134,280747,1.0,31.096
baseline,mid,exogenous,135,69404,1.0,37.9097
baseline,mid,exogenous,136,221232,1.0,25.6876
baseline,mid,exogenous,137,957493,1.0,29.8059
baseline,mid,exogenous,138,988713,1.0,30.9819
baseline,mid,exogenous,139,594732,1.0,34.219
baseline,mid,exogenous,140,918939,1.0,36.7025
baseline,mid,exogenous,141,752788,1.0,35.9827
baseline,mid,exogenous,142,329964,1.0,21.7359
baseline,mid,exogenous,143,222956,1.0,36.813
baseline,mid,exogenous,144,687278,1.0,32.5244
baseline,mid,exogenous,145,523482,1.0,29.4638
baseline,mid,exogenous,146,414851,1.0,31.3171
baseline,mid,exogenous,147,927658,1.0,19.8472
baseline,mid,exogenous,148,958973,1.0,27.2909
baseline,mid,exogenous,149,674080,1.0,32.2829
baseline,mid,exogenous,150,481142,1.0,30.4777
baseline,mid,exogenous,151,149812,1.0,23.6578
baseline,mid,exogenous,152,277747,1.0,21.8186
baseline,mid,exogenous,153,146414,1.0,27.9668
baseline,mid,exogenous,154,258608,1.0,34.4344
baseline,mid,exogenous,155,781178,1.0,19.534
baseline,mid,exogenous,156,588638,1.0,37.8539
baseline,mid,exogenous,157,565159,1.0,29.8949
baseline,mid,exogenous,158,275505,1.0,34.414
baseline,mid,exogenous,159,783301,1.0,32.1986
baseline,mid,exogenous,160,612983,1.0,27.6035
baseline,mid,exogenous,161,449246,1.0,37.379
baseline,mid,exogenous,162,941436,1.0,24.0647
baseline,mid,exogenous,163,611879,1.0,29.3989
baseline,mid,exogenous,164,418802,1.0,33.9016
baseline,mid,exogenous,165,379581,1.0,28.5406
baseline,mid,exogenous,166,229975,1.0,40.4117
baseline,mid,exogenous,167,145052,1.0,22.4474
baseline,mid,exogenous,168,534278,1.0,31.4012
baseline,mid,exogenous,169,517489,1.0,40.0086
baseline,mid,exogenous,170,95326,1.0,31.8575
baseline,mid,exogenous,171,792496,1.0,15.2737
baseline,mid,exogenous,172,49406,1.0,30.0547
baseline,mid,exogenous,173,902932,1.0,22.0647
baseline,mid,exogenous,174,114976,1.0,29.3038
baseline,mid,exogenous,175,160266,1.0,27.2049
baseline,mid,exogenous,176,657925,1.0,37.686
baseline,mid,exogenous,177,167754,1.0,34.8561
baseline,mid,exogenous,178,830556,1.0,33.8225
baseline,mid,exogenous,179,713537,1.0,23.9055
baseline,mid,exogenous,180,442667,1.0,32.2924
baseline,mid,exogenous,181,625381,1.0,27.2081
baseline,mid,exogenous,182,66614,1.0,26.8856
baseline,mid,exogenous,183,403458,1.0,23.7903
baseline,mid,exogenous,184,400157,1.0,24.9639
baseline,mid,exogenous,185,624835,1.0,27.3372
baseline,mid,exogenous,186,490786,1.0,27.61
baseline,mid,exogenous,187,554817,1.0,36.4745
baseline,mid,exogenous,188,263627,1.0,28.5444
baseline,mid,exogenous,189,580100,1.0,27.6154
baseline,mid,exogenous,190,902593,1.0,25.0574
baseline,mid,exogenous,191,988211,1.0,29.4861
baseline,mid,exogenous,192,12039,1.0,29.6732
baseline,mid,exogenous,193,713329,1.0,32.9241
baseline,mid,exogenous,194,755732,1.0,39.4431
baseline,mid,exogenous,195,120117,1.0,29.847
baseline,mid,exogenous,196,714826,1.0,32.1784
baseline,mid,exogenous,197,927768,1.0,35.7119
baseline,mid,exogenous,198,563055,1.0,31.5009
baseline,mid,exogenous,199,787353,1.0,18.1333
supply_quota,mid,endogenous,0,670488,0.3667,29.5687
supply_quota,mid,endogenous,1,116740,0.9,35.6918
supply_quota,mid,endogenous,2,26226,0.4667,23.6633
supply_quota,mid,endogenous,3,777573,0.9,39.911
supply_quota,mid,endogenous,4,288390,0.7333,28.4158
supply_quota,mid,endogenous,5,256788,0.7667,47.0522
supply_quota,mid,endogenous,6,234054,0.5667,36.251
supply_quota,mid,endogenous,7,146317,0.8333,39.8279
supply_quota,mid,endogenous,8,772247,0.6667,38.7168
supply_quota,mid,endogenous,9,107474,0.9667,54.4955
supply_quota,mid,endogenous,10,709571,0.6333,39.2949
supply_quota,mid,endogenous,11,776647,0.9,50.3108
supply_quota,mid,endogenous,12,935519,0.8333,45.9605
supply_quota,mid,endogenous,13,571859,0.8333,39.5191
supply_quota,mid,endogenous,14,91162,0.5333,26.271
supply_quota,mid,endogenous,15,619177,0.6667,33.2517
supply_quota,mid,endogenous,16,442418,0.9667,35.2342
supply_quota,mid,endogenous,17,33327,0.9,54.6178
supply_quota,mid,endogenous,18,31245,0.9,44.2201
supply_quota,mid,endogenous,19,98247,0.9333,41.8206
supply_quota,mid,endogenous,20,229259,0.9667,45.5703
supply_quota,mid,endogenous,21,243963,0.7333,54.9872
supply_quota,mid,endogenous,22,529904,0.8,47.922
supply_quota,mid,endogenous,23,631263,0.6667,43.3003
supply_quota,mid,endogenous,24,27825,0.5667,28.7459
supply_quota,mid,endogenous,25,588509,0.7333,44.1316
supply_quota,mid,endogenous,26,208497,0.7,39.4172
supply_quota,mid,endogenous,27,750801,0.8,29.2437
supply_quota,mid,endogenous,28,681454,0.5,38.5097
supply_quota,mid,endogenous,29,735393,0.3,31.2386
supply_quota,mid,endogenous,30,571413,0.5333,44.1451
supply_quota,mid,endogenous,31,439899,0.7333,51.1437
supply_quota,mid,endogenous,32,231149,0.5,25.8883
supply_quota,mid,endogenous,33,471030,0.7,33.9675
supply_quota,mid,endogenous,34,617890,0.9667,50.9268
supply_quota,mid,endogenous,35,291705,0.4667,38.4765
supply_quota,mid,endogenous,36,848750,0.8667,38.8384
supply_quota,mid,endogenous,37,911528,0.8,38.7536
supply_quota,mid,endogenous,38,6815,0.8,39.45
supply_quota,mid,endogenous,39,795668,0.8333,43.6107
supply_quota,mid,endogenous,40,844963,0.5667,38.9616
supply_quota,mid,endogenous,41,167415,0.9667,50.315
supply_quota,mid,endogenous,42,732053,0.7667,43.929
supply_quota,mid,endogenous,43,443144,0.5667,23.0343
supply_quota,mid,endogenous,44,356779,0.7,24.4324
supply_quota,mid,endogenous,45,291370,0.7667,37.6163
supply_quota,mid,endogenous,46,163033,0.5333,32.0446
supply_quota,mid,endogenous,47,225773,0.7,44.0818
supply_quota,mid,endogenous,48,800582,0.7333,30.6515
supply_quota,mid,endogenous,49,352945,0.7333,56.0896
supply_quota,mid,endogenous,50,107176,0.8,38.0999
supply_quota,mid,endogenous,51,97252,0.9,43.9839
supply_quota,mid,endogenous,52,398383,0.7333,34.9008
supply_quota,mid,endogenous,53,101415,0.9667,40.5204
supply_quota,mid,endogenous,54,376418,0.7,46.4249
supply_quota,mid,endogenous,55,888663,0.5,32.4032
supply_quota,mid,endogenous,56,360664,0.9667,34.6774
supply_quota,mid,endogenous,57,633053,0.8667,32.2273
supply_quota,mid,endogenous,58,277371,0.8667,41.4897
supply_quota,mid,endogenous,59,846336,0.9,45.216
supply_quota,mid,endogenous,60,45562,0.8667,44.8685
supply_quota,mid,endogenous,61,765180,0.4333,29.5022
supply_quota,mid,endogenous,62,481742,0.7667,38.42
supply_quota,mid,endogenous,63,562276,0.8667,37.313
supply_quota,mid,endogenous,64,130890,0.5667,34.6016
supply_quota,mid,endogenous,65,967097,0.6667,43.3838
supply_quota,mid,endogenous,66,396923,0.5333,28.0414
supply_quota,mid,endogenous,67,82628,0.8667,44.6623
supply_quota,mid,endogenous,68,578857,0.8,26.942
supply_quota,mid,endogenous,69,307420,0.6,39.2606
supply_quota,mid,endogenous,70,869694,0.7,36.419
supply_quota,mid,endogenous,71,659177,0.4667,28.7628
supply_quota,mid,endogenous,72,648565,0.5667,35.0889
supply_quota,mid,endogenous,73,928464,0.6,41.0134
supply_quota,mid,endogenous,74,903566,0.9667,54.2116
supply_quota,mid,endogenous,75,379202,0.2333,31.0992
supply_quota,mid,endogenous,76,605398,0.8667,41.1661
supply_quota,mid,endogenous,77,201630,0.9333,31.3591
supply_quota,mid,endogenous,78,738798,0.8,28.5466
supply_quota,mid,endogenous,79,72934,0.7667,49.6004
supply_quota,mid,endogenous,80,48051,0.5333,36.0211
supply_quota,mid,endogenous,81,693385,0.8,31.7049
supply_quota,mid,endogenous,82,238969,0.8333,48.4574
supply_quota,mid,endogenous,83,810621,0.5333,35.4716
supply_quota,mid,endogenous,84,303446,0.7667,36.6934
supply_quota,mid,endogenous,85,83668,0.6,43.1349
supply_quota,mid,endogenous,86,896866,0.7333,30.3238
supply_quota,mid,endogenous,87,244099,0.7667,39.4137
supply_quota,mid,endogenous,88,908574,0.7667,45.7468
supply_quota,mid,endogenous,89,105908,0.7333,43.2672
supply_quota,mid,endogenous,90,398592,0.8333,44.593
supply_quota,mid,endogenous,91,291477,0.9,43.5129
supply_quota,mid,endogenous,92,475436,0.6,33.7491
supply_quota,mid,endogenous,93,666564,0.9333,39.2591
supply_quota,mid,endogenous,94,874629,0.7,49.4124
supply_quota,mid,endogenous,95,382555,0.8,45.2169
supply_quota,mid,endogenous,96,170556,0.7,40.1071
supply_quota,mid,endogenous,97,388163,0.8,36.9767
supply_quota,mid,endogenous,98,372529,0.5667,43.7099
supply_quota,mid,endogenous,99,219685,0.9333,43.8275
supply_quota,mid,endogenous,100,702730,0.5333,43.5607
supply_quota,mid,endogenous,101,279947,0.5333,31.8764
supply_quota,mid,endogenous,102,735912,0.6,31.4263
supply_quota,mid,endogenous,103,982154,0.6667,46.1456
supply_quota,mid,endogenous,104,716752,0.7,32.2479
supply_quota,mid,endogenous,105,679515,0.5,35.2541
supply_quota,mid,endogenous,106,74871,0.8667,50.1361
supply_quota,mid,endogenous,107,638721,0.9333,49.2589
supply_quota,mid,endogenous,108,665823,0.9,33.17
supply_quota,mid,endogenous,109,179452,0.3333,37.1105
supply_quota,mid,endogenous,110,560087,0.4667,33.1099
supply_quota,mid,endogenous,111,764545,0.8,27.5812
supply_quota,mid,endogenous,112,256703,0.9333,34.691
supply_quota,mid,endogenous,113,171340,0.6333,33.4387
supply_quota,mid,endogenous,114,484715,0.6333,38.1269
supply_quota,mid,endogenous,115,397888,0.7667,46.1156
supply_quota,mid,endogenous,116,283061,0.4333,29.7566
supply_quota,mid,endogenous,117,970343,0.5667,38.4413
supply_quota,mid,endogenous,118,671089,0.5667,26.8714
supply_quota,mid,endogenous,119,721591,0.3,34.9111
supply_quota,mid,endogenous,120,584005,0.8,36.3578
supply_quota,mid,endogenous,121,230284,0.5667,35.0519
supply_quota,mid,endogenous,122,717871,0.6333,38.2395
supply_quota,mid,endogenous,123,340036,0.7667,42.4145
supply_quota,mid,endogenous,124,883795,0.8333,37.1138
supply_quota,mid,endogenous,125,805636,0.9333,46.2384
supply_quota,mid,endogenous,126,813695,0.6333,39.9309
supply_quota,mid,endogenous,127,58656,0.2333,28.3665
supply_quota,mid,endogenous,128,240175,0.4667,40.4186
supply_quota,mid,endogenous,129,861723,0.6333,31.302
supply_quota,mid,endogenous,130,33660,0.9333,36.5171
supply_quota,mid,endogenous,131,844152,0.7,30.4678
supply_quota,mid,endogenous,132,330777,0.5333,35.345
supply_quota,mid,endogenous,133,420652,0.5333,44.4231
supply_quota,mid,endogenous,134,280747,0.8333,43.0886
supply_quota,mid,endogenous,135,69404,0.8333,45.8559
supply_quota,mid,endogenous,136,221232,0.7667,32.5874
supply_quota,mid,endogenous,137,957493,0.5667,35.0833
supply_quota,mid,endogenous,138,988713,0.8333,47.0191
supply_quota,mid,endogenous,139,594732,0.9667,41.177
supply_quota,mid,endogenous,140,918939,0.6667,38.9829
supply_quota,mid,endogenous,141,752788,0.8667,37.8423
supply_quota,mid,endogenous,142,329964,0.8,33.7765
supply_quota,mid,endogenous,143,222956,0.7333,35.8062
supply_quota,mid,endogenous,144,687278,0.5667,30.3862
supply_quota,mid,endogenous,145,523482,0.9333,46.4436
supply_quota,mid,endogenous,146,414851,0.4,21.2198
supply_quota,mid,endogenous,147,927658,0.7667,38.1788
supply_quota,mid,endogenous,148,958973,0.9667,45.7117
supply_quota,mid,endogenous,149,674080,0.8333,37.439
supply_quota,mid,endogenous,150,481142,0.8,41.6924
supply_quota,mid,endogenous,151,149812,0.9667,34.2373
supply_quota,mid,endogenous,152,277747,0.4,28.1694
supply_quota,mid,endogenous,153,146414,0.6,37.2287
supply_quota,mid,endogenous,154,258608,1.0,39.306
supply_quota,mid,endogenous,155,781178,0.8667,26.1238
supply_quota,mid,endogenous,156,588638,0.9,43.3085
supply_quota,mid,endogenous,157,565159,0.8333,38.2089
supply_quota,mid,endogenous,158,275505,0.8333,47.09
supply_quota,mid,endogenous,159,783301,0.6,37.7631
supply_quota,mid,endogenous,160,612983,0.8333,31.5072
supply_quota,mid,endogenous,161,449246,0.8667,40.1007
supply_quota,mid,endogenous,162,941436,0.7333,34.4996
supply_quota,mid,endogenous,163,611879,0.8,35.1823
supply_quota,mid,endogenous,164,418802,0.7333,39.9627
supply_quota,mid,endogenous,165,379581,0.7667,39.5408
supply_quota,mid,endogenous,166,229975,0.9333,47.5816
supply_quota,mid,endogenous,167,145052,0.9,41.3591
supply_quota,mid,endogenous,168,534278,0.8667,45.2111
supply_quota,mid,endogenous,169,517489,0.7,54.2181
supply_quota,mid,endogenous,170,95326,0.6667,36.305
supply_quota,mid,endogenous,171,792496,0.9,34.4805
supply_quota,mid,endogenous,172,49406,0.7333,39.9736
supply_quota,mid,endogenous,173,902932,0.9,39.9681
supply_quota,mid,endogenous,174,114976,0.7333,38.2878
supply_quota,mid,endogenous,175,160266,0.9,33.6467
supply_quota,mid,endogenous,176,657925,0.5,34.354
supply_quota,mid,endogenous,177,167754,0.9667,51.7795
supply_quota,mid,endogenous,178,830556,0.9333,47.9661
supply_quota,mid,endogenous,179,713537,0.6667,27.7638
supply_quota,mid,endogenous,180,442667,0.8333,43.983
supply_quota,mid,endogenous,181,625381,0.6667,43.267
supply_quota,mid,endogenous,182,66614,0.5667,39.0072
supply_quota,mid,endogenous,183,403458,0.9,40.2877
supply_quota,mid,endogenous,184,400157,1.0,46.2239
supply_quota,mid,endogenous,185,624835,0.7333,36.5038
supply_quota,mid,endogenous,186,490786,0.6333,38.3866
supply_quota,mid,endogenous,187,554817,0.5667,40.0342
supply_quota,mid,endogenous,188,263627,0.8,37.7091
supply_quota,mid,endogenous,189,580100,0.4667,24.769
supply_quota,mid,endogenous,190,902593,0.8,32.9142
supply_quota,mid,endogenous,191,988211,0.6,38.5202
supply_quota,mid,endogenous,192,12039,0.8667,44.1073
supply_quota,mid,endogenous,193,713329,1.0,48.5817
supply_quota,mid,endogenous,194,755732,0.7,39.8468
supply_quota,mid,endogenous,195,120117,0.7333,40.67
supply_quota,mid,endogenous,196,714826,0.6,35.697
supply_quota,mid,endogenous,197,927768,0.3667,32.9183
supply_quota,mid,endogenous,198,563055,0.3333,25.7756
supply_quota,mid,endogenous,199,787353,0.6,25.1581
supply_quota,mid,exogenous,0,670488,1.0,40.8814
supply_quota,mid,exogenous,1,116740,1.0,36.8102
supply_quota,mid,exogenous,2,26226,1.0,33.2058
supply_quota,mid,exogenous,3,777573,1.0,42.2381
supply_quota,mid,exogenous,4,288390,1.0,31.698
supply_quota,mid,exogenous,5,256788,1.0,56.6809
supply_quota,mid,exogenous,6,234054,1.0,50.1034
supply_quota,mid,exogenous,7,146317,1.0,44.4424
supply_quota,mid,exogenous,8,772247,1.0,45.5869
supply_quota,mid,exogenous,9,107474,1.0,54.2649
supply_quota,mid,exogenous,10,709571,1.0,50.5846
supply_quota,mid,exogenous,11,776647,1.0,51.7266
supply_quota,mid,exogenous,12,935519,1.0,49.7511
supply_quota,mid,exogenous,13,571859,1.0,44.6656
supply_quota,mid,exogenous,14,91162,1.0,42.5985
supply_quota,mid,exogenous,15,619177,1.0,33.6476
supply_quota,mid,exogenous,16,442418,1.0,34.8593
supply_quota,mid,exogenous,17,33327,1.0,57.528
supply_quota,mid,exogenous,18,31245,1.0,45.3392
supply_quota,mid,exogenous,19,98247,1.0,44.1802
supply_quota,mid,exogenous,20,229259,1.0,46.2752
supply_quota,mid,exogenous,21,243963,1.0,60.0635
supply_quota,mid,exogenous,22,529904,1.0,52.9902
supply_quota,mid,exogenous,23,631263,1.0,49.9353
supply_quota,mid,exogenous,24,27825,1.0,36.6696
supply_quota,mid,exogenous,25,588509,1.0,48.3985
supply_quota,mid,exogenous,26,208497,1.0,42.8893
supply_quota,mid,exogenous,27,750801,1.0,32.8843
supply_quota,mid,exogenous,28,681454,1.0,46.9033
supply_quota,mid,exogenous,29,735393,1.0,45.7246
supply_quota,mid,exogenous,30,571413,1.0,53.382
supply_quota,mid,exogenous,31,439899,1.0,55.4772
supply_quota,mid,exogenous,32,231149,1.0,32.9895
supply_quota,mid,exogenous,33,471030,1.0,40.2084
supply_quota,mid,exogenous,34,617890,1.0,53.9202
supply_quota,mid,exogenous,35,291705,1.0,55.3401
supply_quota,mid,exogenous,36,848750,1.0,41.9636
supply_quota,mid,exogenous,37,911528,1.0,44.1242
supply_quota,mid,exogenous,38,6815,1.0,41.5737
supply_quota,mid,exogenous,39,795668,1.0,48.5433
supply_quota,mid,exogenous,40,844963,1.0,47.4159
supply_quota,mid,exogenous,41,167415,1.0,50.9503
supply_quota,mid,exogenous,42,732053,1.0,47.7208
supply_quota,mid,exogenous,43,443144,1.0,32.1972
supply_quota,mid,exogenous,44,356779,1.0,30.9784
supply_quota,mid,exogenous,45,291370,1.0,38.5064
supply_quota,mid,exogenous,46,163033,1.0,44.6959
supply_quota,mid,exogenous,47,225773,1.0,48.1822
supply_quota,mid,exogenous,48,800582,1.0,40.9687
supply_quota,mid,exogenous,49,352945,1.0,57.858
supply_quota,mid,exogenous,50,107176,1.0,42.6451
supply_quota,mid,exogenous,51,97252,1.0,44.0348
supply_quota,mid,exogenous,52,398383,1.0,39.6835
supply_quota,mid,exogenous,53,101415,1.0,41.0684
supply_quota,mid,exogenous,54,376418,1.0,54.8655
supply_quota,mid,exogenous,55,888663,1.0,51.1381
supply_quota,mid,exogenous,56,360664,1.0,34.2707
supply_quota,mid,exogenous,57,633053,1.0,35.757
supply_quota,mid,exogenous,58,277371,1.0,45.8722
supply_quota,mid,exogenous,59,846336,1.0,49.1396
supply_quota,mid,exogenous,60,45562,1.0,47.0804
supply_quota,mid,exogenous,61,765180,1.0,44.7309
supply_quota,mid,exogenous,62,481742,1.0,41.7117
supply_quota,mid,exogenous,63,562276,1.0,41.1455
supply_quota,mid,exogenous,64,130890,1.0,42.4385
supply_quota,mid,exogenous,65,967097,1.0,49.0798
supply_quota,mid,exogenous,66,396923,1.0,37.4683
supply_quota,mid,exogenous,67,82628,1.0,48.3411
supply_quota,mid,exogenous,68,578857,1.0,31.168
supply_quota,mid,exogenous,69,307420,1.0,41.9789
supply_quota,mid,exogenous,70,869694,1.0,44.9001
supply_quota,mid,exogenous,71,659177,1.0,34.9422
supply_quota,mid,exogenous,72,648565,1.0,46.1348
supply_quota,mid,exogenous,73,928464,1.0,48.8784
supply_quota,mid,exogenous,74,903566,1.0,55.1884
supply_quota,mid,exogenous,75,379202,1.0,53.3094
supply_quota,mid,exogenous,76,605398,1.0,41.5621
supply_quota,mid,exogenous,77,201630,1.0,32.596
supply_quota,mid,exogenous,78,738798,1.0,31.7393
supply_quota,mid,exogenous,79,72934,1.0,53.69
supply_quota,mid,exogenous,80,48051,1.0,45.7472
supply_quota,mid,exogenous,81,693385,1.0,32.4852
supply_quota,mid,exogenous,82,238969,1.0,52.255
supply_quota,mid,exogenous,83,810621,1.0,50.1174
supply_quota,mid,exogenous,84,303446,1.0,45.0853
supply_quota,mid,exogenous,85,83668,1.0,48.0474
supply_quota,mid,exogenous,86,896866,1.0,32.1532
supply_quota,mid,exogenous,87,244099,1.0,42.0784
supply_quota,mid,exogenous,88,908574,1.0,53.1023
supply_quota,mid,exogenous,89,105908,1.0,48.0443
supply_quota,mid,exogenous,90,398592,1.0,49.5467
supply_quota,mid,exogenous,91,291477,1.0,46.5626
supply_quota,mid,exogenous,92,475436,1.0,45.7238
supply_quota,mid,exogenous,93,666564,1.0,39.9202
supply_quota,mid,exogenous,94,874629,1.0,58.2662
supply_quota,mid,exogenous,95,382555,1.0,53.9963
supply_quota,mid,exogenous,96,170556,1.0,47.3846
supply_quota,mid,exogenous,97,388163,1.0,41.1732
supply_quota,mid,exogenous,98,372529,1.0,48.8973
supply_quota,mid,exogenous,99,219685,1.0,45.0811
supply_quota,mid,exogenous,100,702730,1.0,52.8336
supply_quota,mid,exogenous,101,279947,1.0,43.471
supply_quota,mid,exogenous,102,735912,1.0,42.8184
supply_quota,mid,exogenous,103,982154,1.0,54.3722
supply_quota,mid,exogenous,104,716752,1.0,38.174
supply_quota,mid,exogenous,105,679515,1.0,47.9141
supply_quota,mid,exogenous,106,74871,1.0,54.3898
supply_quota,mid,exogenous,107,638721,1.0,51.7452
supply_quota,mid,exogenous,108,665823,1.0,35.2647
supply_quota,mid,exogenous,109,179452,1.0,49.006
supply_quota,mid,exogenous,110,560087,1.0,50.5659
supply_quota,mid,exogenous,111,764545,1.0,32.0747
supply_quota,mid,exogenous,112,256703,1.0,36.6804
supply_quota,mid,exogenous,113,171340,1.0,42.688
supply_quota,mid,exogenous,114,484715,1.0,46.8772
supply_quota,mid,exogenous,115,397888,1.0,56.3144
supply_quota,mid,exogenous,116,283061,1.0,44.6368
supply_quota,mid,exogenous,117,970343,1.0,45.1646
supply_quota,mid,exogenous,118,671089,1.0,38.7788
supply_quota,mid,exogenous,119,721591,1.0,41.9808
supply_quota,mid,exogenous,120,584005,1.0,42.404
supply_quota,mid,exogenous,121,230284,1.0,50.3711
supply_quota,mid,exogenous,122,717871,1.0,50.4895
supply_quota,mid,exogenous,123,340036,1.0,42.5632
supply_quota,mid,exogenous,124,883795,1.0,38.8008
supply_quota,mid,exogenous,125,805636,1.0,47.3674
supply_quota,mid,exogenous,126,813695,1.0,48.1064
supply_quota,mid,exogenous,127,58656,1.0,44.7102
supply_quota,mid,exogenous,128,240175,1.0,51.1359
supply_quota,mid,exogenous,129,861723,1.0,37.6003
supply_quota,mid,exogenous,130,33660,1.0,38.3394
supply_quota,mid,exogenous,131,844152,1.0,38.9913
supply_quota,mid,exogenous,132,330777,1.0,43.4409
supply_quota,mid,exogenous,133,420652,1.0,53.528
supply_quota,mid,exogenous,134,280747,1.0,43.0147
supply_quota,mid,exogenous,135,69404,1.0,49.0986
supply_quota,mid,exogenous,136,221232,1.0,38.9312
supply_quota,mid,exogenous,137,957493,1.0,49.1577
supply_quota,mid,exogenous,138,988713,1.0,52.8151
supply_quota,mid,exogenous,139,594732,1.0,41.7035
supply_quota,mid,exogenous,140,918939,1.0,48.2862
supply_quota,mid,exogenous,141,752788,1.0,38.7202
supply_quota,mid,exogenous,142,329964,1.0,36.1857
supply_quota,mid,exogenous,143,222956,1.0,45.3935
supply_quota,mid,exogenous,144,687278,1.0,42.7246
supply_quota,mid,exogenous,145,523482,1.0,49.116
supply_quota,mid,exogenous,146,414851,1.0,35.8578
supply_quota,mid,exogenous,147,927658,1.0,43.7139
supply_quota,mid,exogenous,148,958973,1.0,45.8537
supply_quota,mid,exogenous,149,674080,1.0,39.7754
supply_quota,mid,exogenous,150,481142,1.0,45.061
supply_quota,mid,exogenous,151,149812,1.0,35.523
supply_quota,mid,exogenous,152,277747,1.0,36.9948
supply_quota,mid,exogenous,153,146414,1.0,47.7625
supply_quota,mid,exogenous,154,258608,1.0,38.8298
supply_quota,mid,exogenous,155,781178,1.0,28.6138
supply_quota,mid,exogenous,156,588638,1.0,44.5022
supply_quota,mid,exogenous,157,565159,1.0,41.7824
supply_quota,mid,exogenous,158,275505,1.0,47.9384
supply_quota,mid,exogenous,159,783301,1.0,45.231
supply_quota,mid,exogenous,160,612983,1.0,33.3864
supply_quota,mid,exogenous,161,449246,1.0,41.9356
supply_quota,mid,exogenous,162,941436,1.0,40.0255
supply_quota,mid,exogenous,163,611879,1.0,39.3869
supply_quota,mid,exogenous,164,418802,1.0,49.1547
supply_quota,mid,exogenous,165,379581,1.0,41.6648
supply_quota,mid,exogenous,166,229975,1.0,50.5695
supply_quota,mid,exogenous,167,145052,1.0,43.2803
supply_quota,mid,exogenous,168,534278,1.0,48.2895
supply_quota,mid,exogenous,169,517489,1.0,61.4861
supply_quota,mid,exogenous,170,95326,1.0,42.1605
supply_quota,mid,exogenous,171,792496,1.0,34.8984
supply_quota,mid,exogenous,172,49406,1.0,47.6557
supply_quota,mid,exogenous,173,902932,1.0,41.5189
supply_quota,mid,exogenous,174,114976,1.0,45.9708
supply_quota,mid,exogenous,175,160266,1.0,34.0295
supply_quota,mid,exogenous,176,657925,1.0,51.6186
supply_quota,mid,exogenous,177,167754,1.0,54.1137
supply_quota,mid,exogenous,178,830556,1.0,49.7796
supply_quota,mid,exogenous,179,713537,1.0,35.9637
supply_quota,mid,exogenous,180,442667,1.0,48.4128
supply_quota,mid,exogenous,181,625381,1.0,48.1274
supply_quota,mid,exogenous,182,66614,1.0,42.4083
supply_quota,mid,exogenous,183,403458,1.0,38.9702
supply_quota,mid,exogenous,184,400157,1.0,47.5468
supply_quota,mid,exogenous,185,624835,1.0,42.2361
supply_quota,mid,exogenous,186,490786,1.0,45.7642
supply_quota,mid,exogenous,187,554817,1.0,51.5098
supply_quota,mid,exogenous,188,263627,1.0,43.0491
supply_quota,mid,exogenous,189,580100,1.0,47.4328
supply_quota,mid,exogenous,190,902593,1.0,34.2387
supply_quota,mid,exogenous,191,988211,1.0,41.2284
supply_quota,mid,exogenous,192,12039,1.0,47.6926
supply_quota,mid,exogenous,193,713329,1.0,47.4763
supply_quota,mid,exogenous,194,755732,1.0,49.8916
supply_quota,mid,exogenous,195,120117,1.0,46.0884
supply_quota,mid,exogenous,196,714826,1.0,45.508
supply_quota,mid,exogenous,197,927768,1.0,49.0588
supply_quota,mid,exogenous,198,563055,1.0,43.6866
supply_quota,mid,exogenous,199,787353,1.0,29.0429
producer_signal,mid,endogenous,0,670488,0.3667,34.0093
producer_signal,mid,endogenous,1,116740,0.9,41.4147
producer_signal,mid,endogenous,2,26226,0.4667,26.413
producer_signal,mid,endogenous,3,777573,0.9,41.4261
producer_signal,mid,endogenous,4,288390,0.7333,35.2236
producer_signal,mid,endogenous,5,256788,0.7667,49.9402
producer_signal,mid,endogenous,6,234054,0.5667,30.6506
producer_signal,mid,endogenous,7,146317,0.8333,40.1284
producer_signal,mid,endogenous,8,772247,0.6667,40.1073
producer_signal,mid,endogenous,9,107474,0.9667,57.8724
producer_signal,mid,endogenous,10,709571,0.6333,47.7217
producer_signal,mid,endogenous,11,776647,0.9,50.4174
producer_signal,mid,endogenous,12,935519,0.8333,44.1803
producer_signal,mid,endogenous,13,571859,0.8333,44.4355
producer_signal,mid,endogenous,14,91162,0.5333,29.9576
producer_signal,mid,endogenous,15,619177,0.6667,36.2556
producer_signal,mid,endogenous,16,442418,0.9667,37.5728
producer_signal,mid,endogenous,17,33327,0.9,63.6151
producer_signal,mid,endogenous,18,31245,0.9,49.3452
producer_signal,mid,endogenous,19,98247,0.9333,46.343
producer_signal,mid,endogenous,20,229259,0.9667,55.8823
producer_signal,mid,endogenous,21,243963,0.7333,51.2566
producer_signal,mid,endogenous,22,529904,0.8,53.0456
producer_signal,mid,endogenous,23,631263,0.6667,46.7081
producer_signal,mid,endogenous,24,27825,0.5667,34.7616
producer_signal,mid,endogenous,25,588509,0.7333,41.8086
producer_signal,mid,endogenous,26,208497,0.7,39.1756
producer_signal,mid,endogenous,27,750801,0.8,40.2416
producer_signal,mid,endogenous,28,681454,0.5,43.6827
producer_signal,mid,endogenous,29,735393,0.3,31.842
producer_signal,mid,endogenous,30,571413,0.5333,42.3123
producer_signal,mid,endogenous,31,439899,0.7333,53.5814
producer_signal,mid,endogenous,32,231149,0.7,25.9549
producer_signal,mid,endogenous,33,471030,0.7,40.249
producer_signal,mid,endogenous,34,617890,0.9667,47.9418
producer_signal,mid,endogenous,35,291705,0.4667,45.1446
producer_signal,mid,endogenous,36,848750,0.8667,42.3389
producer_signal,mid,endogenous,37,911528,0.8,41.4016
producer_signal,mid,endogenous,38,6815,0.8,44.9346
producer_signal,mid,endogenous,39,795668,0.8333,42.3062
producer_signal,mid,endogenous,40,844963,0.5667,41.502
producer_signal,mid,endogenous,41,167415,0.9667,52.2319
producer_signal,mid,endogenous,42,732053,0.7667,48.6466
producer_signal,mid,endogenous,43,443144,0.6333,33.0462
producer_signal,mid,endogenous,44,356779,0.7,25.9457
producer_signal,mid,endogenous,45,291370,0.7667,42.2822
producer_signal,mid,endogenous,46,163033,0.5333,40.8406
producer_signal,mid,endogenous,47,225773,0.7,39.6821
producer_signal,mid,endogenous,48,800582,0.7333,36.546
producer_signal,mid,endogenous,49,352945,0.7333,51.7455
producer_signal,mid,endogenous,50,107176,0.8,42.3337
producer_signal,mid,endogenous,51,97252,0.9,40.7665
producer_signal,mid,endogenous,52,398383,0.7333,42.0026
producer_signal,mid,endogenous,53,101415,0.9667,40.6823
producer_signal,mid,endogenous,54,376418,0.7,46.9144
producer_signal,mid,endogenous,55,888663,0.5,34.9287
producer_signal,mid,endogenous,56,360664,0.9667,40.8443
producer_signal,mid,endogenous,57,633053,0.8667,32.6948
producer_signal,mid,endogenous,58,277371,0.8667,38.2468
producer_signal,mid,endogenous,59,846336,0.9,49.6708
producer_signal,mid,endogenous,60,45562,0.8667,49.408
producer_signal,mid,endogenous,61,765180,0.4333,27.623
producer_signal,mid,endogenous,62,481742,0.7667,43.2744
producer_signal,mid,endogenous,63,562276,0.8667,36.0757
producer_signal,mid,endogenous,64,130890,0.5667,42.8667
producer_signal,mid,endogenous,65,967097,0.6667,45.6282
producer_signal,mid,endogenous,66,396923,0.5333,29.7761
producer_signal,mid,endogenous,67,82628,0.8667,40.3974
producer_signal,mid,endogenous,68,578857,0.8,37.4961
producer_signal,mid,endogenous,69,307420,0.6,42.8131
producer_signal,mid,endogenous,70,869694,0.7,41.0204
producer_signal,mid,endogenous,71,659177,0.4667,33.751
producer_signal,mid,endogenous,72,648565,0.5667,36.7597
producer_signal,mid,endogenous,73,928464,0.6,38.9658
producer_signal,mid,endogenous,74,903566,0.9667,55.2898
producer_signal,mid,endogenous,75,379202,0.2333,34.3749
producer_signal,mid,endogenous,76,605398,0.8667,41.1561
producer_signal,mid,endogenous,77,201630,0.9333,37.062
producer_signal,mid,endogenous,78,738798,0.8,35.132
producer_signal,mid,endogenous,79,72934,0.7667,42.8954
producer_signal,mid,endogenous,80,48051,0.5333,40.9605
producer_signal,mid,endogenous,81,693385,0.8,34.9143
producer_signal,mid,endogenous,82,238969,0.8333,55.5299
producer_signal,mid,endogenous,83,810621,0.5333,33.7566
producer_signal,mid,endogenous,84,303446,0.7667,38.5822
producer_signal,mid,endogenous,85,83668,0.6,49.9464
producer_signal,mid,endogenous,86,896866,0.7333,35.115
producer_signal,mid,endogenous,87,244099,0.7667,42.111
producer_signal,mid,endogenous,88,908574,0.7667,38.9509
producer_signal,mid,endogenous,89,105908,0.7333,44.2351
producer_signal,mid,endogenous,90,398592,0.8333,46.3989
producer_signal,mid,endogenous,91,291477,0.9,43.1557
producer_signal,mid,endogenous,92,475436,0.6,38.9205
producer_signal,mid,endogenous,93,666564,0.9333,52.7878
producer_signal,mid,endogenous,94,874629,0.7,51.1084
producer_signal,mid,endogenous,95,382555,0.8,39.6869
producer_signal,mid,endogenous,96,170556,0.7,42.1394
producer_signal,mid,endogenous,97,388163,0.8,36.4128
producer_signal,mid,endogenous,98,372529,0.5667,47.7553
producer_signal,mid,endogenous,99,219685,0.9333,39.5877
producer_signal,mid,endogenous,100,702730,0.5333,39.5351
producer_signal,mid,endogenous,101,279947,0.5333,31.7929
producer_signal,mid,endogenous,102,735912,0.6,33.1511
producer_signal,mid,endogenous,103,982154,0.6667,47.8363
producer_signal,mid,endogenous,104,716752,0.7,40.5586
producer_signal,mid,endogenous,105,679515,0.5,33.2099
producer_signal,mid,endogenous,106,74871,0.8667,51.8605
producer_signal,mid,endogenous,107,638721,0.9333,52.9086
producer_signal,mid,endogenous,108,665823,0.9,38.3271
producer_signal,mid,endogenous,109,179452,0.3333,35.2462
producer_signal,mid,endogenous,110,560087,0.4667,38.0878
producer_signal,mid,endogenous,111,764545,0.9333,32.2071
producer_signal,mid,endogenous,112,256703,0.9333,43.9887
producer_signal,mid,endogenous,113,171340,0.6333,38.9
producer_signal,mid,endogenous,114,484715,0.6333,41.8522
producer_signal,mid,endogenous,115,397888,0.7667,41.9961
producer_signal,mid,endogenous,116,283061,0.4333,35.057
producer_signal,mid,endogenous,117,970343,0.5667,40.1674
producer_signal,mid,endogenous,118,671089,0.5667,31.3427
producer_signal,mid,endogenous,119,721591,0.3,35.0758
producer_signal,mid,endogenous,120,584005,0.8,44.4648
producer_signal,mid,endogenous,121,230284,0.5667,28.9212
producer_signal,mid,endogenous,122,717871,0.6333,41.4622
producer_signal,mid,endogenous,123,340036,0.7667,41.9821
producer_signal,mid,endogenous,124,883795,0.8333,44.7152
producer_signal,mid,endogenous,125,805636,0.9333,53.3874
producer_signal,mid,endogenous,126,813695,0.6333,40.7211
producer_signal,mid,endogenous,127,58656,0.2333,31.2521
producer_signal,mid,endogenous,128,240175,0.4667,41.9061
producer_signal,mid,endogenous,129,861723,0.6333,38.481
producer_signal,mid,endogenous,130,33660,0.9333,48.221
producer_signal,mid,endogenous,131,844152,0.7,38.0833
producer_signal,mid,endogenous,132,330777,0.5333,37.8524
producer_signal,mid,endogenous,133,420652,0.5333,43.8761
producer_signal,mid,endogenous,134,280747,0.8333,49.318
producer_signal,mid,endogenous,135,69404,0.8333,52.9049
producer_signal,mid,endogenous,136,221232,0.7667,37.5206
producer_signal,mid,endogenous,137,957493,0.5667,33.2817
producer_signal,mid,endogenous,138,988713,0.8333,44.0468
producer_signal,mid,endogenous,139,594732,0.9667,52.613
producer_signal,mid,endogenous,140,918939,0.6667,45.3197
producer_signal,mid,endogenous,141,752788,0.8667,52.8533
producer_signal,mid,endogenous,142,329964,0.8,36.8802
producer_signal,mid,endogenous,143,222956,0.7333,45.1662
producer_signal,mid,endogenous,144,687278,0.5667,36.1773
producer_signal,mid,endogenous,145,523482,0.9333,45.2178
producer_signal,mid,endogenous,146,414851,0.4,29.7245
producer_signal,mid,endogenous,147,927658,0.7667,32.905
producer_signal,mid,endogenous,148,958973,0.9667,45.1621
producer_signal,mid,endogenous,149,674080,0.8333,47.345
producer_signal,mid,endogenous,150,481142,0.8,44.9103
producer_signal,mid,endogenous,151,149812,0.9667,41.4944
producer_signal,mid,endogenous,152,277747,0.4,30.5778
producer_signal,mid,endogenous,153,146414,0.6,35.7588
producer_signal,mid,endogenous,154,258608,1.0,53.4078
producer_signal,mid,endogenous,155,781178,0.8667,34.8179
producer_signal,mid,endogenous,156,588638,0.9,54.7217
producer_signal,mid,endogenous,157,565159,0.8333,44.4721
producer_signal,mid,endogenous,158,275505,0.8333,51.3503
producer_signal,mid,endogenous,159,783301,0.6,42.476
producer_signal,mid,endogenous,160,612983,0.8333,42.7287
producer_signal,mid,endogenous,161,449246,0.8667,53.2525
producer_signal,mid,endogenous,162,941436,0.7333,37.1219
producer_signal,mid,endogenous,163,611879,0.8,42.5559
producer_signal,mid,endogenous,164,418802,0.7333,42.0744
producer_signal,mid,endogenous,165,379581,0.7667,44.4536
producer_signal,mid,endogenous,166,229975,0.9333,55.8754
producer_signal,mid,endogenous,167,145052,0.9,38.9338
producer_signal,mid,endogenous,168,534278,0.8667,47.4177
producer_signal,mid,endogenous,169,517489,0.7,52.0298
producer_signal,mid,endogenous,170,95326,0.6667,43.0772
producer_signal,mid,endogenous,171,792496,0.9,33.3949
producer_signal,mid,endogenous,172,49406,0.7333,41.0622
producer_signal,mid,endogenous,173,902932,0.9,39.8573
producer_signal,mid,endogenous,174,114976,0.7333,39.0387
producer_signal,mid,endogenous,175,160266,0.9,45.5381
producer_signal,mid,endogenous,176,657925,0.5,36.9253
producer_signal,mid,endogenous,177,167754,0.9667,51.3367
producer_signal,mid,endogenous,178,830556,0.9333,50.6445
producer_signal,mid,endogenous,179,713537,0.6667,32.0483
producer_signal,mid,endogenous,180,442667,0.8333,46.9438
producer_signal,mid,endogenous,181,625381,0.6667,41.3192
producer_signal,mid,endogenous,182,66614,0.5667,41.8488
producer_signal,mid,endogenous,183,403458,0.9,42.47
producer_signal,mid,endogenous,184,400157,1.0,42.0029
producer_signal,mid,endogenous,185,624835,0.7333,40.3919
producer_signal,mid,endogenous,186,490786,0.6333,38.4603
producer_signal,mid,endogenous,187,554817,0.5667,41.6876
producer_signal,mid,endogenous,188,263627,0.8,41.5976
producer_signal,mid,endogenous,189,580100,0.4667,23.1382
producer_signal,mid,endogenous,190,902593,0.8,41.608
producer_signal,mid,endogenous,191,988211,0.6,44.3729
producer_signal,mid,endogenous,192,12039,0.8667,43.7206
producer_signal,mid,endogenous,193,713329,1.0,52.8968
producer_signal,mid,endogenous,194,755732,0.7,45.5448
producer_signal,mid,endogenous,195,120117,0.7333,43.1874
producer_signal,mid,endogenous,196,714826,0.6,40.179
producer_signal,mid,endogenous,197,927768,0.3667,35.8059
producer_signal,mid,endogenous,198,563055,0.3333,29.515
producer_signal,mid,endogenous,199,787353,0.6,31.7865
producer_signal,mid,exogenous,0,670488,1.0,46.1126
producer_signal,mid,exogenous,1,116740,1.0,43.2919
producer_signal,mid,exogenous,2,26226,1.0,37.9362
producer_signal,mid,exogenous,3,777573,1.0,44.009
producer_signal,mid,exogenous,4,288390,1.0,38.7052
producer_signal,mid,exogenous,5,256788,1.0,60.3996
producer_signal,mid,exogenous,6,234054,1.0,43.2488
producer_signal,mid,exogenous,7,146317,1.0,45.4187
producer_signal,mid,exogenous,8,772247,1.0,46.5662
producer_signal,mid,exogenous,9,107474,1.0,57.4396
producer_signal,mid,exogenous,10,709571,1.0,61.9848
producer_signal,mid,exogenous,11,776647,1.0,52.7831
producer_signal,mid,exogenous,12,935519,1.0,48.2607
producer_signal,mid,exogenous,13,571859,1.0,50.4585
producer_signal,mid,exogenous,14,91162,1.0,48.8769
producer_signal,mid,exogenous,15,619177,1.0,37.687
producer_signal,mid,exogenous,16,442418,1.0,36.7587
producer_signal,mid,exogenous,17,33327,1.0,66.7563
producer_signal,mid,exogenous,18,31245,1.0,51.009
producer_signal,mid,exogenous,19,98247,1.0,48.9277
producer_signal,mid,exogenous,20,229259,1.0,57.1005
producer_signal,mid,exogenous,21,243963,1.0,54.8131
producer_signal,mid,exogenous,22,529904,1.0,59.4193
producer_signal,mid,exogenous,23,631263,1.0,54.2699
producer_signal,mid,exogenous,24,27825,1.0,43.8542
producer_signal,mid,exogenous,25,588509,1.0,45.5946
producer_signal,mid,exogenous,26,208497,1.0,42.82
producer_signal,mid,exogenous,27,750801,1.0,44.6924
producer_signal,mid,exogenous,28,681454,1.0,52.1111
producer_signal,mid,exogenous,29,735393,1.0,46.6003
producer_signal,mid,exogenous,30,571413,1.0,51.3627
producer_signal,mid,exogenous,31,439899,1.0,57.766
producer_signal,mid,exogenous,32,231149,1.0,31.5366
producer_signal,mid,exogenous,33,471030,1.0,47.5579
producer_signal,mid,exogenous,34,617890,1.0,50.4122
producer_signal,mid,exogenous,35,291705,1.0,63.9903
producer_signal,mid,exogenous,36,848750,1.0,46.2748
producer_signal,mid,exogenous,37,911528,1.0,47.1879
producer_signal,mid,exogenous,38,6815,1.0,48.4465
producer_signal,mid,exogenous,39,795668,1.0,47.0199
producer_signal,mid,exogenous,40,844963,1.0,50.5695
producer_signal,mid,exogenous,41,167415,1.0,52.7503
producer_signal,mid,exogenous,42,732053,1.0,53.3159
producer_signal,mid,exogenous,43,443144,1.0,44.2041
producer_signal,mid,exogenous,44,356779,1.0,33.0092
producer_signal,mid,exogenous,45,291370,1.0,43.2055
producer_signal,mid,exogenous,46,163033,1.0,56.0442
producer_signal,mid,exogenous,47,225773,1.0,42.4156
producer_signal,mid,exogenous,48,800582,1.0,48.1336
producer_signal,mid,exogenous,49,352945,1.0,53.9649
producer_signal,mid,exogenous,50,107176,1.0,47.3528
producer_signal,mid,exogenous,51,97252,1.0,41.8822
producer_signal,mid,exogenous,52,398383,1.0,48.241
producer_signal,mid,exogenous,53,101415,1.0,40.5881
producer_signal,mid,exogenous,54,376418,1.0,56.3656
producer_signal,mid,exogenous,55,888663,1.0,54.5044
producer_signal,mid,exogenous,56,360664,1.0,40.369
producer_signal,mid,exogenous,57,633053,1.0,36.5669
producer_signal,mid,exogenous,58,277371,1.0,41.9149
producer_signal,mid,exogenous,59,846336,1.0,53.7936
producer_signal,mid,exogenous,60,45562,1.0,51.7885
producer_signal,mid,exogenous,61,765180,1.0,42.105
producer_signal,mid,exogenous,62,481742,1.0,46.825
producer_signal,mid,exogenous,63,562276,1.0,39.3167
producer_signal,mid,exogenous,64,130890,1.0,51.8801
producer_signal,mid,exogenous,65,967097,1.0,51.5821
producer_signal,mid,exogenous,66,396923,1.0,39.7244
producer_signal,mid,exogenous,67,82628,1.0,43.7175
producer_signal,mid,exogenous,68,578857,1.0,42.2453
producer_signal,mid,exogenous,69,307420,1.0,45.3462
producer_signal,mid,exogenous,70,869694,1.0,50.3723
producer_signal,mid,exogenous,71,659177,1.0,40.9428
producer_signal,mid,exogenous,72,648565,1.0,48.0398
producer_signal,mid,exogenous,73,928464,1.0,45.504
producer_signal,mid,exogenous,74,903566,1.0,56.1408
producer_signal,mid,exogenous,75,379202,1.0,58.6595
producer_signal,mid,exogenous,76,605398,1.0,41.3002
producer_signal,mid,exogenous,77,201630,1.0,37.9396
producer_signal,mid,exogenous,78,738798,1.0,38.4636
producer_signal,mid,exogenous,79,72934,1.0,46.5219
producer_signal,mid,exogenous,80,48051,1.0,52.7476
producer_signal,mid,exogenous,81,693385,1.0,36.1145
producer_signal,mid,exogenous,82,238969,1.0,59.888
producer_signal,mid,exogenous,83,810621,1.0,46.7636
producer_signal,mid,exogenous,84,303446,1.0,47.2285
producer_signal,mid,exogenous,85,83668,1.0,55.6719
producer_signal,mid,exogenous,86,896866,1.0,36.8903
producer_signal,mid,exogenous,87,244099,1.0,45.374
producer_signal,mid,exogenous,88,908574,1.0,45.2024
producer_signal,mid,exogenous,89,105908,1.0,48.4901
producer_signal,mid,exogenous,90,398592,1.0,50.6717
producer_signal,mid,exogenous,91,291477,1.0,46.2044
producer_signal,mid,exogenous,92,475436,1.0,52.3717
producer_signal,mid,exogenous,93,666564,1.0,54.1193
producer_signal,mid,exogenous,94,874629,1.0,59.9173
producer_signal,mid,exogenous,95,382555,1.0,47.5063
producer_signal,mid,exogenous,96,170556,1.0,49.6457
producer_signal,mid,exogenous,97,388163,1.0,39.676
producer_signal,mid,exogenous,98,372529,1.0,52.3554
producer_signal,mid,exogenous,99,219685,1.0,41.3866
producer_signal,mid,exogenous,100,702730,1.0,47.7016
producer_signal,mid,exogenous,101,279947,1.0,44.1379
producer_signal,mid,exogenous,102,735912,1.0,44.1799
producer_signal,mid,exogenous,103,982154,1.0,55.9078
producer_signal,mid,exogenous,104,716752,1.0,48.1615
producer_signal,mid,exogenous,105,679515,1.0,45.9404
producer_signal,mid,exogenous,106,74871,1.0,56.6467
producer_signal,mid,exogenous,107,638721,1.0,55.6074
producer_signal,mid,exogenous,108,665823,1.0,40.6775
producer_signal,mid,exogenous,109,179452,1.0,46.6596
producer_signal,mid,exogenous,110,560087,1.0,57.4904
producer_signal,mid,exogenous,111,764545,1.0,34.5819
producer_signal,mid,exogenous,112,256703,1.0,45.633
producer_signal,mid,exogenous,113,171340,1.0,49.8225
producer_signal,mid,exogenous,114,484715,1.0,51.557
producer_signal,mid,exogenous,115,397888,1.0,51.4846
producer_signal,mid,exogenous,116,283061,1.0,52.6397
producer_signal,mid,exogenous,117,970343,1.0,46.5328
producer_signal,mid,exogenous,118,671089,1.0,45.6216
producer_signal,mid,exogenous,119,721591,1.0,42.5801
producer_signal,mid,exogenous,120,584005,1.0,51.2962
producer_signal,mid,exogenous,121,230284,1.0,41.0819
producer_signal,mid,exogenous,122,717871,1.0,55.0574
producer_signal,mid,exogenous,123,340036,1.0,42.3951
producer_signal,mid,exogenous,124,883795,1.0,46.3368
producer_signal,mid,exogenous,125,805636,1.0,54.5615
producer_signal,mid,exogenous,126,813695,1.0,48.7273
producer_signal,mid,exogenous,127,58656,1.0,49.3015
producer_signal,mid,exogenous,128,240175,1.0,52.3636
producer_signal,mid,exogenous,129,861723,1.0,45.2734
producer_signal,mid,exogenous,130,33660,1.0,50.6869
producer_signal,mid,exogenous,131,844152,1.0,49.4567
producer_signal,mid,exogenous,132,330777,1.0,45.9654
producer_signal,mid,exogenous,133,420652,1.0,53.6146
producer_signal,mid,exogenous,134,280747,1.0,49.6372
producer_signal,mid,exogenous,135,69404,1.0,56.3755
producer_signal,mid,exogenous,136,221232,1.0,44.2385
producer_signal,mid,exogenous,137,957493,1.0,48.3102
producer_signal,mid,exogenous,138,988713,1.0,49.5229
producer_signal,mid,exogenous,139,594732,1.0,52.7978
producer_signal,mid,exogenous,140,918939,1.0,55.2821
producer_signal,mid,exogenous,141,752788,1.0,54.5432
producer_signal,mid,exogenous,142,329964,1.0,40.2586
producer_signal,mid,exogenous,143,222956,1.0,55.364
producer_signal,mid,exogenous,144,687278,1.0,51.0845
producer_signal,mid,exogenous,145,523482,1.0,47.9681
producer_signal,mid,exogenous,146,414851,1.0,49.8213
producer_signal,mid,exogenous,147,927658,1.0,38.3792
producer_signal,mid,exogenous,148,958973,1.0,45.804
producer_signal,mid,exogenous,149,674080,1.0,50.8054
producer_signal,mid,exogenous,150,481142,1.0,49.0001
producer_signal,mid,exogenous,151,149812,1.0,42.1995
producer_signal,mid,exogenous,152,277747,1.0,40.332
producer_signal,mid,exogenous,153,146414,1.0,46.4898
producer_signal,mid,exogenous,154,258608,1.0,53.0135
producer_signal,mid,exogenous,155,781178,1.0,38.0281
producer_signal,mid,exogenous,156,588638,1.0,56.4704
producer_signal,mid,exogenous,157,565159,1.0,48.3617
producer_signal,mid,exogenous,158,275505,1.0,52.9923
producer_signal,mid,exogenous,159,783301,1.0,50.8062
producer_signal,mid,exogenous,160,612983,1.0,46.1917
producer_signal,mid,exogenous,161,449246,1.0,55.977
producer_signal,mid,exogenous,162,941436,1.0,42.5866
producer_signal,mid,exogenous,163,611879,1.0,47.9213
producer_signal,mid,exogenous,164,418802,1.0,52.4807
producer_signal,mid,exogenous,165,379581,1.0,47.1485
producer_signal,mid,exogenous,166,229975,1.0,58.9526
producer_signal,mid,exogenous,167,145052,1.0,40.9981
producer_signal,mid,exogenous,168,534278,1.0,49.9244
producer_signal,mid,exogenous,169,517489,1.0,58.5869
producer_signal,mid,exogenous,170,95326,1.0,50.4365
producer_signal,mid,exogenous,171,792496,1.0,33.7777
producer_signal,mid,exogenous,172,49406,1.0,48.5586
producer_signal,mid,exogenous,173,902932,1.0,40.5781
producer_signal,mid,exogenous,174,114976,1.0,47.8639
producer_signal,mid,exogenous,175,160266,1.0,45.7272
producer_signal,mid,exogenous,176,657925,1.0,56.2836
producer_signal,mid,exogenous,177,167754,1.0,53.4635
producer_signal,mid,exogenous,178,830556,1.0,52.4295
producer_signal,mid,exogenous,179,713537,1.0,42.4945
producer_signal,mid,exogenous,180,442667,1.0,50.8623
producer_signal,mid,exogenous,181,625381,1.0,45.7491
producer_signal,mid,exogenous,182,66614,1.0,45.5022
producer_signal,mid,exogenous,183,403458,1.0,42.3319
producer_signal,mid,exogenous,184,400157,1.0,43.5157
producer_signal,mid,exogenous,185,624835,1.0,45.8503
producer_signal,mid,exogenous,186,490786,1.0,46.1516
producer_signal,mid,exogenous,187,554817,1.0,55.0346
producer_signal,mid,exogenous,188,263627,1.0,47.0857
producer_signal,mid,exogenous,189,580100,1.0,46.1665
producer_signal,mid,exogenous,190,902593,1.0,43.6361
producer_signal,mid,exogenous,191,988211,1.0,48.0748
producer_signal,mid,exogenous,192,12039,1.0,48.2241
producer_signal,mid,exogenous,193,713329,1.0,51.484
producer_signal,mid,exogenous,194,755732,1.0,57.9942
producer_signal,mid,exogenous,195,120117,1.0,48.4162
producer_signal,mid,exogenous,196,714826,1.0,50.7297
producer_signal,mid,exogenous,197,927768,1.0,54.3191
producer_signal,mid,exogenous,198,563055,1.0,50.0895
producer_signal,mid,exogenous,199,787353,1.0,36.6654
cooperative,mid,endogenous,0,670488,0.5333,25.2005
cooperative,mid,endogenous,1,116740,0.8,36.8476
cooperative,mid,endogenous,2,26226,0.9,36.0947
cooperative,mid,endogenous,3,777573,0.9667,35.5734
cooperative,mid,endogenous,4,288390,0.8333,41.9855
cooperative,mid,endogenous,5,256788,0.5,17.2923
cooperative,mid,endogenous,6,234054,0.5,21.0792
cooperative,mid,endogenous,7,146317,0.7667,37.2559
cooperative,mid,endogenous,8,772247,0.6667,33.7188
cooperative,mid,endogenous,9,107474,0.8,33.3477
cooperative,mid,endogenous,10,709571,0.6,34.9253
cooperative,mid,endogenous,11,776647,0.8333,34.7943
cooperative,mid,endogenous,12,935519,0.8,27.1125
cooperative,mid,endogenous,13,571859,0.8333,31.2376
cooperative,mid,endogenous,14,91162,0.4,15.6652
cooperative,mid,endogenous,15,619177,0.4333,21.8939
cooperative,mid,endogenous,16,442418,0.9667,32.1349
cooperative,mid,endogenous,17,33327,0.9,31.3186
cooperative,mid,endogenous,18,31245,0.9333,40.0445
cooperative,mid,endogenous,19,98247,0.9333,40.5369
cooperative,mid,endogenous,20,229259,0.9667,33.9707
cooperative,mid,endogenous,21,243963,0.7667,27.3608
cooperative,mid,endogenous,22,529904,0.6667,29.8816
cooperative,mid,endogenous,23,631263,0.4667,30.2579
cooperative,mid,endogenous,24,27825,0.8333,18.8598
cooperative,mid,endogenous,25,588509,0.8333,34.0923
cooperative,mid,endogenous,26,208497,0.6333,27.9958
cooperative,mid,endogenous,27,750801,0.7333,37.202
cooperative,mid,endogenous,28,681454,0.6667,36.5988
cooperative,mid,endogenous,29,735393,0.4667,24.9983
cooperative,mid,endogenous,30,571413,0.7,31.0374
cooperative,mid,endogenous,31,439899,0.6333,40.02
cooperative,mid,endogenous,32,231149,0.7,19.551
cooperative,mid,endogenous,33,471030,0.6,27.5433
cooperative,mid,endogenous,34,617890,0.9667,28.9638
cooperative,mid,endogenous,35,291705,0.4,32.3158
cooperative,mid,endogenous,36,848750,0.7,33.2694
cooperative,mid,endogenous,37,911528,0.7667,33.6907
cooperative,mid,endogenous,38,6815,0.7333,24.0245
cooperative,mid,endogenous,39,795668,0.8667,40.7485
cooperative,mid,endogenous,40,844963,0.8333,31.1494
cooperative,mid,endogenous,41,167415,0.8667,31.4955
cooperative,mid,endogenous,42,732053,0.8667,41.3261
cooperative,mid,endogenous,43,443144,0.6333,29.3709
cooperative,mid,endogenous,44,356779,0.8333,33.6947
cooperative,mid,endogenous,45,291370,0.7667,44.1612
cooperative,mid,endogenous,46,163033,0.6,28.8176
cooperative,mid,endogenous,47,225773,0.6667,35.0738
cooperative,mid,endogenous,48,800582,0.9333,43.6154
cooperative,mid,endogenous,49,352945,0.8,34.1966
cooperative,mid,endogenous,50,107176,0.8,38.9377
cooperative,mid,endogenous,51,97252,0.8,36.0279
cooperative,mid,endogenous,52,398383,0.7667,26.8743
cooperative,mid,endogenous,53,101415,0.9667,22.0225
cooperative,mid,endogenous,54,376418,0.7333,32.1545
cooperative,mid,endogenous,55,888663,0.5333,24.3406
cooperative,mid,endogenous,56,360664,0.9667,37.4706
cooperative,mid,endogenous,57,633053,0.3667,22.3663
cooperative,mid,endogenous,58,277371,0.8667,33.7098
cooperative,mid,endogenous,59,846336,0.9333,32.7159
cooperative,mid,endogenous,60,45562,0.8,28.0855
cooperative,mid,endogenous,61,765180,0.5333,23.954
cooperative,mid,endogenous,62,481742,0.6667,28.9655
cooperative,mid,endogenous,63,562276,0.7667,23.8373
cooperative,mid,endogenous,64,130890,0.7333,32.9832
cooperative,mid,endogenous,65,967097,0.7667,32.8398
cooperative,mid,endogenous,66,396923,0.5333,18.5073
cooperative,mid,endogenous,67,82628,0.9,42.78
cooperative,mid,endogenous,68,578857,0.8,32.6014
cooperative,mid,endogenous,69,307420,0.5,31.815
cooperative,mid,endogenous,70,869694,0.7,35.2048
cooperative,mid,endogenous,71,659177,0.6667,23.9786
cooperative,mid,endogenous,72,648565,0.6667,18.1959
cooperative,mid,endogenous,73,928464,0.6667,26.1718
cooperative,mid,endogenous,74,903566,0.9333,25.3083
cooperative,mid,endogenous,75,379202,0.4,23.969
cooperative,mid,endogenous,76,605398,0.9667,41.2439
cooperative,mid,endogenous,77,201630,0.9,27.057
cooperative,mid,endogenous,78,738798,0.6,24.3762
cooperative,mid,endogenous,79,72934,0.8,30.2584
cooperative,mid,endogenous,80,48051,0.5667,34.8806
cooperative,mid,endogenous,81,693385,0.8333,28.89
cooperative,mid,endogenous,82,238969,0.9,35.7159
cooperative,mid,endogenous,83,810621,0.5667,21.3777
cooperative,mid,endogenous,84,303446,0.5,31.8024
cooperative,mid,endogenous,85,83668,0.6,26.1922
cooperative,mid,endogenous,86,896866,0.7,38.8152
cooperative,mid,endogenous,87,244099,0.8667,39.0555
cooperative,mid,endogenous,88,908574,0.8667,29.2486
cooperative,mid,endogenous,89,105908,0.7667,31.9953
cooperative,mid,endogenous,90,398592,0.7667,29.3249
cooperative,mid,endogenous,91,291477,0.9667,38.0453
cooperative,mid,endogenous,92,475436,0.3667,18.8272
cooperative,mid,endogenous,93,666564,0.9333,46.5261
cooperative,mid,endogenous,94,874629,0.4333,26.6933
cooperative,mid,endogenous,95,382555,0.8,25.3164
cooperative,mid,endogenous,96,170556,0.7,30.5529
cooperative,mid,endogenous,97,388163,0.8,27.0293
cooperative,mid,endogenous,98,372529,0.5667,42.4427
cooperative,mid,endogenous,99,219685,0.9333,42.5189
cooperative,mid,endogenous,100,702730,0.7,30.6535
cooperative,mid,endogenous,101,279947,0.8,33.4921
cooperative,mid,endogenous,102,735912,0.6667,30.9124
cooperative,mid,endogenous,103,982154,0.8333,41.0033
cooperative,mid,endogenous,104,716752,0.5667,26.5977
cooperative,mid,endogenous,105,679515,0.5667,24.9182
cooperative,mid,endogenous,106,74871,0.9333,34.7269
cooperative,mid,endogenous,107,638721,0.9333,30.8577
cooperative,mid,endogenous,108,665823,0.8667,19.4968
cooperative,mid,endogenous,109,179452,0.5333,24.5251
cooperative,mid,endogenous,110,560087,0.2333,18.7232
cooperative,mid,endogenous,111,764545,0.9333,38.2887
cooperative,mid,endogenous,112,256703,0.9333,25.7847
cooperative,mid,endogenous,113,171340,0.5333,25.064
cooperative,mid,endogenous,114,484715,0.7,38.5761
cooperative,mid,endogenous,115,397888,0.5667,37.5749
cooperative,mid,endogenous,116,283061,0.4333,19.1945
cooperative,mid,endogenous,117,970343,0.3667,30.622
cooperative,mid,endogenous,118,671089,0.6333,30.4952
cooperative,mid,endogenous,119,721591,0.5,15.7643
cooperative,mid,endogenous,120,584005,0.5,23.1661
cooperative,mid,endogenous,121,230284,0.8333,25.8651
cooperative,mid,endogenous,122,717871,0.7333,34.4249
cooperative,mid,endogenous,123,340036,0.7333,31.9573
cooperative,mid,endogenous,124,883795,0.9333,35.7444
cooperative,mid,endogenous,125,805636,0.9333,30.8705
cooperative,mid,endogenous,126,813695,0.6,27.472
cooperative,mid,endogenous,127,58656,0.6333,22.3125
cooperative,mid,endogenous,128,240175,0.3667,18.961
cooperative,mid,endogenous,129,861723,0.5333,32.8383
cooperative,mid,endogenous,130,33660,0.8667,28.3905
cooperative,mid,endogenous,131,844152,0.6333,31.0501
cooperative,mid,endogenous,132,330777,0.8667,31.3446
cooperative,mid,endogenous,133,420652,0.4667,30.137
cooperative,mid,endogenous,134,280747,0.8,40.2842
cooperative,mid,endogenous,135,69404,0.8667,24.0345
cooperative,mid,endogenous,136,221232,0.6333,24.1473
cooperative,mid,endogenous,137,957493,0.4667,18.0574
cooperative,mid,endogenous,138,988713,0.8333,30.8371
cooperative,mid,endogenous,139,594732,0.9667,37.1533
cooperative,mid,endogenous,140,918939,0.8,37.2241
cooperative,mid,endogenous,141,752788,0.8667,36.4492
cooperative,mid,endogenous,142,329964,0.7667,24.5992
cooperative,mid,endogenous,143,222956,0.8333,39.2986
cooperative,mid,endogenous,144,687278,0.6333,27.2988
cooperative,mid,endogenous,145,523482,0.9333,26.467
cooperative,mid,endogenous,146,414851,0.7,20.1513
cooperative,mid,endogenous,147,927658,0.6333,26.268
cooperative,mid,endogenous,148,958973,0.9667,36.7817
cooperative,mid,endogenous,149,674080,0.5333,35.0296
cooperative,mid,endogenous,150,481142,0.7333,26.2059
cooperative,mid,endogenous,151,149812,0.9333,37.9544
cooperative,mid,endogenous,152,277747,0.7,33.6953
cooperative,mid,endogenous,153,146414,0.6,26.578
cooperative,mid,endogenous,154,258608,1.0,49.3697
cooperative,mid,endogenous,155,781178,0.9,36.2029
cooperative,mid,endogenous,156,588638,0.8,31.6559
cooperative,mid,endogenous,157,565159,0.9,24.4626
cooperative,mid,endogenous,158,275505,0.6333,33.0923
cooperative,mid,endogenous,159,783301,0.6,33.7858
cooperative,mid,endogenous,160,612983,0.8333,34.7344
cooperative,mid,endogenous,161,449246,0.8,37.741
cooperative,mid,endogenous,162,941436,0.5667,25.349
cooperative,mid,endogenous,163,611879,0.6333,30.0738
cooperative,mid,endogenous,164,418802,0.8667,32.6889
cooperative,mid,endogenous,165,379581,0.8333,40.752
cooperative,mid,endogenous,166,229975,0.7333,23.8361
cooperative,mid,endogenous,167,145052,0.8333,32.2033
cooperative,mid,endogenous,168,534278,0.8667,41.3545
cooperative,mid,endogenous,169,517489,0.4667,26.7832
cooperative,mid,endogenous,170,95326,0.6,29.5621
cooperative,mid,endogenous,171,792496,0.9,22.0683
cooperative,mid,endogenous,172,49406,0.6667,22.5145
cooperative,mid,endogenous,173,902932,0.9,36.7057
cooperative,mid,endogenous,174,114976,0.7333,25.2451
cooperative,mid,endogenous,175,160266,0.9333,32.4109
cooperative,mid,endogenous,176,657925,0.5667,25.6292
cooperative,mid,endogenous,177,167754,0.9667,37.0891
cooperative,mid,endogenous,178,830556,0.9,34.2859
cooperative,mid,endogenous,179,713537,0.6667,39.0787
cooperative,mid,endogenous,180,442667,0.7333,35.8951
cooperative,mid,endogenous,181,625381,0.7667,39.6775
cooperative,mid,endogenous,182,66614,0.8,38.1554
cooperative,mid,endogenous,183,403458,0.9,36.4944
cooperative,mid,endogenous,184,400157,1.0,37.3609
cooperative,mid,endogenous,185,624835,0.6667,26.902
cooperative,mid,endogenous,186,490786,0.6,29.0872
cooperative,mid,endogenous,187,554817,0.6,29.517
cooperative,mid,endogenous,188,263627,0.8333,32.2858
cooperative,mid,endogenous,189,580100,0.8667,28.3209
cooperative,mid,endogenous,190,902593,0.7667,34.7187
cooperative,mid,endogenous,191,988211,0.5,27.8291
cooperative,mid,endogenous,192,12039,0.9333,33.4545
cooperative,mid,endogenous,193,713329,1.0,37.2216
cooperative,mid,endogenous,194,755732,0.6,31.367
cooperative,mid,endogenous,195,120117,0.6333,36.3462
cooperative,mid,endogenous,196,714826,0.7333,22.8984
cooperative,mid,endogenous,197,927768,0.3667,27.292
cooperative,mid,endogenous,198,563055,0.6333,33.0737
cooperative,mid,endogenous,199,787353,0.8333,32.2558
cooperative,mid,exogenous,0,670488,1.0,34.9618
cooperative,mid,exogenous,1,116740,1.0,44.892
cooperative,mid,exogenous,2,26226,1.0,38.1541
cooperative,mid,exogenous,3,777573,1.0,35.6749
cooperative,mid,exogenous,4,288390,1.0,43.4978
cooperative,mid,exogenous,5,256788,1.0,27.6284
cooperative,mid,exogenous,6,234054,1.0,30.2843
cooperative,mid,exogenous,7,146317,1.0,41.681
cooperative,mid,exogenous,8,772247,1.0,40.1412
cooperative,mid,exogenous,9,107474,1.0,34.0315
cooperative,mid,exogenous,10,709571,1.0,44.9411
cooperative,mid,exogenous,11,776647,1.0,36.5235
cooperative,mid,exogenous,12,935519,1.0,29.0769
cooperative,mid,exogenous,13,571859,1.0,36.8188
cooperative,mid,exogenous,14,91162,1.0,29.7533
cooperative,mid,exogenous,15,619177,1.0,23.5167
cooperative,mid,exogenous,16,442418,1.0,33.8848
cooperative,mid,exogenous,17,33327,1.0,33.5746
cooperative,mid,exogenous,18,31245,1.0,42.5802
cooperative,mid,exogenous,19,98247,1.0,41.9375
cooperative,mid,exogenous,20,229259,1.0,35.1784
cooperative,mid,exogenous,21,243963,1.0,30.6241
cooperative,mid,exogenous,22,529904,1.0,34.9142
cooperative,mid,exogenous,23,631263,1.0,41.8673
cooperative,mid,exogenous,24,27825,1.0,19.7884
cooperative,mid,exogenous,25,588509,1.0,36.9915
cooperative,mid,exogenous,26,208497,1.0,29.5348
cooperative,mid,exogenous,27,750801,1.0,44.4031
cooperative,mid,exogenous,28,681454,1.0,41.1795
cooperative,mid,exogenous,29,735393,1.0,35.4206
cooperative,mid,exogenous,30,571413,1.0,32.4419
cooperative,mid,exogenous,31,439899,1.0,47.9569
cooperative,mid,exogenous,32,231149,1.0,22.2895
cooperative,mid,exogenous,33,471030,1.0,33.5551
cooperative,mid,exogenous,34,617890,1.0,30.425
cooperative,mid,exogenous,35,291705,1.0,50.9154
cooperative,mid,exogenous,36,848750,1.0,35.7253
cooperative,mid,exogenous,37,911528,1.0,35.4266
cooperative,mid,exogenous,38,6815,1.0,28.106
cooperative,mid,exogenous,39,795668,1.0,45.6005
cooperative,mid,exogenous,40,844963,1.0,33.6346
cooperative,mid,exogenous,41,167415,1.0,35.286
cooperative,mid,exogenous,42,732053,1.0,43.1163
cooperative,mid,exogenous,43,443144,1.0,34.3383
cooperative,mid,exogenous,44,356779,1.0,36.1094
cooperative,mid,exogenous,45,291370,1.0,45.0986
cooperative,mid,exogenous,46,163033,1.0,35.0488
cooperative,mid,exogenous,47,225773,1.0,37.0002
cooperative,mid,exogenous,48,800582,1.0,46.5763
cooperative,mid,exogenous,49,352945,1.0,35.6079
cooperative,mid,exogenous,50,107176,1.0,45.4057
cooperative,mid,exogenous,51,97252,1.0,37.4962
cooperative,mid,exogenous,52,398383,1.0,33.3089
cooperative,mid,exogenous,53,101415,1.0,22.4642
cooperative,mid,exogenous,54,376418,1.0,37.9344
cooperative,mid,exogenous,55,888663,1.0,32.0096
cooperative,mid,exogenous,56,360664,1.0,37.3483
cooperative,mid,exogenous,57,633053,1.0,39.2751
cooperative,mid,exogenous,58,277371,1.0,35.536
cooperative,mid,exogenous,59,846336,1.0,36.6042
cooperative,mid,exogenous,60,45562,1.0,31.5042
cooperative,mid,exogenous,61,765180,1.0,34.7294
cooperative,mid,exogenous,62,481742,1.0,33.7743
cooperative,mid,exogenous,63,562276,1.0,28.3686
cooperative,mid,exogenous,64,130890,1.0,36.3463
cooperative,mid,exogenous,65,967097,1.0,37.3389
cooperative,mid,exogenous,66,396923,1.0,26.3365
cooperative,mid,exogenous,67,82628,1.0,45.9174
cooperative,mid,exogenous,68,578857,1.0,38.3334
cooperative,mid,exogenous,69,307420,1.0,37.9997
cooperative,mid,exogenous,70,869694,1.0,45.2273
cooperative,mid,exogenous,71,659177,1.0,29.8608
cooperative,mid,exogenous,72,648565,1.0,22.3488
cooperative,mid,exogenous,73,928464,1.0,28.6073
cooperative,mid,exogenous,74,903566,1.0,24.9033
cooperative,mid,exogenous,75,379202,1.0,39.915
cooperative,mid,exogenous,76,605398,1.0,41.6608
cooperative,mid,exogenous,77,201630,1.0,27.9579
cooperative,mid,exogenous,78,738798,1.0,28.8957
cooperative,mid,exogenous,79,72934,1.0,34.4222
cooperative,mid,exogenous,80,48051,1.0,42.6696
cooperative,mid,exogenous,81,693385,1.0,30.0496
cooperative,mid,exogenous,82,238969,1.0,36.9025
cooperative,mid,exogenous,83,810621,1.0,28.3366
cooperative,mid,exogenous,84,303446,1.0,44.1681
cooperative,mid,exogenous,85,83668,1.0,29.6274
cooperative,mid,exogenous,86,896866,1.0,43.5173
cooperative,mid,exogenous,87,244099,1.0,41.2663
cooperative,mid,exogenous,88,908574,1.0,30.4753
cooperative,mid,exogenous,89,105908,1.0,34.4699
cooperative,mid,exogenous,90,398592,1.0,31.9379
cooperative,mid,exogenous,91,291477,1.0,39.5483
cooperative,mid,exogenous,92,475436,1.0,32.1511
cooperative,mid,exogenous,93,666564,1.0,48.2826
cooperative,mid,exogenous,94,874629,1.0,44.7998
cooperative,mid,exogenous,95,382555,1.0,28.1743
cooperative,mid,exogenous,96,170556,1.0,37.7274
cooperative,mid,exogenous,97,388163,1.0,30.1643
cooperative,mid,exogenous,98,372529,1.0,46.3221
cooperative,mid,exogenous,99,219685,1.0,44.1061
cooperative,mid,exogenous,100,702730,1.0,35.5738
cooperative,mid,exogenous,101,279947,1.0,39.0258
cooperative,mid,exogenous,102,735912,1.0,40.1688
cooperative,mid,exogenous,103,982154,1.0,44.2769
cooperative,mid,exogenous,104,716752,1.0,33.4904
cooperative,mid,exogenous,105,679515,1.0,33.6913
cooperative,mid,exogenous,106,74871,1.0,36.0974
cooperative,mid,exogenous,107,638721,1.0,31.7295
cooperative,mid,exogenous,108,665823,1.0,22.7652
cooperative,mid,exogenous,109,179452,1.0,33.6162
cooperative,mid,exogenous,110,560087,1.0,44.8468
cooperative,mid,exogenous,111,764545,1.0,40.717
cooperative,mid,exogenous,112,256703,1.0,26.6646
cooperative,mid,exogenous,113,171340,1.0,35.2371
cooperative,mid,exogenous,114,484715,1.0,42.7708
cooperative,mid,exogenous,115,397888,1.0,45.6269
cooperative,mid,exogenous,116,283061,1.0,29.3652
cooperative,mid,exogenous,117,970343,1.0,36.4259
cooperative,mid,exogenous,118,671089,1.0,40.3463
cooperative,mid,exogenous,119,721591,1.0,23.8576
cooperative,mid,exogenous,120,584005,1.0,33.9939
cooperative,mid,exogenous,121,230284,1.0,28.7507
cooperative,mid,exogenous,122,717871,1.0,43.5365
cooperative,mid,exogenous,123,340036,1.0,33.1798
cooperative,mid,exogenous,124,883795,1.0,36.0483
cooperative,mid,exogenous,125,805636,1.0,31.3288
cooperative,mid,exogenous,126,813695,1.0,37.3317
cooperative,mid,exogenous,127,58656,1.0,27.9182
cooperative,mid,exogenous,128,240175,1.0,21.1767
cooperative,mid,exogenous,129,861723,1.0,44.6767
cooperative,mid,exogenous,130,33660,1.0,31.6396
cooperative,mid,exogenous,131,844152,1.0,45.3775
cooperative,mid,exogenous,132,330777,1.0,33.0349
cooperative,mid,exogenous,133,420652,1.0,37.8576
cooperative,mid,exogenous,134,280747,1.0,39.6969
cooperative,mid,exogenous,135,69404,1.0,24.2626
cooperative,mid,exogenous,136,221232,1.0,30.1614
cooperative,mid,exogenous,137,957493,1.0,30.1722
cooperative,mid,exogenous,138,988713,1.0,33.6805
cooperative,mid,exogenous,139,594732,1.0,38.3
cooperative,mid,exogenous,140,918939,1.0,41.5883
cooperative,mid,exogenous,141,752788,1.0,37.6024
cooperative,mid,exogenous,142,329964,1.0,28.0249
cooperative,mid,exogenous,143,222956,1.0,41.8027
cooperative,mid,exogenous,144,687278,1.0,36.271
cooperative,mid,exogenous,145,523482,1.0,28.7499
cooperative,mid,exogenous,146,414851,1.0,25.4634
cooperative,mid,exogenous,147,927658,1.0,28.6989
cooperative,mid,exogenous,148,958973,1.0,37.8734
cooperative,mid,exogenous,149,674080,1.0,39.4512
cooperative,mid,exogenous,150,481142,1.0,28.5692
cooperative,mid,exogenous,151,149812,1.0,37.8986
cooperative,mid,exogenous,152,277747,1.0,37.2016
cooperative,mid,exogenous,153,146414,1.0,35.7565
cooperative,mid,exogenous,154,258608,1.0,49.5697
cooperative,mid,exogenous,155,781178,1.0,39.3232
cooperative,mid,exogenous,156,588638,1.0,35.2889
cooperative,mid,exogenous,157,565159,1.0,25.3121
cooperative,mid,exogenous,158,275505,1.0,36.4113
cooperative,mid,exogenous,159,783301,1.0,39.7489
cooperative,mid,exogenous,160,612983,1.0,36.6189
cooperative,mid,exogenous,161,449246,1.0,40.168
cooperative,mid,exogenous,162,941436,1.0,33.8122
cooperative,mid,exogenous,163,611879,1.0,39.8499
cooperative,mid,exogenous,164,418802,1.0,35.2303
cooperative,mid,exogenous,165,379581,1.0,42.5783
cooperative,mid,exogenous,166,229975,1.0,30.2298
cooperative,mid,exogenous,167,145052,1.0,34.6545
cooperative,mid,exogenous,168,534278,1.0,43.101
cooperative,mid,exogenous,169,517489,1.0,34.0634
cooperative,mid,exogenous,170,95326,1.0,36.4419
cooperative,mid,exogenous,171,792496,1.0,21.1167
cooperative,mid,exogenous,172,49406,1.0,25.9886
cooperative,mid,exogenous,173,902932,1.0,39.1811
cooperative,mid,exogenous,174,114976,1.0,30.0367
cooperative,mid,exogenous,175,160266,1.0,32.5038
cooperative,mid,exogenous,176,657925,1.0,43.4543
cooperative,mid,exogenous,177,167754,1.0,37.9544
cooperative,mid,exogenous,178,830556,1.0,36.5455
cooperative,mid,exogenous,179,713537,1.0,49.1128
cooperative,mid,exogenous,180,442667,1.0,44.6489
cooperative,mid,exogenous,181,625381,1.0,42.0539
cooperative,mid,exogenous,182,66614,1.0,39.2785
cooperative,mid,exogenous,183,403458,1.0,37.4047
cooperative,mid,exogenous,184,400157,1.0,37.7195
cooperative,mid,exogenous,185,624835,1.0,32.9239
cooperative,mid,exogenous,186,490786,1.0,38.4686
cooperative,mid,exogenous,187,554817,1.0,38.3731
cooperative,mid,exogenous,188,263627,1.0,34.9649
cooperative,mid,exogenous,189,580100,1.0,31.5409
cooperative,mid,exogenous,190,902593,1.0,38.8236
cooperative,mid,exogenous,191,988211,1.0,29.2851
cooperative,mid,exogenous,192,12039,1.0,34.3502
cooperative,mid,exogenous,193,713329,1.0,36.2922
cooperative,mid,exogenous,194,755732,1.0,43.4126
cooperative,mid,exogenous,195,120117,1.0,40.4688
cooperative,mid,exogenous,196,714826,1.0,27.2177
cooperative,mid,exogenous,197,927768,1.0,40.945
cooperative,mid,exogenous,198,563055,1.0,43.2621
cooperative,mid,exogenous,199,787353,1.0,33.8501
supplier_training,mid,endogenous,0,670488,0.3667,62.3047
supplier_training,mid,endogenous,1,116740,0.9,83.4265
supplier_training,mid,endogenous,2,26226,0.4667,59.8638
supplier_training,mid,endogenous,3,777573,0.9,85.8559
supplier_training,mid,endogenous,4,288390,0.7333,83.2676
supplier_training,mid,endogenous,5,256788,0.7667,76.1892
supplier_training,mid,endogenous,6,234054,0.5667,60.644
supplier_training,mid,endogenous,7,146317,0.8333,82.032
supplier_training,mid,endogenous,8,772247,0.6667,76.4434
supplier_training,mid,endogenous,9,107474,0.9667,93.1853
supplier_training,mid,endogenous,10,709571,0.6333,70.3888
supplier_training,mid,endogenous,11,776647,0.9,88.9951
supplier_training,mid,endogenous,12,935519,0.8333,82.1066
supplier_training,mid,endogenous,13,571859,0.8333,82.4008
supplier_training,mid,endogenous,14,91162,0.5333,52.3822
supplier_training,mid,endogenous,15,619177,0.6667,84.6844
supplier_training,mid,endogenous,16,442418,0.9667,90.2162
supplier_training,mid,endogenous,17,33327,0.9,89.7136
supplier_training,mid,endogenous,18,31245,0.9,86.9097
supplier_training,mid,endogenous,19,98247,0.9333,86.8537
supplier_training,mid,endogenous,20,229259,0.9667,91.3272
supplier_training,mid,endogenous,21,243963,0.7333,84.5359
supplier_training,mid,endogenous,22,529904,0.8,83.8811
supplier_training,mid,endogenous,23,631263,0.6667,76.3195
supplier_training,mid,endogenous,24,27825,0.5667,70.1965
supplier_training,mid,endogenous,25,588509,0.7333,79.9892
supplier_training,mid,endogenous,26,208497,0.7,83.5371
supplier_training,mid,endogenous,27,750801,0.8,85.554
supplier_training,mid,endogenous,28,681454,0.5,75.8216
supplier_training,mid,endogenous,29,735393,0.3,59.7498
supplier_training,mid,endogenous,30,571413,0.5333,73.8628
supplier_training,mid,endogenous,31,439899,0.7333,85.4585
supplier_training,mid,endogenous,32,231149,0.7,71.1796
supplier_training,mid,endogenous,33,471030,0.7,78.0259
supplier_training,mid,endogenous,34,617890,0.9667,90.0668
supplier_training,mid,endogenous,35,291705,0.4667,63.9625
supplier_training,mid,endogenous,36,848750,0.8667,84.0324
supplier_training,mid,endogenous,37,911528,0.8,81.2116
supplier_training,mid,endogenous,38,6815,0.8,84.3575
supplier_training,mid,endogenous,39,795668,0.8333,81.1591
supplier_training,mid,endogenous,40,844963,0.5667,76.0543
supplier_training,mid,endogenous,41,167415,0.9667,90.3632
supplier_training,mid,endogenous,42,732053,0.7667,84.2985
supplier_training,mid,endogenous,43,443144,0.6333,67.0494
supplier_training,mid,endogenous,44,356779,0.7,73.2192
supplier_training,mid,endogenous,45,291370,0.7667,88.3784
supplier_training,mid,endogenous,46,163033,0.5333,65.9684
supplier_training,mid,endogenous,47,225773,0.7,84.2233
supplier_training,mid,endogenous,48,800582,0.7333,74.1666
supplier_training,mid,endogenous,49,352945,0.7333,87.5432
supplier_training,mid,endogenous,50,107176,0.8,80.0456
supplier_training,mid,endogenous,51,97252,0.9,88.306
supplier_training,mid,endogenous,52,398383,0.7333,79.5944
supplier_training,mid,endogenous,53,101415,0.9667,90.907
supplier_training,mid,endogenous,54,376418,0.7,76.1757
supplier_training,mid,endogenous,55,888663,0.5,59.0709
supplier_training,mid,endogenous,56,360664,0.9667,89.9264
supplier_training,mid,endogenous,57,633053,0.8667,80.5244
supplier_training,mid,endogenous,58,277371,0.8667,82.7457
supplier_training,mid,endogenous,59,846336,0.9,85.9773
supplier_training,mid,endogenous,60,45562,0.8667,86.7649
supplier_training,mid,endogenous,61,765180,0.4333,56.6865
supplier_training,mid,endogenous,62,481742,0.7667,84.2555
supplier_training,mid,endogenous,63,562276,0.8667,80.7765
supplier_training,mid,endogenous,64,130890,0.5667,74.6593
supplier_training,mid,endogenous,65,967097,0.6667,81.844
supplier_training,mid,endogenous,66,396923,0.5333,59.7368
supplier_training,mid,endogenous,67,82628,0.8667,82.4892
supplier_training,mid,endogenous,68,578857,0.8,77.1666
supplier_training,mid,endogenous,69,307420,0.6,84.2916
supplier_training,mid,endogenous,70,869694,0.7,73.4058
supplier_training,mid,endogenous,71,659177,0.4667,74.2079
supplier_training,mid,endogenous,72,648565,0.5667,65.9697
supplier_training,mid,endogenous,73,928464,0.6,77.4596
supplier_training,mid,endogenous,74,903566,0.9667,93.2845
supplier_training,mid,endogenous,75,379202,0.2333,50.7671
supplier_training,mid,endogenous,76,605398,0.8667,89.7675
supplier_training,mid,endogenous,77,201630,0.9333,87.3889
supplier_training,mid,endogenous,78,738798,0.8,80.7305
supplier_training,mid,endogenous,79,72934,0.7667,81.6064
supplier_training,mid,endogenous,80,48051,0.5333,72.5693
supplier_training,mid,endogenous,81,693385,0.8,83.4902
supplier_training,mid,endogenous,82,238969,0.8333,88.0857
supplier_training,mid,endogenous,83,810621,0.5333,62.0568
supplier_training,mid,endogenous,84,303446,0.7667,75.7049
supplier_training,mid,endogenous,85,83668,0.6,84.7934
supplier_training,mid,endogenous,86,896866,0.7333,81.9696
supplier_training,mid,endogenous,87,244099,0.7667,83.451
supplier_training,mid,endogenous,88,908574,0.7667,77.9635
supplier_training,mid,endogenous,89,105908,0.7333,83.7325
supplier_training,mid,endogenous,90,398592,0.8333,85.5862
supplier_training,mid,endogenous,91,291477,0.9,86.7346
supplier_training,mid,endogenous,92,475436,0.6,67.823
supplier_training,mid,endogenous,93,666564,0.9333,90.92
supplier_training,mid,endogenous,94,874629,0.7,77.457
supplier_training,mid,endogenous,95,382555,0.8,78.1465
supplier_training,mid,endogenous,96,170556,0.7,73.997
supplier_training,mid,endogenous,97,388163,0.8,82.7375
supplier_training,mid,endogenous,98,372529,0.5667,82.8854
supplier_training,mid,endogenous,99,219685,0.9333,85.8082
supplier_training,mid,endogenous,100,702730,0.5333,73.5303
supplier_training,mid,endogenous,101,279947,0.5333,64.1718
supplier_training,mid,endogenous,102,735912,0.6,62.4672
supplier_training,mid,endogenous,103,982154,0.6667,80.776
supplier_training,mid,endogenous,104,716752,0.7,77.2425
supplier_training,mid,endogenous,105,679515,0.5,63.2194
supplier_training,mid,endogenous,106,74871,0.8667,85.1128
supplier_training,mid,endogenous,107,638721,0.9333,88.5982
supplier_training,mid,endogenous,108,665823,0.9,82.219
supplier_training,mid,endogenous,109,179452,0.3333,66.5141
supplier_training,mid,endogenous,110,560087,0.4667,60.9099
supplier_training,mid,endogenous,111,764545,0.9333,84.6924
supplier_training,mid,endogenous,112,256703,0.9333,86.5758
supplier_training,mid,endogenous,113,171340,0.6333,73.8753
supplier_training,mid,endogenous,114,484715,0.6333,78.5738
supplier_training,mid,endogenous,115,397888,0.7667,78.3767
supplier_training,mid,endogenous,116,283061,0.4333,60.3935
supplier_training,mid,endogenous,117,970343,0.5667,78.1777
supplier_training,mid,endogenous,118,671089,0.5667,63.7431
supplier_training,mid,endogenous,119,721591,0.3,73.0269
supplier_training,mid,endogenous,120,584005,0.8,81.1672
supplier_training,mid,endogenous,121,230284,0.5667,59.5718
supplier_training,mid,endogenous,122,717871,0.6333,68.8919
supplier_training,mid,endogenous,123,340036,0.7667,88.641
supplier_training,mid,endogenous,124,883795,0.8333,88.5145
supplier_training,mid,endogenous,125,805636,0.9333,91.1891
supplier_training,mid,endogenous,126,813695,0.6333,76.9239
supplier_training,mid,endogenous,127,58656,0.2333,55.2484
supplier_training,mid,endogenous,128,240175,0.4667,73.6008
supplier_training,mid,endogenous,129,861723,0.6333,75.2117
supplier_training,mid,endogenous,130,33660,0.9333,87.3383
supplier_training,mid,endogenous,131,844152,0.7,69.142
supplier_training,mid,endogenous,132,330777,0.5333,72.6025
supplier_training,mid,endogenous,133,420652,0.5333,76.423
supplier_training,mid,endogenous,134,280747,0.8333,90.9822
supplier_training,mid,endogenous,135,69404,0.8333,86.6202
supplier_training,mid,endogenous,136,221232,0.7667,74.4719
supplier_training,mid,endogenous,137,957493,0.5667,62.5739
supplier_training,mid,endogenous,138,988713,0.8333,82.9817
supplier_training,mid,endogenous,139,594732,0.9667,93.3145
supplier_training,mid,endogenous,140,918939,0.6667,73.2716
supplier_training,mid,endogenous,141,752788,0.8667,89.7789
supplier_training,mid,endogenous,142,329964,0.8,80.9446
supplier_training,mid,endogenous,143,222956,0.7333,74.3643
supplier_training,mid,endogenous,144,687278,0.5667,65.9599
supplier_training,mid,endogenous,145,523482,0.9333,87.7234
supplier_training,mid,endogenous,146,414851,0.4,53.8608
supplier_training,mid,endogenous,147,927658,0.7667,78.9477
supplier_training,mid,endogenous,148,958973,0.9667,88.6652
supplier_training,mid,endogenous,149,674080,0.8333,87.7636
supplier_training,mid,endogenous,150,481142,0.8,83.959
supplier_training,mid,endogenous,151,149812,0.9667,88.4133
supplier_training,mid,endogenous,152,277747,0.4,61.5229
supplier_training,mid,endogenous,153,146414,0.6,69.2876
supplier_training,mid,endogenous,154,258608,1.0,93.3555
supplier_training,mid,endogenous,155,781178,0.8667,81.0109
supplier_training,mid,endogenous,156,588638,0.9,91.3914
supplier_training,mid,endogenous,157,565159,0.8333,85.4511
supplier_training,mid,endogenous,158,275505,0.8333,89.6057
supplier_training,mid,endogenous,159,783301,0.6,76.973
supplier_training,mid,endogenous,160,612983,0.8333,82.175
supplier_training,mid,endogenous,161,449246,0.8667,89.7089
supplier_training,mid,endogenous,162,941436,0.7333,78.3707
supplier_training,mid,endogenous,163,611879,0.8,81.1072
supplier_training,mid,endogenous,164,418802,0.7333,74.0541
supplier_training,mid,endogenous,165,379581,0.7667,88.4876
supplier_training,mid,endogenous,166,229975,0.9333,90.2708
supplier_training,mid,endogenous,167,145052,0.9,86.3317
supplier_training,mid,endogenous,168,534278,0.8667,86.4355
supplier_training,mid,endogenous,169,517489,0.7,82.059
supplier_training,mid,endogenous,170,95326,0.6667,74.456
supplier_training,mid,endogenous,171,792496,0.9,87.0959
supplier_training,mid,endogenous,172,49406,0.7333,75.95
supplier_training,mid,endogenous,173,902932,0.9,87.2767
supplier_training,mid,endogenous,174,114976,0.7333,73.9747
supplier_training,mid,endogenous,175,160266,0.9,91.5362
supplier_training,mid,endogenous,176,657925,0.5,58.5519
supplier_training,mid,endogenous,177,167754,0.9667,90.3632
supplier_training,mid,endogenous,178,830556,0.9333,88.9506
supplier_training,mid,endogenous,179,713537,0.6667,71.1112
supplier_training,mid,endogenous,180,442667,0.8333,83.4656
supplier_training,mid,endogenous,181,625381,0.6667,81.0314
supplier_training,mid,endogenous,182,66614,0.5667,84.9727
supplier_training,mid,endogenous,183,403458,0.9,90.249
supplier_training,mid,endogenous,184,400157,1.0,91.3604
supplier_training,mid,endogenous,185,624835,0.7333,77.331
supplier_training,mid,endogenous,186,490786,0.6333,72.9018
supplier_training,mid,endogenous,187,554817,0.5667,70.09
supplier_training,mid,endogenous,188,263627,0.8,82.4647
supplier_training,mid,endogenous,189,580100,0.4667,46.7093
supplier_training,mid,endogenous,190,902593,0.8,86.2529
supplier_training,mid,endogenous,191,988211,0.6,85.2633
supplier_training,mid,endogenous,192,12039,0.8667,83.2543
supplier_training,mid,endogenous,193,713329,1.0,93.1421
supplier_training,mid,endogenous,194,755732,0.7,73.8553
supplier_training,mid,endogenous,195,120117,0.7333,82.748
supplier_training,mid,endogenous,196,714826,0.6,71.4654
supplier_training,mid,endogenous,197,927768,0.3667,59.213
supplier_training,mid,endogenous,198,563055,0.3333,51.1461
supplier_training,mid,endogenous,199,787353,0.6,77.6231
supplier_training,mid,exogenous,0,670488,1.0,91.9716
supplier_training,mid,exogenous,1,116740,1.0,91.4693
supplier_training,mid,exogenous,2,26226,1.0,90.4981
supplier_training,mid,exogenous,3,777573,1.0,91.3958
supplier_training,mid,exogenous,4,288390,1.0,90.8753
supplier_training,mid,exogenous,5,256788,1.0,94.1996
supplier_training,mid,exogenous,6,234054,1.0,91.1929
supplier_training,mid,exogenous,7,146317,1.0,92.0666
supplier_training,mid,exogenous,8,772247,1.0,92.2256
supplier_training,mid,exogenous,9,107474,1.0,94.1584
supplier_training,mid,exogenous,10,709571,1.0,95.0004
supplier_training,mid,exogenous,11,776647,1.0,93.1215
supplier_training,mid,exogenous,12,935519,1.0,92.0099
supplier_training,mid,exogenous,13,571859,1.0,93.0481
supplier_training,mid,exogenous,14,91162,1.0,91.9501
supplier_training,mid,exogenous,15,619177,1.0,90.3692
supplier_training,mid,exogenous,16,442418,1.0,90.4488
supplier_training,mid,exogenous,17,33327,1.0,95.6959
supplier_training,mid,exogenous,18,31245,1.0,92.9906
supplier_training,mid,exogenous,19,98247,1.0,92.3365
supplier_training,mid,exogenous,20,229259,1.0,93.8432
supplier_training,mid,exogenous,21,243963,1.0,93.7926
supplier_training,mid,exogenous,22,529904,1.0,94.599
supplier_training,mid,exogenous,23,631263,1.0,93.5335
supplier_training,mid,exogenous,24,27825,1.0,91.1029
supplier_training,mid,exogenous,25,588509,1.0,91.8024
supplier_training,mid,exogenous,26,208497,1.0,91.245
supplier_training,mid,exogenous,27,750801,1.0,91.7687
supplier_training,mid,exogenous,28,681454,1.0,93.1358
supplier_training,mid,exogenous,29,735393,1.0,92.2091
supplier_training,mid,exogenous,30,571413,1.0,92.8777
supplier_training,mid,exogenous,31,439899,1.0,94.2998
supplier_training,mid,exogenous,32,231149,1.0,89.2693
supplier_training,mid,exogenous,33,471030,1.0,91.7405
supplier_training,mid,exogenous,34,617890,1.0,92.5862
supplier_training,mid,exogenous,35,291705,1.0,95.1504
supplier_training,mid,exogenous,36,848750,1.0,91.9607
supplier_training,mid,exogenous,37,911528,1.0,92.3565
supplier_training,mid,exogenous,38,6815,1.0,92.2893
supplier_training,mid,exogenous,39,795668,1.0,92.3459
supplier_training,mid,exogenous,40,844963,1.0,92.9278
supplier_training,mid,exogenous,41,167415,1.0,93.1917
supplier_training,mid,exogenous,42,732053,1.0,93.1758
supplier_training,mid,exogenous,43,443144,1.0,91.501
supplier_training,mid,exogenous,44,356779,1.0,89.6904
supplier_training,mid,exogenous,45,291370,1.0,91.348
supplier_training,mid,exogenous,46,163033,1.0,93.7569
supplier_training,mid,exogenous,47,225773,1.0,91.1742
supplier_training,mid,exogenous,48,800582,1.0,92.5739
supplier_training,mid,exogenous,49,352945,1.0,93.2275
supplier_training,mid,exogenous,50,107176,1.0,92.0647
supplier_training,mid,exogenous,51,97252,1.0,91.2735
supplier_training,mid,exogenous,52,398383,1.0,92.2534
supplier_training,mid,exogenous,53,101415,1.0,91.031
supplier_training,mid,exogenous,54,376418,1.0,93.8657
supplier_training,mid,exogenous,55,888663,1.0,93.5014
supplier_training,mid,exogenous,56,360664,1.0,90.9955
supplier_training,mid,exogenous,57,633053,1.0,90.1757
supplier_training,mid,exogenous,58,277371,1.0,91.0775
supplier_training,mid,exogenous,59,846336,1.0,92.7625
supplier_training,mid,exogenous,60,45562,1.0,92.9447
supplier_training,mid,exogenous,61,765180,1.0,91.2661
supplier_training,mid,exogenous,62,481742,1.0,91.921
supplier_training,mid,exogenous,63,562276,1.0,90.4936
supplier_training,mid,exogenous,64,130890,1.0,92.7902
supplier_training,mid,exogenous,65,967097,1.0,93.1426
supplier_training,mid,exogenous,66,396923,1.0,90.7769
supplier_training,mid,exogenous,67,82628,1.0,91.6498
supplier_training,mid,exogenous,68,578857,1.0,91.426
supplier_training,mid,exogenous,69,307420,1.0,91.7998
supplier_training,mid,exogenous,70,869694,1.0,92.6716
supplier_training,mid,exogenous,71,659177,1.0,90.7054
supplier_training,mid,exogenous,72,648565,1.0,92.0928
supplier_training,mid,exogenous,73,928464,1.0,91.9966
supplier_training,mid,exogenous,74,903566,1.0,93.4498
supplier_training,mid,exogenous,75,379202,1.0,93.9426
supplier_training,mid,exogenous,76,605398,1.0,91.093
supplier_training,mid,exogenous,77,201630,1.0,90.2275
supplier_training,mid,exogenous,78,738798,1.0,90.4166
supplier_training,mid,exogenous,79,72934,1.0,91.9753
supplier_training,mid,exogenous,80,48051,1.0,93.5588
supplier_training,mid,exogenous,81,693385,1.0,90.1978
supplier_training,mid,exogenous,82,238969,1.0,94.4559
supplier_training,mid,exogenous,83,810621,1.0,91.7424
supplier_training,mid,exogenous,84,303446,1.0,92.0891
supplier_training,mid,exogenous,85,83668,1.0,93.6654
supplier_training,mid,exogenous,86,896866,1.0,90.5465
supplier_training,mid,exogenous,87,244099,1.0,92.1851
supplier_training,mid,exogenous,88,908574,1.0,91.8375
supplier_training,mid,exogenous,89,105908,1.0,92.5892
supplier_training,mid,exogenous,90,398592,1.0,92.9213
supplier_training,mid,exogenous,91,291477,1.0,92.0626
supplier_training,mid,exogenous,92,475436,1.0,92.9202
supplier_training,mid,exogenous,93,666564,1.0,93.3851
supplier_training,mid,exogenous,94,874629,1.0,94.5698
supplier_training,mid,exogenous,95,382555,1.0,91.9987
supplier_training,mid,exogenous,96,170556,1.0,92.7448
supplier_training,mid,exogenous,97,388163,1.0,90.7979
supplier_training,mid,exogenous,98,372529,1.0,93.1341
supplier_training,mid,exogenous,99,219685,1.0,91.2054
supplier_training,mid,exogenous,100,702730,1.0,92.2409
supplier_training,mid,exogenous,101,279947,1.0,91.2794
supplier_training,mid,exogenous,102,735912,1.0,91.4182
supplier_training,mid,exogenous,103,982154,1.0,93.9305
supplier_training,mid,exogenous,104,716752,1.0,92.2331
supplier_training,mid,exogenous,105,679515,1.0,91.9692
supplier_training,mid,exogenous,106,74871,1.0,93.9628
supplier_training,mid,exogenous,107,638721,1.0,93.4287
supplier_training,mid,exogenous,108,665823,1.0,90.9783
supplier_training,mid,exogenous,109,179452,1.0,92.1474
supplier_training,mid,exogenous,110,560087,1.0,94.2636
supplier_training,mid,exogenous,111,764545,1.0,89.7662
supplier_training,mid,exogenous,112,256703,1.0,91.4991
supplier_training,mid,exogenous,113,171340,1.0,92.3872
supplier_training,mid,exogenous,114,484715,1.0,92.7968
supplier_training,mid,exogenous,115,397888,1.0,92.8414
supplier_training,mid,exogenous,116,283061,1.0,93.2291
supplier_training,mid,exogenous,117,970343,1.0,91.7736
supplier_training,mid,exogenous,118,671089,1.0,92.1302
supplier_training,mid,exogenous,119,721591,1.0,91.0736
supplier_training,mid,exogenous,120,584005,1.0,93.0553
supplier_training,mid,exogenous,121,230284,1.0,91.2012
supplier_training,mid,exogenous,122,717871,1.0,93.5659
supplier_training,mid,exogenous,123,340036,1.0,91.1965
supplier_training,mid,exogenous,124,883795,1.0,92.1616
supplier_training,mid,exogenous,125,805636,1.0,93.1808
supplier_training,mid,exogenous,126,813695,1.0,92.4666
supplier_training,mid,exogenous,127,58656,1.0,92.7281
supplier_training,mid,exogenous,128,240175,1.0,92.7845
supplier_training,mid,exogenous,129,861723,1.0,92.2075
supplier_training,mid,exogenous,130,33660,1.0,92.8594
supplier_training,mid,exogenous,131,844152,1.0,92.9429
supplier_training,mid,exogenous,132,330777,1.0,92.0365
supplier_training,mid,exogenous,133,420652,1.0,93.3481
supplier_training,mid,exogenous,134,280747,1.0,92.4878
supplier_training,mid,exogenous,135,69404,1.0,93.6667
supplier_training,mid,exogenous,136,221232,1.0,91.7163
supplier_training,mid,exogenous,137,957493,1.0,92.3144
supplier_training,mid,exogenous,138,988713,1.0,92.5664
supplier_training,mid,exogenous,139,594732,1.0,93.2639
supplier_training,mid,exogenous,140,918939,1.0,93.6964
supplier_training,mid,exogenous,141,752788,1.0,93.5181
supplier_training,mid,exogenous,142,329964,1.0,90.9736
supplier_training,mid,exogenous,143,222956,1.0,93.4025
supplier_training,mid,exogenous,144,687278,1.0,92.8598
supplier_training,mid,exogenous,145,523482,1.0,92.0886
supplier_training,mid,exogenous,146,414851,1.0,92.435
supplier_training,mid,exogenous,147,927658,1.0,90.632
supplier_training,mid,exogenous,148,958973,1.0,91.7285
supplier_training,mid,exogenous,149,674080,1.0,92.7157
supplier_training,mid,exogenous,150,481142,1.0,92.3758
supplier_training,mid,exogenous,151,149812,1.0,91.2409
supplier_training,mid,exogenous,152,277747,1.0,90.8206
supplier_training,mid,exogenous,153,146414,1.0,91.9429
supplier_training,mid,exogenous,154,258608,1.0,93.3503
supplier_training,mid,exogenous,155,781178,1.0,90.4737
supplier_training,mid,exogenous,156,588638,1.0,94.0186
supplier_training,mid,exogenous,157,565159,1.0,92.2375
supplier_training,mid,exogenous,158,275505,1.0,93.0372
supplier_training,mid,exogenous,159,783301,1.0,92.96
supplier_training,mid,exogenous,160,612983,1.0,92.1183
supplier_training,mid,exogenous,161,449246,1.0,93.7814
supplier_training,mid,exogenous,162,941436,1.0,91.2892
supplier_training,mid,exogenous,163,611879,1.0,92.1502
supplier_training,mid,exogenous,164,418802,1.0,93.2095
supplier_training,mid,exogenous,165,379581,1.0,92.6477
supplier_training,mid,exogenous,166,229975,1.0,94.1288
supplier_training,mid,exogenous,167,145052,1.0,91.0818
supplier_training,mid,exogenous,168,534278,1.0,92.4847
supplier_training,mid,exogenous,169,517489,1.0,94.0526
supplier_training,mid,exogenous,170,95326,1.0,92.7699
supplier_training,mid,exogenous,171,792496,1.0,89.6478
supplier_training,mid,exogenous,172,49406,1.0,92.1817
supplier_training,mid,exogenous,173,902932,1.0,90.8742
supplier_training,mid,exogenous,174,114976,1.0,92.3001
supplier_training,mid,exogenous,175,160266,1.0,91.9139
supplier_training,mid,exogenous,176,657925,1.0,94.0901
supplier_training,mid,exogenous,177,167754,1.0,93.4724
supplier_training,mid,exogenous,178,830556,1.0,93.4856
supplier_training,mid,exogenous,179,713537,1.0,91.3947
supplier_training,mid,exogenous,180,442667,1.0,92.8909
supplier_training,mid,exogenous,181,625381,1.0,91.9111
supplier_training,mid,exogenous,182,66614,1.0,92.0636
supplier_training,mid,exogenous,183,403458,1.0,91.358
supplier_training,mid,exogenous,184,400157,1.0,91.4377
supplier_training,mid,exogenous,185,624835,1.0,91.7451
supplier_training,mid,exogenous,186,490786,1.0,91.8914
supplier_training,mid,exogenous,187,554817,1.0,93.6679
supplier_training,mid,exogenous,188,263627,1.0,92.115
supplier_training,mid,exogenous,189,580100,1.0,91.8316
supplier_training,mid,exogenous,190,902593,1.0,91.7501
supplier_training,mid,exogenous,191,988211,1.0,92.6022
supplier_training,mid,exogenous,192,12039,1.0,92.2466
supplier_training,mid,exogenous,193,713329,1.0,92.9573
supplier_training,mid,exogenous,194,755732,1.0,94.0236
supplier_training,mid,exogenous,195,120117,1.0,92.4685
supplier_training,mid,exogenous,196,714826,1.0,92.8986
supplier_training,mid,exogenous,197,927768,1.0,93.5695
supplier_training,mid,exogenous,198,563055,1.0,92.8266
supplier_training,mid,exogenous,199,787353,1.0,90.2994
cumulative_policy,mid,endogenous,0,670488,0.5333,87.3374
cumulative_policy,mid,endogenous,1,116740,0.8,102.0964
cumulative_policy,mid,endogenous,2,26226,0.9,114.261
cumulative_policy,mid,endogenous,3,777573,0.9667,117.0218
cumulative_policy,mid,endogenous,4,288390,0.8333,113.7568
cumulative_policy,mid,endogenous,5,256788,0.5,77.2916
cumulative_policy,mid,endogenous,6,234054,0.5,76.0636
cumulative_policy,mid,endogenous,7,146317,0.7667,107.7349
cumulative_policy,mid,endogenous,8,772247,0.6667,99.9127
cumulative_policy,mid,endogenous,9,107474,0.8,115.4362
cumulative_policy,mid,endogenous,10,709571,0.6,91.6947
cumulative_policy,mid,endogenous,11,776647,0.8333,111.9722
cumulative_policy,mid,endogenous,12,935519,0.8,107.9506
cumulative_policy,mid,endogenous,13,571859,0.8333,105.0583
cumulative_policy,mid,endogenous,14,91162,0.4,55.2268
cumulative_policy,mid,endogenous,15,619177,0.4333,107.6935
cumulative_policy,mid,endogenous,16,442418,0.9667,122.51
cumulative_policy,mid,endogenous,17,33327,0.9,111.3071
cumulative_policy,mid,endogenous,18,31245,0.9333,116.9619
cumulative_policy,mid,endogenous,19,98247,0.9333,114.7938
cumulative_policy,mid,endogenous,20,229259,0.9667,114.2264
cumulative_policy,mid,endogenous,21,243963,0.7667,107.1994
cumulative_policy,mid,endogenous,22,529904,0.6667,98.668
cumulative_policy,mid,endogenous,23,631263,0.4667,87.2178
cumulative_policy,mid,endogenous,24,27825,0.8333,104.3543
cumulative_policy,mid,endogenous,25,588509,0.8333,111.7363
cumulative_policy,mid,endogenous,26,208497,0.6333,107.0364
cumulative_policy,mid,endogenous,27,750801,0.7333,101.6325
cumulative_policy,mid,endogenous,28,681454,0.6667,104.2016
cumulative_policy,mid,endogenous,29,735393,0.4667,88.9309
cumulative_policy,mid,endogenous,30,571413,0.7,110.0518
cumulative_policy,mid,endogenous,31,439899,0.6333,103.9715
cumulative_policy,mid,endogenous,32,231149,0.7,102.7337
cumulative_policy,mid,endogenous,33,471030,0.6,90.822
cumulative_policy,mid,endogenous,34,617890,0.9667,116.472
cumulative_policy,mid,endogenous,35,291705,0.4,76.4944
cumulative_policy,mid,endogenous,36,848750,0.7,106.6784
cumulative_policy,mid,endogenous,37,911528,0.7667,112.5542
cumulative_policy,mid,endogenous,38,6815,0.7333,105.428
cumulative_policy,mid,endogenous,39,795668,0.8667,108.1509
cumulative_policy,mid,endogenous,40,844963,0.8333,105.3858
cumulative_policy,mid,endogenous,41,167415,0.8667,105.884
cumulative_policy,mid,endogenous,42,732053,0.8667,109.8675
cumulative_policy,mid,endogenous,43,443144,0.6333,99.1095
cumulative_policy,mid,endogenous,44,356779,0.8333,104.5648
cumulative_policy,mid,endogenous,45,291370,0.7667,118.0287
cumulative_policy,mid,endogenous,46,163033,0.6,101.9367
cumulative_policy,mid,endogenous,47,225773,0.6667,111.6303
cumulative_policy,mid,endogenous,48,800582,0.9333,116.1585
cumulative_policy,mid,endogenous,49,352945,0.8,113.0256
cumulative_policy,mid,endogenous,50,107176,0.8,105.982
cumulative_policy,mid,endogenous,51,97252,0.8,113.2082
cumulative_policy,mid,endogenous,52,398383,0.7667,98.6263
cumulative_policy,mid,endogenous,53,101415,0.9667,117.2934
cumulative_policy,mid,endogenous,54,376418,0.7333,104.1657
cumulative_policy,mid,endogenous,55,888663,0.5333,92.2921
cumulative_policy,mid,endogenous,56,360664,0.9667,119.1581
cumulative_policy,mid,endogenous,57,633053,0.3667,67.5609
cumulative_policy,mid,endogenous,58,277371,0.8667,113.8968
cumulative_policy,mid,endogenous,59,846336,0.9333,115.922
cumulative_policy,mid,endogenous,60,45562,0.8,107.211
cumulative_policy,mid,endogenous,61,765180,0.5333,82.109
cumulative_policy,mid,endogenous,62,481742,0.6667,103.4152
cumulative_policy,mid,endogenous,63,562276,0.7667,96.4798
cumulative_policy,mid,endogenous,64,130890,0.7333,107.9653
cumulative_policy,mid,endogenous,65,967097,0.7667,105.2706
cumulative_policy,mid,endogenous,66,396923,0.5333,83.6545
cumulative_policy,mid,endogenous,67,82628,0.9,113.1583
cumulative_policy,mid,endogenous,68,578857,0.8,102.7877
cumulative_policy,mid,endogenous,69,307420,0.5,101.2425
cumulative_policy,mid,endogenous,70,869694,0.7,91.752
cumulative_policy,mid,endogenous,71,659177,0.6667,94.7805
cumulative_policy,mid,endogenous,72,648565,0.6667,99.0184
cumulative_policy,mid,endogenous,73,928464,0.6667,105.8277
cumulative_policy,mid,endogenous,74,903566,0.9333,118.0654
cumulative_policy,mid,endogenous,75,379202,0.4,68.9813
cumulative_policy,mid,endogenous,76,605398,0.9667,120.5513
cumulative_policy,mid,endogenous,77,201630,0.9,113.6323
cumulative_policy,mid,endogenous,78,738798,0.6,95.1098
cumulative_policy,mid,endogenous,79,72934,0.8,109.2606
cumulative_policy,mid,endogenous,80,48051,0.5667,93.8679
cumulative_policy,mid,endogenous,81,693385,0.8667,114.4329
cumulative_policy,mid,endogenous,82,238969,0.9,116.5612
cumulative_policy,mid,endogenous,83,810621,0.5667,80.0914
cumulative_policy,mid,endogenous,84,303446,0.5,78.7371
cumulative_policy,mid,endogenous,85,83668,0.6,104.6268
cumulative_policy,mid,endogenous,86,896866,0.7,104.1437
cumulative_policy,mid,endogenous,87,244099,0.8667,118.3567
cumulative_policy,mid,endogenous,88,908574,0.8333,114.5141
cumulative_policy,mid,endogenous,89,105908,0.7667,110.8272
cumulative_policy,mid,endogenous,90,398592,0.7667,109.9608
cumulative_policy,mid,endogenous,91,291477,0.9667,119.8647
cumulative_policy,mid,endogenous,92,475436,0.3667,70.3508
cumulative_policy,mid,endogenous,93,666564,0.9333,120.8468
cumulative_policy,mid,endogenous,94,874629,0.4333,69.6718
cumulative_policy,mid,endogenous,95,382555,0.8,101.3879
cumulative_policy,mid,endogenous,96,170556,0.7,96.791
cumulative_policy,mid,endogenous,97,388163,0.8,104.1467
cumulative_policy,mid,endogenous,98,372529,0.5667,109.2834
cumulative_policy,mid,endogenous,99,219685,0.9333,116.436
cumulative_policy,mid,endogenous,100,702730,0.7,104.6635
cumulative_policy,mid,endogenous,101,279947,0.8,103.2498
cumulative_policy,mid,endogenous,102,735912,0.6667,90.0948
cumulative_policy,mid,endogenous,103,982154,0.8333,109.8038
cumulative_policy,mid,endogenous,104,716752,0.5667,91.8257
cumulative_policy,mid,endogenous,105,679515,0.5667,85.8968
cumulative_policy,mid,endogenous,106,74871,0.9333,114.4602
cumulative_policy,mid,endogenous,107,638721,0.9333,113.7215
cumulative_policy,mid,endogenous,108,665823,0.8667,102.6747
cumulative_policy,mid,endogenous,109,179452,0.5333,88.3232
cumulative_policy,mid,endogenous,110,560087,0.2333,52.8809
cumulative_policy,mid,endogenous,111,764545,0.9333,115.5518
cumulative_policy,mid,endogenous,112,256703,0.9333,111.2404
cumulative_policy,mid,endogenous,113,171340,0.5333,85.1916
cumulative_policy,mid,endogenous,114,484715,0.7,110.082
cumulative_policy,mid,endogenous,115,397888,0.5667,96.4222
cumulative_policy,mid,endogenous,116,283061,0.4333,77.5436
cumulative_policy,mid,endogenous,117,970343,0.3667,97.9372
cumulative_policy,mid,endogenous,118,671089,0.6333,87.1055
cumulative_policy,mid,endogenous,119,721591,0.5,72.7502
cumulative_policy,mid,endogenous,120,584005,0.5,81.7034
cumulative_policy,mid,endogenous,121,230284,0.8333,103.5347
cumulative_policy,mid,endogenous,122,717871,0.7333,97.5051
cumulative_policy,mid,endogenous,123,340036,0.7333,117.333
cumulative_policy,mid,endogenous,124,883795,0.9333,120.6921
cumulative_policy,mid,endogenous,125,805636,0.9333,114.2299
cumulative_policy,mid,endogenous,126,813695,0.6,93.5602
cumulative_policy,mid,endogenous,127,58656,0.6333,92.6521
cumulative_policy,mid,endogenous,128,240175,0.4333,100.4664
cumulative_policy,mid,endogenous,129,861723,0.5333,89.7656
cumulative_policy,mid,endogenous,130,33660,0.8667,104.2277
cumulative_policy,mid,endogenous,131,844152,0.6333,85.1224
cumulative_policy,mid,endogenous,132,330777,0.8667,113.5162
cumulative_policy,mid,endogenous,133,420652,0.4667,96.0644
cumulative_policy,mid,endogenous,134,280747,0.8,119.138
cumulative_policy,mid,endogenous,135,69404,0.8667,113.724
cumulative_policy,mid,endogenous,136,221232,0.6333,90.8636
cumulative_policy,mid,endogenous,137,957493,0.4667,69.5492
cumulative_policy,mid,endogenous,138,988713,0.8333,107.097
cumulative_policy,mid,endogenous,139,594732,0.9667,120.3718
cumulative_policy,mid,endogenous,140,918939,0.8,112.8657
cumulative_policy,mid,endogenous,141,752788,0.8667,116.8645
cumulative_policy,mid,endogenous,142,329964,0.7667,103.1267
cumulative_policy,mid,endogenous,143,222956,0.8333,103.5092
cumulative_policy,mid,endogenous,144,687278,0.6333,85.1018
cumulative_policy,mid,endogenous,145,523482,0.9333,114.5178
cumulative_policy,mid,endogenous,146,414851,0.7,92.0906
cumulative_policy,mid,endogenous,147,927658,0.6333,104.1433
cumulative_policy,mid,endogenous,148,958973,0.9667,114.0571
cumulative_policy,mid,endogenous,149,674080,0.5333,107.1913
cumulative_policy,mid,endogenous,150,481142,0.7333,105.5221
cumulative_policy,mid,endogenous,151,149812,0.9333,114.9984
cumulative_policy,mid,endogenous,152,277747,0.7,104.1437
cumulative_policy,mid,endogenous,153,146414,0.6,91.7282
cumulative_policy,mid,endogenous,154,258608,1.0,126.2806
cumulative_policy,mid,endogenous,155,781178,0.9,111.5651
cumulative_policy,mid,endogenous,156,588638,0.8,105.8917
cumulative_policy,mid,endogenous,157,565159,0.9,110.8773
cumulative_policy,mid,endogenous,158,275505,0.6333,111.1352
cumulative_policy,mid,endogenous,159,783301,0.6,100.3731
cumulative_policy,mid,endogenous,160,612983,0.8333,109.0359
cumulative_policy,mid,endogenous,161,449246,0.8,113.393
cumulative_policy,mid,endogenous,162,941436,0.5667,86.4219
cumulative_policy,mid,endogenous,163,611879,0.6333,93.2269
cumulative_policy,mid,endogenous,164,418802,0.8667,110.1792
cumulative_policy,mid,endogenous,165,379581,0.8333,115.902
cumulative_policy,mid,endogenous,166,229975,0.7333,95.55
cumulative_policy,mid,endogenous,167,145052,0.8333,109.3235
cumulative_policy,mid,endogenous,168,534278,0.8667,113.4423
cumulative_policy,mid,endogenous,169,517489,0.4667,91.7892
cumulative_policy,mid,endogenous,170,95326,0.6,91.3968
cumulative_policy,mid,endogenous,171,792496,0.9,115.3298
cumulative_policy,mid,endogenous,172,49406,0.6667,95.7197
cumulative_policy,mid,endogenous,173,902932,0.9,118.0135
cumulative_policy,mid,endogenous,174,114976,0.7333,98.3645
cumulative_policy,mid,endogenous,175,160266,0.9333,119.7828
cumulative_policy,mid,endogenous,176,657925,0.5667,82.5589
cumulative_policy,mid,endogenous,177,167754,0.9667,116.4871
cumulative_policy,mid,endogenous,178,830556,0.9,111.4052
cumulative_policy,mid,endogenous,179,713537,0.6667,97.7495
cumulative_policy,mid,endogenous,180,442667,0.7333,100.9958
cumulative_policy,mid,endogenous,181,625381,0.7667,114.1617
cumulative_policy,mid,endogenous,182,66614,0.8,117.2656
cumulative_policy,mid,endogenous,183,403458,0.9,118.814
cumulative_policy,mid,endogenous,184,400157,1.0,121.5709
cumulative_policy,mid,endogenous,185,624835,0.6667,102.5564
cumulative_policy,mid,endogenous,186,490786,0.6,91.722
cumulative_policy,mid,endogenous,187,554817,0.6,90.9584
cumulative_policy,mid,endogenous,188,263627,0.8333,112.0954
cumulative_policy,mid,endogenous,189,580100,0.8667,105.4501
cumulative_policy,mid,endogenous,190,902593,0.7667,112.4216
cumulative_policy,mid,endogenous,191,988211,0.5,108.7865
cumulative_policy,mid,endogenous,192,12039,0.9333,115.6474
cumulative_policy,mid,endogenous,193,713329,1.0,121.1497
cumulative_policy,mid,endogenous,194,755732,0.6,88.0652
cumulative_policy,mid,endogenous,195,120117,0.6333,108.6209
cumulative_policy,mid,endogenous,196,714826,0.7333,100.8251
cumulative_policy,mid,endogenous,197,927768,0.3667,81.9835
cumulative_policy,mid,endogenous,198,563055,0.6333,88.3755
cumulative_policy,mid,endogenous,199,787353,0.8333,114.5542
cumulative_policy,mid,exogenous,0,670488,1.0,121.5646
cumulative_policy,mid,exogenous,1,116740,1.0,121.8744
cumulative_policy,mid,exogenous,2,26226,1.0,120.38
cumulative_policy,mid,exogenous,3,777573,1.0,119.6568
cumulative_policy,mid,exogenous,4,288390,1.0,121.6311
cumulative_policy,mid,exogenous,5,256788,1.0,121.5027
cumulative_policy,mid,exogenous,6,234054,1.0,120.9882
cumulative_policy,mid,exogenous,7,146317,1.0,124.136
cumulative_policy,mid,exogenous,8,772247,1.0,119.2877
cumulative_policy,mid,exogenous,9,107474,1.0,120.5551
cumulative_policy,mid,exogenous,10,709571,1.0,121.762
cumulative_policy,mid,exogenous,11,776647,1.0,120.5239
cumulative_policy,mid,exogenous,12,935519,1.0,119.9019
cumulative_policy,mid,exogenous,13,571859,1.0,118.6205
cumulative_policy,mid,exogenous,14,91162,1.0,117.8876
cumulative_policy,mid,exogenous,15,619177,1.0,117.3622
cumulative_policy,mid,exogenous,16,442418,1.0,122.9877
cumulative_policy,mid,exogenous,17,33327,1.0,118.5331
cumulative_policy,mid,exogenous,18,31245,1.0,122.7829
cumulative_policy,mid,exogenous,19,98247,1.0,121.4069
cumulative_policy,mid,exogenous,20,229259,1.0,117.8526
cumulative_policy,mid,exogenous,21,243963,1.0,118.4356
cumulative_policy,mid,exogenous,22,529904,1.0,120.0109
cumulative_policy,mid,exogenous,23,631263,1.0,122.8256
cumulative_policy,mid,exogenous,24,27825,1.0,114.8867
cumulative_policy,mid,exogenous,25,588509,1.0,121.2511
cumulative_policy,mid,exogenous,26,208497,1.0,118.1414
cumulative_policy,mid,exogenous,27,750801,1.0,121.5986
cumulative_policy,mid,exogenous,28,681454,1.0,118.747
cumulative_policy,mid,exogenous,29,735393,1.0,121.9948
cumulative_policy,mid,exogenous,30,571413,1.0,116.6834
cumulative_policy,mid,exogenous,31,439899,1.0,122.8526
cumulative_policy,mid,exogenous,32,231149,1.0,116.1836
cumulative_policy,mid,exogenous,33,471030,1.0,118.1383
cumulative_policy,mid,exogenous,34,617890,1.0,119.6101
cumulative_policy,mid,exogenous,35,291705,1.0,125.0316
cumulative_policy,mid,exogenous,36,848750,1.0,120.0293
cumulative_policy,mid,exogenous,37,911528,1.0,121.5698
cumulative_policy,mid,exogenous,38,6815,1.0,119.5044
cumulative_policy,mid,exogenous,39,795668,1.0,120.0956
cumulative_policy,mid,exogenous,40,844963,1.0,118.8795
cumulative_policy,mid,exogenous,41,167415,1.0,121.0394
cumulative_policy,mid,exogenous,42,732053,1.0,118.4798
cumulative_policy,mid,exogenous,43,443144,1.0,119.3503
cumulative_policy,mid,exogenous,44,356779,1.0,118.5936
cumulative_policy,mid,exogenous,45,291370,1.0,119.9491
cumulative_policy,mid,exogenous,46,163033,1.0,119.2168
cumulative_policy,mid,exogenous,47,225773,1.0,120.3509
cumulative_policy,mid,exogenous,48,800582,1.0,122.7331
cumulative_policy,mid,exogenous,49,352945,1.0,118.713
cumulative_policy,mid,exogenous,50,107176,1.0,121.4939
cumulative_policy,mid,exogenous,51,97252,1.0,119.5018
cumulative_policy,mid,exogenous,52,398383,1.0,119.8999
cumulative_policy,mid,exogenous,53,101415,1.0,117.6141
cumulative_policy,mid,exogenous,54,376418,1.0,120.0798
cumulative_policy,mid,exogenous,55,888663,1.0,118.9356
cumulative_policy,mid,exogenous,56,360664,1.0,120.5204
cumulative_policy,mid,exogenous,57,633053,1.0,120.695
cumulative_policy,mid,exogenous,58,277371,1.0,121.6089
cumulative_policy,mid,exogenous,59,846336,1.0,122.0125
cumulative_policy,mid,exogenous,60,45562,1.0,118.5863
cumulative_policy,mid,exogenous,61,765180,1.0,120.0617
cumulative_policy,mid,exogenous,62,481742,1.0,119.9703
cumulative_policy,mid,exogenous,63,562276,1.0,116.6152
cumulative_policy,mid,exogenous,64,130890,1.0,117.9981
cumulative_policy,mid,exogenous,65,967097,1.0,120.9149
cumulative_policy,mid,exogenous,66,396923,1.0,121.0305
cumulative_policy,mid,exogenous,67,82628,1.0,121.7895
cumulative_policy,mid,exogenous,68,578857,1.0,120.4472
cumulative_policy,mid,exogenous,69,307420,1.0,120.8488
cumulative_policy,mid,exogenous,70,869694,1.0,122.1205
cumulative_policy,mid,exogenous,71,659177,1.0,119.8678
cumulative_policy,mid,exogenous,72,648565,1.0,119.4299
cumulative_policy,mid,exogenous,73,928464,1.0,119.8584
cumulative_policy,mid,exogenous,74,903566,1.0,118.1241
cumulative_policy,mid,exogenous,75,379202,1.0,120.9667
cumulative_policy,mid,exogenous,76,605398,1.0,121.3068
cumulative_policy,mid,exogenous,77,201630,1.0,118.0653
cumulative_policy,mid,exogenous,78,738798,1.0,117.2649
cumulative_policy,mid,exogenous,79,72934,1.0,121.9041
cumulative_policy,mid,exogenous,80,48051,1.0,120.153
cumulative_policy,mid,exogenous,81,693385,1.0,120.8484
cumulative_policy,mid,exogenous,82,238969,1.0,121.9773
cumulative_policy,mid,exogenous,83,810621,1.0,116.6076
cumulative_policy,mid,exogenous,84,303446,1.0,119.5257
cumulative_policy,mid,exogenous,85,83668,1.0,118.1947
cumulative_policy,mid,exogenous,86,896866,1.0,121.9734
cumulative_policy,mid,exogenous,87,244099,1.0,124.7195
cumulative_policy,mid,exogenous,88,908574,1.0,122.5147
cumulative_policy,mid,exogenous,89,105908,1.0,120.5901
cumulative_policy,mid,exogenous,90,398592,1.0,119.9033
cumulative_policy,mid,exogenous,91,291477,1.0,121.8508
cumulative_policy,mid,exogenous,92,475436,1.0,119.7761
cumulative_policy,mid,exogenous,93,666564,1.0,123.5988
cumulative_policy,mid,exogenous,94,874629,1.0,123.0475
cumulative_policy,mid,exogenous,95,382555,1.0,118.2626
cumulative_policy,mid,exogenous,96,170556,1.0,120.2225
cumulative_policy,mid,exogenous,97,388163,1.0,118.8723
cumulative_policy,mid,exogenous,98,372529,1.0,121.6008
cumulative_policy,mid,exogenous,99,219685,1.0,123.5139
cumulative_policy,mid,exogenous,100,702730,1.0,121.4057
cumulative_policy,mid,exogenous,101,279947,1.0,121.4583
cumulative_policy,mid,exogenous,102,735912,1.0,122.3303
cumulative_policy,mid,exogenous,103,982154,1.0,121.7376
cumulative_policy,mid,exogenous,104,716752,1.0,119.6444
cumulative_policy,mid,exogenous,105,679515,1.0,117.7971
cumulative_policy,mid,exogenous,106,74871,1.0,120.4894
cumulative_policy,mid,exogenous,107,638721,1.0,116.8842
cumulative_policy,mid,exogenous,108,665823,1.0,117.618
cumulative_policy,mid,exogenous,109,179452,1.0,120.8651
cumulative_policy,mid,exogenous,110,560087,1.0,122.5222
cumulative_policy,mid,exogenous,111,764545,1.0,122.3253
cumulative_policy,mid,exogenous,112,256703,1.0,116.853
cumulative_policy,mid,exogenous,113,171340,1.0,117.9482
cumulative_policy,mid,exogenous,114,484715,1.0,121.9419
cumulative_policy,mid,exogenous,115,397888,1.0,121.2659
cumulative_policy,mid,exogenous,116,283061,1.0,117.8096
cumulative_policy,mid,exogenous,117,970343,1.0,118.234
cumulative_policy,mid,exogenous,118,671089,1.0,119.6694
cumulative_policy,mid,exogenous,119,721591,1.0,117.6343
cumulative_policy,mid,exogenous,120,584005,1.0,119.3396
cumulative_policy,mid,exogenous,121,230284,1.0,118.2088
cumulative_policy,mid,exogenous,122,717871,1.0,121.211
cumulative_policy,mid,exogenous,123,340036,1.0,121.0032
cumulative_policy,mid,exogenous,124,883795,1.0,122.3454
cumulative_policy,mid,exogenous,125,805636,1.0,116.6187
cumulative_policy,mid,exogenous,126,813695,1.0,122.1745
cumulative_policy,mid,exogenous,127,58656,1.0,118.1206
cumulative_policy,mid,exogenous,128,240175,1.0,116.9407
cumulative_policy,mid,exogenous,129,861723,1.0,120.3535
cumulative_policy,mid,exogenous,130,33660,1.0,117.7402
cumulative_policy,mid,exogenous,131,844152,1.0,122.1556
cumulative_policy,mid,exogenous,132,330777,1.0,120.5392
cumulative_policy,mid,exogenous,133,420652,1.0,121.383
cumulative_policy,mid,exogenous,134,280747,1.0,120.9913
cumulative_policy,mid,exogenous,135,69404,1.0,116.7379
cumulative_policy,mid,exogenous,136,221232,1.0,119.4163
cumulative_policy,mid,exogenous,137,957493,1.0,117.2391
cumulative_policy,mid,exogenous,138,988713,1.0,119.3264
cumulative_policy,mid,exogenous,139,594732,1.0,120.4095
cumulative_policy,mid,exogenous,140,918939,1.0,124.3238
cumulative_policy,mid,exogenous,141,752788,1.0,121.4407
cumulative_policy,mid,exogenous,142,329964,1.0,120.8271
cumulative_policy,mid,exogenous,143,222956,1.0,118.4946
cumulative_policy,mid,exogenous,144,687278,1.0,118.1845
cumulative_policy,mid,exogenous,145,523482,1.0,120.2955
cumulative_policy,mid,exogenous,146,414851,1.0,118.9249
cumulative_policy,mid,exogenous,147,927658,1.0,120.5
cumulative_policy,mid,exogenous,148,958973,1.0,117.8374
cumulative_policy,mid,exogenous,149,674080,1.0,118.0759
cumulative_policy,mid,exogenous,150,481142,1.0,118.5863
cumulative_policy,mid,exogenous,151,149812,1.0,118.1599
cumulative_policy,mid,exogenous,152,277747,1.0,120.1031
cumulative_policy,mid,exogenous,153,146414,1.0,119.8046
cumulative_policy,mid,exogenous,154,258608,1.0,126.3548
cumulative_policy,mid,exogenous,155,781178,1.0,121.4759
cumulative_policy,mid,exogenous,156,588638,1.0,118.4277
cumulative_policy,mid,exogenous,157,565159,1.0,116.5755
cumulative_policy,mid,exogenous,158,275505,1.0,123.169
cumulative_policy,mid,exogenous,159,783301,1.0,120.4252
cumulative_policy,mid,exogenous,160,612983,1.0,121.3351
cumulative_policy,mid,exogenous,161,449246,1.0,119.9458
cumulative_policy,mid,exogenous,162,941436,1.0,120.0258
cumulative_policy,mid,exogenous,163,611879,1.0,121.1743
cumulative_policy,mid,exogenous,164,418802,1.0,121.1177
cumulative_policy,mid,exogenous,165,379581,1.0,120.8306
cumulative_policy,mid,exogenous,166,229975,1.0,118.8945
cumulative_policy,mid,exogenous,167,145052,1.0,120.0683
cumulative_policy,mid,exogenous,168,534278,1.0,120.9524
cumulative_policy,mid,exogenous,169,517489,1.0,120.5219
cumulative_policy,mid,exogenous,170,95326,1.0,119.5527
cumulative_policy,mid,exogenous,171,792496,1.0,118.5731
cumulative_policy,mid,exogenous,172,49406,1.0,119.5005
cumulative_policy,mid,exogenous,173,902932,1.0,123.4584
cumulative_policy,mid,exogenous,174,114976,1.0,120.1713
cumulative_policy,mid,exogenous,175,160266,1.0,120.0521
cumulative_policy,mid,exogenous,176,657925,1.0,122.8145
cumulative_policy,mid,exogenous,177,167754,1.0,120.3608
cumulative_policy,mid,exogenous,178,830556,1.0,118.7399
cumulative_policy,mid,exogenous,179,713537,1.0,121.8627
cumulative_policy,mid,exogenous,180,442667,1.0,123.5975
cumulative_policy,mid,exogenous,181,625381,1.0,123.9738
cumulative_policy,mid,exogenous,182,66614,1.0,122.229
cumulative_policy,mid,exogenous,183,403458,1.0,120.6116
cumulative_policy,mid,exogenous,184,400157,1.0,121.6305
cumulative_policy,mid,exogenous,185,624835,1.0,119.5314
cumulative_policy,mid,exogenous,186,490786,1.0,121.2259
cumulative_policy,mid,exogenous,187,554817,1.0,122.6406
cumulative_policy,mid,exogenous,188,263627,1.0,121.7559
cumulative_policy,mid,exogenous,189,580100,1.0,120.5192
cumulative_policy,mid,exogenous,190,902593,1.0,121.6296
cumulative_policy,mid,exogenous,191,988211,1.0,119.0285
cumulative_policy,mid,exogenous,192,12039,1.0,120.9661
cumulative_policy,mid,exogenous,193,713329,1.0,121.145
cumulative_policy,mid,exogenous,194,755732,1.0,122.7622
cumulative_policy,mid,exogenous,195,120117,1.0,124.1454
cumulative_policy,mid,exogenous,196,714826,1.0,121.5802
cumulative_policy,mid,exogenous,197,927768,1.0,120.0185
cumulative_policy,mid,exogenous,198,563055,1.0,121.676
cumulative_policy,mid,exogenous,199,787353,1.0,119.8976
