scenario,calibration,exit_mode,replication,seed,survival_rate,mean_welfare
baseline,low,endogenous,0,670488,0.3667,54.1512
baseline,low,endogenous,1,116740,0.9,69.7101
baseline,low,endogenous,2,26226,0.4667,49.4939
baseline,low,endogenous,3,777573,0.9,71.1622
baseline,low,endogenous,4,288390,0.7333,65.1894
baseline,low,endogenous,5,256788,0.7667,67.7644
baseline,low,endogenous,6,234054,0.5667,52.7607
baseline,low,endogenous,7,146317,0.8333,68.0016
baseline,low,endogenous,8,772247,0.6667,64.9539
baseline,low,endogenous,9,107474,0.9667,80.2491
baseline,low,endogenous,10,709571,0.6333,62.6558
baseline,low,endogenous,11,776647,0.9,77.0251
baseline,low,endogenous,12,935519,0.8333,68.0662
baseline,low,endogenous,13,571859,0.8333,69.8543
baseline,low,endogenous,14,91162,0.5333,46.4148
baseline,low,endogenous,15,619177,0.6667,67.9581
baseline,low,endogenous,16,442418,0.9667,70.6
baseline,low,endogenous,17,33327,0.9,81.4648
baseline,low,endogenous,18,31245,0.9,73.2712
baseline,low,endogenous,19,98247,0.9333,73.3658
baseline,low,endogenous,20,229259,0.9667,79.3411
baseline,low,endogenous,21,243963,0.7333,74.4412
baseline,low,endogenous,22,529904,0.8,75.0642
baseline,low,endogenous,23,631263,0.6667,68.1866
baseline,low,endogenous,24,27825,0.5667,60.7511
baseline,low,endogenous,25,588509,0.7333,68.4417
baseline,low,endogenous,26,208497,0.7,68.8996
baseline,low,endogenous,27,750801,0.8,68.7627
baseline,low,endogenous,28,681454,0.5,66.0315
baseline,low,endogenous,29,735393,0.3,52.5404
baseline,low,endogenous,30,571413,0.5333,64.0525
baseline,low,endogenous,31,439899,0.7333,75.7078
baseline,low,endogenous,32,231149,0.7,56.4315
baseline,low,endogenous,33,471030,0.7,67.1926
baseline,low,endogenous,34,617890,0.9667,76.4917
baseline,low,endogenous,35,291705,0.4667,60.2782
baseline,low,endogenous,36,848750,0.8667,70.0653
baseline,low,endogenous,37,911528,0.8,68.6361
baseline,low,endogenous,38,6815,0.8,69.8596
baseline,low,endogenous,39,795668,0.8333,68.2583
baseline,low,endogenous,40,844963,0.5667,65.8658
baseline,low,endogenous,41,167415,0.9667,77.4966
baseline,low,endogenous,42,732053,0.7667,73.809
baseline,low,endogenous,43,443144,0.6333,54.8371
baseline,low,endogenous,44,356779,0.7,56.8955
baseline,low,endogenous,45,291370,0.7667,73.1942
baseline,low,endogenous,46,163033,0.5333,58.5279
baseline,low,endogenous,47,225773,0.7,69.0547
baseline,low,endogenous,48,800582,0.7333,61.7305
baseline,low,endogenous,49,352945,0.7333,76.3083
baseline,low,endogenous,50,107176,0.8,68.2393
baseline,low,endogenous,51,97252,0.9,72.2615
baseline,low,endogenous,52,398383,0.7333,68.0208
baseline,low,endogenous,53,101415,0.9667,73.7707
baseline,low,endogenous,54,376418,0.7,66.5943
baseline,low,endogenous,55,888663,0.5,52.6806
baseline,low,endogenous,56,360664,0.9667,72.1429
baseline,low,endogenous,57,633053,0.8667,63.3025
baseline,low,endogenous,58,277371,0.8667,68.1694
baseline,low,endogenous,59,846336,0.9,72.7934
baseline,low,endogenous,60,45562,0.8667,74.4725
baseline,low,endogenous,61,765180,0.4333,48.3281
baseline,low,endogenous,62,481742,0.7667,71.2187
baseline,low,endogenous,63,562276,0.8667,66.2157
baseline,low,endogenous,64,130890,0.5667,64.3554
baseline,low,endogenous,65,967097,0.6667,69.4831
baseline,low,endogenous,66,396923,0.5333,51.4519
baseline,low,endogenous,67,82628,0.8667,67.9504
baseline,low,endogenous,68,578857,0.8,64.5514
baseline,low,endogenous,69,307420,0.6,70.3281
baseline,low,endogenous,70,869694,0.7,62.5873
baseline,low,endogenous,71,659177,0.4667,60.745
baseline,low,endogenous,72,648565,0.5667,57.8304
baseline,low,endogenous,73,928464,0.6,65.3537
baseline,low,endogenous,74,903566,0.9667,80.992
baseline,low,endogenous,75,379202,0.2333,48.4093
baseline,low,endogenous,76,605398,0.8667,71.6747
baseline,low,endogenous,77,201630,0.9333,70.4036
baseline,low,endogenous,78,738798,0.8,66.7338
baseline,low,endogenous,79,72934,0.7667,69.8735
baseline,low,endogenous,80,48051,0.5333,62.4969
baseline,low,endogenous,81,693385,0.8,66.1232
baseline,low,endogenous,82,238969,0.8333,78.0578
baseline,low,endogenous,83,810621,0.5333,55.1976
baseline,low,endogenous,84,303446,0.7667,63.8851
baseline,low,endogenous,85,83668,0.6,73.1092
baseline,low,endogenous,86,896866,0.7333,65.1278
baseline,low,endogenous,87,244099,0.7667,68.5264
baseline,low,endogenous,88,908574,0.7667,64.8767
baseline,low,endogenous,89,105908,0.7333,71.2828
baseline,low,endogenous,90,398592,0.8333,71.9079
baseline,low,endogenous,91,291477,0.9,71.7643
baseline,low,endogenous,92,475436,0.6,59.713
baseline,low,endogenous,93,666564,0.9333,77.8469
baseline,low,endogenous,94,874629,0.7,69.434
baseline,low,endogenous,95,382555,0.8,65.321
baseline,low,endogenous,96,170556,0.7,64.8233
baseline,low,endogenous,97,388163,0.8,66.3242
baseline,low,endogenous,98,372529,0.5667,71.3183
baseline,low,endogenous,99,219685,0.9333,70.3543
baseline,low,endogenous,100,702730,0.5333,63.0001
baseline,low,endogenous,101,279947,0.5333,55.027
baseline,low,endogenous,102,735912,0.6,54.7293
baseline,low,endogenous,103,982154,0.6667,70.4688
baseline,low,endogenous,104,716752,0.7,64.3325
baseline,low,endogenous,105,679515,0.5,55.1741
baseline,low,endogenous,106,74871,0.8667,74.152
baseline,low,endogenous,107,638721,0.9333,77.8975
baseline,low,endogenous,108,665823,0.9,67.1855
baseline,low,endogenous,109,179452,0.3333,57.6715
baseline,low,endogenous,110,560087,0.4667,53.5989
baseline,low,endogenous,111,764545,0.9333,65.6255
baseline,low,endogenous,112,256703,0.9333,71.4901
baseline,low,endogenous,113,171340,0.6333,63.1335
baseline,low,endogenous,114,484715,0.6333,66.6069
baseline,low,endogenous,115,397888,0.7667,66.129
baseline,low,endogenous,116,283061,0.4333,53.3788
baseline,low,endogenous,117,970343,0.5667,66.6468
baseline,low,endogenous,118,671089,0.5667,53.0665
baseline,low,endogenous,119,721591,0.3,60.2708
baseline,low,endogenous,120,584005,0.8,69.1845
baseline,low,endogenous,121,230284,0.5667,50.7508
baseline,low,endogenous,122,717871,0.6333,61.4423
baseline,low,endogenous,123,340036,0.7667,72.2118
baseline,low,endogenous,124,883795,0.8333,73.5944
baseline,low,endogenous,125,805636,0.9333,79.8817
baseline,low,endogenous,126,813695,0.6333,64.035
baseline,low,endogenous,127,58656,0.2333,49.5805
baseline,low,endogenous,128,240175,0.4667,63.7797
baseline,low,endogenous,129,861723,0.6333,63.4718
baseline,low,endogenous,130,33660,0.9333,74.3753
baseline,low,endogenous,131,844152,0.7,59.1539
baseline,low,endogenous,132,330777,0.5333,61.8734
baseline,low,endogenous,133,420652,0.5333,65.8681
baseline,low,endogenous,134,280747,0.8333,77.8144
baseline,low,endogenous,135,69404,0.8333,76.1547
baseline,low,endogenous,136,221232,0.7667,62.9653
baseline,low,endogenous,137,957493,0.5667,54.8184
baseline,low,endogenous,138,988713,0.8333,69.5854
baseline,low,endogenous,139,594732,0.9667,78.9128
baseline,low,endogenous,140,918939,0.6667,65.8694
baseline,low,endogenous,141,752788,0.8667,75.3381
baseline,low,endogenous,142,329964,0.8,65.1185
baseline,low,endogenous,143,222956,0.7333,65.2643
baseline,low,endogenous,144,687278,0.5667,57.6188
baseline,low,endogenous,145,523482,0.9333,72.3126
baseline,low,endogenous,146,414851,0.4,48.1802
baseline,low,endogenous,147,927658,0.7667,63.0022
baseline,low,endogenous,148,958973,0.9667,75.3203
baseline,low,endogenous,149,674080,0.8333,74.1335
baseline,low,endogenous,150,481142,0.8,71.424
baseline,low,endogenous,151,149812,0.9667,71.7534
baseline,low,endogenous,152,277747,0.4,53.0187
baseline,low,endogenous,153,146414,0.6,59.4702
baseline,low,endogenous,154,258608,1.0,79.1093
baseline,low,endogenous,155,781178,0.8667,63.9931
baseline,low,endogenous,156,588638,0.9,79.5654
baseline,low,endogenous,157,565159,0.8333,73.5626
baseline,low,endogenous,158,275505,0.8333,76.0742
baseline,low,endogenous,159,783301,0.6,66.7968
baseline,low,endogenous,160,612983,0.8333,67.9081
baseline,low,endogenous,161,449246,0.8667,77.1705
baseline,low,endogenous,162,941436,0.7333,65.2718
baseline,low,endogenous,163,611879,0.8,67.6459
baseline,low,endogenous,164,418802,0.7333,63.0867
baseline,low,endogenous,165,379581,0.7667,73.1927
baseline,low,endogenous,166,229975,0.9333,79.9442
baseline,low,endogenous,167,145052,0.9,70.0303
baseline,low,endogenous,168,534278,0.8667,74.1434
baseline,low,endogenous,169,517489,0.7,73.3599
baseline,low,endogenous,170,95326,0.6667,64.0534
baseline,low,endogenous,171,792496,0.9,68.7178
baseline,low,endogenous,172,49406,0.7333,65.0055
baseline,low,endogenous,173,902932,0.9,71.6996
baseline,low,endogenous,174,114976,0.7333,63.6965
baseline,low,endogenous,175,160266,0.9,75.701
baseline,low,endogenous,176,657925,0.5,52.0359
baseline,low,endogenous,177,167754,0.9667,77.3914
baseline,low,endogenous,178,830556,0.9333,77.0004
baseline,low,endogenous,179,713537,0.6667,58.7502
baseline,low,endogenous,180,442667,0.8333,72.385
baseline,low,endogenous,181,625381,0.6667,68.2528
baseline,low,endogenous,182,66614,0.5667,69.2639
baseline,low,endogenous,183,403458,0.9,72.6499
baseline,low,endogenous,184,400157,1.0,74.2776
baseline,low,endogenous,185,624835,0.7333,64.9803
baseline,low,endogenous,186,490786,0.6333,60.7373
baseline,low,endogenous,187,554817,0.5667,60.4678
baseline,low,endogenous,188,263627,0.8,68.3162
baseline,low,endogenous,189,580100,0.4667,40.9455
baseline,low,endogenous,190,902593,0.8,70.4587
baseline,low,endogenous,191,988211,0.6,71.5256
baseline,low,endogenous,192,12039,0.8667,70.7325
baseline,low,endogenous,193,713329,1.0,78.1397
baseline,low,endogenous,194,755732,0.7,64.7569
baseline,low,endogenous,195,120117,0.7333,68.3454
baseline,low,endogenous,196,714826,0.6,62.0763
baseline,low,endogenous,197,927768,0.3667,54.1336
baseline,low,endogenous,198,563055,0.3333,45.4007
baseline,low,endogenous,199,787353,0.6,62.0412
baseline,low,exogenous,0,670488,1.0,75.5828
baseline,low,exogenous,1,116740,1.0,75.2485
baseline,low,exogenous,2,26226,1.0,71.9566
baseline,low,exogenous,3,777573,1.0,75.4258
baseline,low,exogenous,4,288390,1.0,70.7386
baseline,low,exogenous,5,256788,1.0,82.4682
baseline,low,exogenous,6,234054,1.0,75.1449
baseline,low,exogenous,7,146317,1.0,75.7587
baseline,low,exogenous,8,772247,1.0,76.4426
baseline,low,exogenous,9,107474,1.0,80.4287
baseline,low,exogenous,10,709571,1.0,82.2878
baseline,low,exogenous,11,776647,1.0,80.3676
baseline,low,exogenous,12,935519,1.0,75.2855
baseline,low,exogenous,13,571859,1.0,78.2436
baseline,low,exogenous,14,91162,1.0,77.783
baseline,low,exogenous,15,619177,1.0,71.7876
baseline,low,exogenous,16,442418,1.0,70.2823
baseline,low,exogenous,17,33327,1.0,86.272
baseline,low,exogenous,18,31245,1.0,77.4437
baseline,low,exogenous,19,98247,1.0,77.4793
baseline,low,exogenous,20,229259,1.0,81.3119
baseline,low,exogenous,21,243963,1.0,80.9403
baseline,low,exogenous,22,529904,1.0,83.8575
baseline,low,exogenous,23,631263,1.0,81.2595
baseline,low,exogenous,24,27825,1.0,76.5236
baseline,low,exogenous,25,588509,1.0,77.2368
baseline,low,exogenous,26,208497,1.0,74.5351
baseline,low,exogenous,27,750801,1.0,73.9324
baseline,low,exogenous,28,681454,1.0,79.3761
baseline,low,exogenous,29,735393,1.0,76.658
baseline,low,exogenous,30,571413,1.0,78.6638
baseline,low,exogenous,31,439899,1.0,82.6821
baseline,low,exogenous,32,231149,1.0,68.5678
baseline,low,exogenous,33,471030,1.0,78.0104
baseline,low,exogenous,34,617890,1.0,79.079
baseline,low,exogenous,35,291705,1.0,86.1899
baseline,low,exogenous,36,848750,1.0,76.2632
baseline,low,exogenous,37,911528,1.0,77.2018
baseline,low,exogenous,38,6815,1.0,75.486
baseline,low,exogenous,39,795668,1.0,76.5788
baseline,low,exogenous,40,844963,1.0,79.457
baseline,low,exogenous,41,167415,1.0,79.3136
baseline,low,exogenous,42,732053,1.0,80.7225
baseline,low,exogenous,43,443144,1.0,73.1408
baseline,low,exogenous,44,356779,1.0,68.9156
baseline,low,exogenous,45,291370,1.0,75.3077
baseline,low,exogenous,46,163033,1.0,80.144
baseline,low,exogenous,47,225773,1.0,73.8711
baseline,low,exogenous,48,800582,1.0,77.1429
baseline,low,exogenous,49,352945,1.0,80.5559
baseline,low,exogenous,50,107176,1.0,77.2528
baseline,low,exogenous,51,97252,1.0,74.3578
baseline,low,exogenous,52,398383,1.0,77.6121
baseline,low,exogenous,53,101415,1.0,73.5765
baseline,low,exogenous,54,376418,1.0,80.3655
baseline,low,exogenous,55,888663,1.0,80.6539
baseline,low,exogenous,56,360664,1.0,72.5495
baseline,low,exogenous,57,633053,1.0,70.1402
baseline,low,exogenous,58,277371,1.0,74.4629
baseline,low,exogenous,59,846336,1.0,78.3939
baseline,low,exogenous,60,45562,1.0,78.7758
baseline,low,exogenous,61,765180,1.0,73.5833
baseline,low,exogenous,62,481742,1.0,77.0589
baseline,low,exogenous,63,562276,1.0,73.1608
baseline,low,exogenous,64,130890,1.0,78.263
baseline,low,exogenous,65,967097,1.0,78.3136
baseline,low,exogenous,66,396923,1.0,73.0687
baseline,low,exogenous,67,82628,1.0,74.4517
baseline,low,exogenous,68,578857,1.0,74.7383
baseline,low,exogenous,69,307420,1.0,75.5894
baseline,low,exogenous,70,869694,1.0,77.7689
baseline,low,exogenous,71,659177,1.0,73.0021
baseline,low,exogenous,72,648565,1.0,77.0643
baseline,low,exogenous,73,928464,1.0,76.2112
baseline,low,exogenous,74,903566,1.0,81.3578
baseline,low,exogenous,75,379202,1.0,84.1183
baseline,low,exogenous,76,605398,1.0,72.5369
baseline,low,exogenous,77,201630,1.0,72.3573
baseline,low,exogenous,78,738798,1.0,73.9436
baseline,low,exogenous,79,72934,1.0,77.1527
baseline,low,exogenous,80,48051,1.0,78.7669
baseline,low,exogenous,81,693385,1.0,70.2327
baseline,low,exogenous,82,238969,1.0,83.5589
baseline,low,exogenous,83,810621,1.0,78.063
baseline,low,exogenous,84,303446,1.0,76.7806
baseline,low,exogenous,85,83668,1.0,80.3826
baseline,low,exogenous,86,896866,1.0,70.702
baseline,low,exogenous,87,244099,1.0,74.5107
baseline,low,exogenous,88,908574,1.0,75.2426
baseline,low,exogenous,89,105908,1.0,78.1834
baseline,low,exogenous,90,398592,1.0,77.9106
baseline,low,exogenous,91,291477,1.0,76.0764
baseline,low,exogenous,92,475436,1.0,79.7243
baseline,low,exogenous,93,666564,1.0,79.7096
baseline,low,exogenous,94,874629,1.0,82.8972
baseline,low,exogenous,95,382555,1.0,76.3638
baseline,low,exogenous,96,170556,1.0,78.5922
baseline,low,exogenous,97,388163,1.0,71.9843
baseline,low,exogenous,98,372529,1.0,78.9609
baseline,low,exogenous,99,219685,1.0,74.1454
baseline,low,exogenous,100,702730,1.0,76.7951
baseline,low,exogenous,101,279947,1.0,76.0038
baseline,low,exogenous,102,735912,1.0,76.3068
baseline,low,exogenous,103,982154,1.0,81.2377
baseline,low,exogenous,104,716752,1.0,75.7289
baseline,low,exogenous,105,679515,1.0,76.5881
baseline,low,exogenous,106,74871,1.0,81.0792
baseline,low,exogenous,107,638721,1.0,81.6204
baseline,low,exogenous,108,665823,1.0,73.2877
baseline,low,exogenous,109,179452,1.0,76.6602
baseline,low,exogenous,110,560087,1.0,80.1184
baseline,low,exogenous,111,764545,1.0,69.4678
baseline,low,exogenous,112,256703,1.0,75.0714
baseline,low,exogenous,113,171340,1.0,78.2234
baseline,low,exogenous,114,484715,1.0,78.8517
baseline,low,exogenous,115,397888,1.0,78.1441
baseline,low,exogenous,116,283061,1.0,79.1009
baseline,low,exogenous,117,970343,1.0,77.4276
baseline,low,exogenous,118,671089,1.0,74.7848
baseline,low,exogenous,119,721591,1.0,73.3478
baseline,low,exogenous,120,584005,1.0,78.8854
baseline,low,exogenous,121,230284,1.0,73.8947
baseline,low,exogenous,122,717871,1.0,81.878
baseline,low,exogenous,123,340036,1.0,73.8688
baseline,low,exogenous,124,883795,1.0,76.2007
baseline,low,exogenous,125,805636,1.0,81.5286
baseline,low,exogenous,126,813695,1.0,75.6699
baseline,low,exogenous,127,58656,1.0,78.3807
baseline,low,exogenous,128,240175,1.0,79.304
baseline,low,exogenous,129,861723,1.0,75.5693
baseline,low,exogenous,130,33660,1.0,78.7104
baseline,low,exogenous,131,844152,1.0,77.1015
baseline,low,exogenous,132,330777,1.0,75.8906
baseline,low,exogenous,133,420652,1.0,79.1551
baseline,low,exogenous,134,280747,1.0,78.7298
baseline,low,exogenous,135,69404,1.0,81.5627
baseline,low,exogenous,136,221232,1.0,75.7617
baseline,low,exogenous,137,957493,1.0,78.0627
baseline,low,exogenous,138,988713,1.0,77.1313
baseline,low,exogenous,139,594732,1.0,78.9861
baseline,low,exogenous,140,918939,1.0,81.8969
baseline,low,exogenous,141,752788,1.0,77.9831
baseline,low,exogenous,142,329964,1.0,72.0207
baseline,low,exogenous,143,222956,1.0,80.0061
baseline,low,exogenous,144,687278,1.0,79.0461
baseline,low,exogenous,145,523482,1.0,76.0338
baseline,low,exogenous,146,414851,1.0,78.5805
baseline,low,exogenous,147,927658,1.0,71.8049
baseline,low,exogenous,148,958973,1.0,77.2353
baseline,low,exogenous,149,674080,1.0,78.3452
baseline,low,exogenous,150,481142,1.0,77.9333
baseline,low,exogenous,151,149812,1.0,73.7292
baseline,low,exogenous,152,277747,1.0,73.3263
baseline,low,exogenous,153,146414,1.0,76.9096
baseline,low,exogenous,154,258608,1.0,78.9068
baseline,low,exogenous,155,781178,1.0,70.9066
baseline,low,exogenous,156,588638,1.0,81.9232
baseline,low,exogenous,157,565159,1.0,78.9538
baseline,low,exogenous,158,275505,1.0,78.9241
baseline,low,exogenous,159,783301,1.0,79.4292
baseline,low,exogenous,160,612983,1.0,74.7508
baseline,low,exogenous,161,449246,1.0,80.5214
baseline,low,exogenous,162,941436,1.0,75.0732
baseline,low,exogenous,163,611879,1.0,76.0767
baseline,low,exogenous,164,418802,1.0,77.8216
baseline,low,exogenous,165,379581,1.0,76.5696
baseline,low,exogenous,166,229975,1.0,83.5103
baseline,low,exogenous,167,145052,1.0,73.2381
baseline,low,exogenous,168,534278,1.0,78.4775
baseline,low,exogenous,169,517489,1.0,82.9242
baseline,low,exogenous,170,95326,1.0,77.8234
baseline,low,exogenous,171,792496,1.0,70.308
baseline,low,exogenous,172,49406,1.0,76.9758
baseline,low,exogenous,173,902932,1.0,73.9181
baseline,low,exogenous,174,114976,1.0,77.8384
baseline,low,exogenous,175,160266,1.0,76.2283
baseline,low,exogenous,176,657925,1.0,79.938
baseline,low,exogenous,177,167754,1.0,80.1684
baseline,low,exogenous,178,830556,1.0,80.1831
baseline,low,exogenous,179,713537,1.0,74.4188
baseline,low,exogenous,180,442667,1.0,79.6816
baseline,low,exogenous,181,625381,1.0,76.1569
baseline,low,exogenous,182,66614,1.0,74.5617
baseline,low,exogenous,183,403458,1.0,73.0545
baseline,low,exogenous,184,400157,1.0,75.2195
baseline,low,exogenous,185,624835,1.0,75.3543
baseline,low,exogenous,186,490786,1.0,74.1542
baseline,low,exogenous,187,554817,1.0,79.2649
baseline,low,exogenous,188,263627,1.0,75.8578
baseline,low,exogenous,189,580100,1.0,77.4072
baseline,low,exogenous,190,902593,1.0,74.242
baseline,low,exogenous,191,988211,1.0,76.9529
baseline,low,exogenous,192,12039,1.0,77.6213
baseline,low,exogenous,193,713329,1.0,77.4107
baseline,low,exogenous,194,755732,1.0,81.2435
baseline,low,exogenous,195,120117,1.0,75.8671
baseline,low,exogenous,196,714826,1.0,78.5266
baseline,low,exogenous,197,927768,1.0,81.4164
baseline,low,exogenous,198,563055,1.0,77.3011
baseline,low,exogenous,199,787353,1.0,70.8687
supply_quota,low,endogenous,0,670488,0.3667,57.3329
supply_quota,low,endogenous,1,116740,0.9,73.7809
supply_quota,low,endogenous,2,26226,0.4667,53.1692
supply_quota,low,endogenous,3,777573,0.9,77.0298
supply_quota,low,endogenous,4,288390,0.7333,68.9416
supply_quota,low,endogenous,5,256788,0.7667,71.8705
supply_quota,low,endogenous,6,234054,0.5667,59.1618
supply_quota,low,endogenous,7,146317,0.8333,73.7684
supply_quota,low,endogenous,8,772247,0.6667,69.8827
supply_quota,low,endogenous,9,107474,0.9667,85.683
supply_quota,low,endogenous,10,709571,0.6333,64.7406
supply_quota,low,endogenous,11,776647,0.9,83.2623
supply_quota,low,endogenous,12,935519,0.8333,74.8827
supply_quota,low,endogenous,13,571859,0.8333,73.9702
supply_quota,low,endogenous,14,91162,0.5333,48.8653
supply_quota,low,endogenous,15,619177,0.6667,73.0067
supply_quota,low,endogenous,16,442418,0.9667,76.3
supply_quota,low,endogenous,17,33327,0.9,83.9186
supply_quota,low,endogenous,18,31245,0.9,77.6483
supply_quota,low,endogenous,19,98247,0.9333,77.968
supply_quota,low,endogenous,20,229259,0.9667,81.6891
supply_quota,low,endogenous,21,243963,0.7333,81.3671
supply_quota,low,endogenous,22,529904,0.8,78.8299
supply_quota,low,endogenous,23,631263,0.6667,72.1534
supply_quota,low,endogenous,24,27825,0.5667,63.6079
supply_quota,low,endogenous,25,588509,0.7333,75.0075
supply_quota,low,endogenous,26,208497,0.7,75.1486
supply_quota,low,endogenous,27,750801,0.8,70.9069
supply_quota,low,endogenous,28,681454,0.5,69.5443
supply_quota,low,endogenous,29,735393,0.3,56.7434
supply_quota,low,endogenous,30,571413,0.5333,69.7655
supply_quota,low,endogenous,31,439899,0.7333,80.9546
supply_quota,low,endogenous,32,231149,0.7,61.4271
supply_quota,low,endogenous,33,471030,0.7,69.9219
supply_quota,low,endogenous,34,617890,0.9667,84.0732
supply_quota,low,endogenous,35,291705,0.4667,62.334
supply_quota,low,endogenous,36,848750,0.8667,75.0616
supply_quota,low,endogenous,37,911528,0.8,73.3128
supply_quota,low,endogenous,38,6815,0.8,74.0538
supply_quota,low,endogenous,39,795668,0.8333,74.697
supply_quota,low,endogenous,40,844963,0.5667,70.2316
supply_quota,low,endogenous,41,167415,0.9667,82.8948
supply_quota,low,endogenous,42,732053,0.7667,77.6085
supply_quota,low,endogenous,43,443144,0.6333,56.9009
supply_quota,low,endogenous,44,356779,0.7,62.0658
supply_quota,low,endogenous,45,291370,0.7667,77.6775
supply_quota,low,endogenous,46,163033,0.5333,60.2627
supply_quota,low,endogenous,47,225773,0.7,76.8134
supply_quota,low,endogenous,48,800582,0.7333,64.5572
supply_quota,low,endogenous,49,352945,0.7333,84.0955
supply_quota,low,endogenous,50,107176,0.8,72.4349
supply_quota,low,endogenous,51,97252,0.9,79.4881
supply_quota,low,endogenous,52,398383,0.7333,71.3884
supply_quota,low,endogenous,53,101415,0.9667,80.2933
supply_quota,low,endogenous,54,376418,0.7,71.8314
supply_quota,low,endogenous,55,888663,0.5,55.8384
supply_quota,low,endogenous,56,360664,0.9667,76.5409
supply_quota,low,endogenous,57,633053,0.8667,68.9804
supply_quota,low,endogenous,58,277371,0.8667,75.4988
supply_quota,low,endogenous,59,846336,0.9,77.2055
supply_quota,low,endogenous,60,45562,0.8667,79.1633
supply_quota,low,endogenous,61,765180,0.4333,53.3026
supply_quota,low,endogenous,62,481742,0.7667,75.0267
supply_quota,low,endogenous,63,562276,0.8667,72.6919
supply_quota,low,endogenous,64,130890,0.5667,66.7112
supply_quota,low,endogenous,65,967097,0.6667,74.6412
supply_quota,low,endogenous,66,396923,0.5333,55.3432
supply_quota,low,endogenous,67,82628,0.8667,75.4954
supply_quota,low,endogenous,68,578857,0.8,66.4727
supply_quota,low,endogenous,69,307420,0.6,74.9123
supply_quota,low,endogenous,70,869694,0.7,66.3854
supply_quota,low,endogenous,71,659177,0.4667,64.6149
supply_quota,low,endogenous,72,648565,0.5667,61.7206
supply_quota,low,endogenous,73,928464,0.6,71.1362
supply_quota,low,endogenous,74,903566,0.9667,86.5922
supply_quota,low,endogenous,75,379202,0.2333,50.7782
supply_quota,low,endogenous,76,605398,0.8667,77.9299
supply_quota,low,endogenous,77,201630,0.9333,74.8267
supply_quota,low,endogenous,78,738798,0.8,70.2022
supply_quota,low,endogenous,79,72934,0.7667,77.6851
supply_quota,low,endogenous,80,48051,0.5333,65.8001
supply_quota,low,endogenous,81,693385,0.8,71.0462
supply_quota,low,endogenous,82,238969,0.8333,81.6295
supply_quota,low,endogenous,83,810621,0.5333,60.2467
supply_quota,low,endogenous,84,303446,0.7667,68.1397
supply_quota,low,endogenous,85,83668,0.6,76.6392
supply_quota,low,endogenous,86,896866,0.7333,69.2482
supply_quota,low,endogenous,87,244099,0.7667,73.5797
supply_quota,low,endogenous,88,908574,0.7667,73.0302
supply_quota,low,endogenous,89,105908,0.7333,77.0004
supply_quota,low,endogenous,90,398592,0.8333,77.1097
supply_quota,low,endogenous,91,291477,0.9,78.3491
supply_quota,low,endogenous,92,475436,0.6,62.7953
supply_quota,low,endogenous,93,666564,0.9333,79.558
supply_quota,low,endogenous,94,874629,0.7,74.2439
supply_quota,low,endogenous,95,382555,0.8,72.6177
supply_quota,low,endogenous,96,170556,0.7,69.5828
supply_quota,low,endogenous,97,388163,0.8,72.7538
supply_quota,low,endogenous,98,372529,0.5667,75.7968
supply_quota,low,endogenous,99,219685,0.9333,78.0401
supply_quota,low,endogenous,100,702730,0.5333,69.5355
supply_quota,low,endogenous,101,279947,0.5333,59.3037
supply_quota,low,endogenous,102,735912,0.6,58.7634
supply_quota,low,endogenous,103,982154,0.6667,75.1497
supply_quota,low,endogenous,104,716752,0.7,66.9303
supply_quota,low,endogenous,105,679515,0.5,60.7039
supply_quota,low,endogenous,106,74871,0.8667,79.5911
supply_quota,low,endogenous,107,638721,0.9333,82.292
supply_quota,low,endogenous,108,665823,0.9,71.4535
supply_quota,low,endogenous,109,179452,0.3333,63.2193
supply_quota,low,endogenous,110,560087,0.4667,56.3769
supply_quota,low,endogenous,111,764545,0.9333,71.2326
supply_quota,low,endogenous,112,256703,0.9333,74.162
supply_quota,low,endogenous,113,171340,0.6333,66.3716
supply_quota,low,endogenous,114,484715,0.6333,70.9198
supply_quota,low,endogenous,115,397888,0.7667,73.26
supply_quota,low,endogenous,116,283061,0.4333,55.8005
supply_quota,low,endogenous,117,970343,0.5667,71.8098
supply_quota,low,endogenous,118,671089,0.5667,56.232
supply_quota,low,endogenous,119,721591,0.3,65.6707
supply_quota,low,endogenous,120,584005,0.8,72.2353
supply_quota,low,endogenous,121,230284,0.5667,57.5919
supply_quota,low,endogenous,122,717871,0.6333,64.1587
supply_quota,low,endogenous,123,340036,0.7667,78.8767
supply_quota,low,endogenous,124,883795,0.8333,77.1426
supply_quota,low,endogenous,125,805636,0.9333,83.6536
supply_quota,low,endogenous,126,813695,0.6333,69.2886
supply_quota,low,endogenous,127,58656,0.2333,52.7983
supply_quota,low,endogenous,128,240175,0.4667,68.0596
supply_quota,low,endogenous,129,861723,0.6333,66.2693
supply_quota,low,endogenous,130,33660,0.9333,75.745
supply_quota,low,endogenous,131,844152,0.7,61.3067
supply_quota,low,endogenous,132,330777,0.5333,65.8081
supply_quota,low,endogenous,133,420652,0.5333,71.7159
supply_quota,low,endogenous,134,280747,0.8333,82.2271
supply_quota,low,endogenous,135,69404,0.8333,79.2868
supply_quota,low,endogenous,136,221232,0.7667,66.4745
supply_quota,low,endogenous,137,957493,0.5667,59.3404
supply_quota,low,endogenous,138,988713,0.8333,76.2774
supply_quota,low,endogenous,139,594732,0.9667,80.7913
supply_quota,low,endogenous,140,918939,0.6667,68.8726
supply_quota,low,endogenous,141,752788,0.8667,76.4039
supply_quota,low,endogenous,142,329964,0.8,70.0542
supply_quota,low,endogenous,143,222956,0.7333,67.3898
supply_quota,low,endogenous,144,687278,0.5667,60.1229
supply_quota,low,endogenous,145,523482,0.9333,79.2142
supply_quota,low,endogenous,146,414851,0.4,49.1395
supply_quota,low,endogenous,147,927658,0.7667,70.2295
supply_quota,low,endogenous,148,958973,0.9667,81.7357
supply_quota,low,endogenous,149,674080,0.8333,77.0084
supply_quota,low,endogenous,150,481142,0.8,76.3736
supply_quota,low,endogenous,151,149812,0.9667,75.5971
supply_quota,low,endogenous,152,277747,0.4,56.4801
supply_quota,low,endogenous,153,146414,0.6,64.727
supply_quota,low,endogenous,154,258608,1.0,80.7676
supply_quota,low,endogenous,155,781178,0.8667,66.4032
supply_quota,low,endogenous,156,588638,0.9,81.9523
supply_quota,low,endogenous,157,565159,0.8333,76.503
supply_quota,low,endogenous,158,275505,0.8333,80.9995
supply_quota,low,endogenous,159,783301,0.6,70.1332
supply_quota,low,endogenous,160,612983,0.8333,69.7351
supply_quota,low,endogenous,161,449246,0.8667,78.9253
supply_quota,low,endogenous,162,941436,0.7333,69.7405
supply_quota,low,endogenous,163,611879,0.8,70.9724
supply_quota,low,endogenous,164,418802,0.7333,67.5838
supply_quota,low,endogenous,165,379581,0.7667,77.6981
supply_quota,low,endogenous,166,229975,0.9333,82.7455
supply_quota,low,endogenous,167,145052,0.9,77.2519
supply_quota,low,endogenous,168,534278,0.8667,79.4362
supply_quota,low,endogenous,169,517489,0.7,79.5676
supply_quota,low,endogenous,170,95326,0.6667,66.9549
supply_quota,low,endogenous,171,792496,0.9,75.7405
supply_quota,low,endogenous,172,49406,0.7333,70.1151
supply_quota,low,endogenous,173,902932,0.9,78.0773
supply_quota,low,endogenous,174,114976,0.7333,68.212
supply_quota,low,endogenous,175,160266,0.9,77.9879
supply_quota,low,endogenous,176,657925,0.5,55.5464
supply_quota,low,endogenous,177,167754,0.9667,83.6474
supply_quota,low,endogenous,178,830556,0.9333,82.4516
supply_quota,low,endogenous,179,713537,0.6667,62.2182
supply_quota,low,endogenous,180,442667,0.8333,76.5704
supply_quota,low,endogenous,181,625381,0.6667,74.7716
supply_quota,low,endogenous,182,66614,0.5667,74.4494
supply_quota,low,endogenous,183,403458,0.9,78.0516
supply_quota,low,endogenous,184,400157,1.0,82.2281
supply_quota,low,endogenous,185,624835,0.7333,69.1545
supply_quota,low,endogenous,186,490786,0.6333,66.0134
supply_quota,low,endogenous,187,554817,0.5667,65.133
supply_quota,low,endogenous,188,263627,0.8,72.8649
supply_quota,low,endogenous,189,580100,0.4667,44.2401
supply_quota,low,endogenous,190,902593,0.8,73.6019
supply_quota,low,endogenous,191,988211,0.6,75.7672
supply_quota,low,endogenous,192,12039,0.8667,76.8112
supply_quota,low,endogenous,193,713329,1.0,83.3495
supply_quota,low,endogenous,194,755732,0.7,67.7891
supply_quota,low,endogenous,195,120117,0.7333,73.4887
supply_quota,low,endogenous,196,714826,0.6,65.3944
supply_quota,low,endogenous,197,927768,0.3667,57.5571
supply_quota,low,endogenous,198,563055,0.3333,48.0527
supply_quota,low,endogenous,199,787353,0.6,65.4182
supply_quota,low,exogenous,0,670488,1.0,80.4513
supply_quota,low,exogenous,1,116740,1.0,79.606
supply_quota,low,exogenous,2,26226,1.0,77.065
supply_quota,low,exogenous,3,777573,1.0,81.5579
supply_quota,low,exogenous,4,288390,1.0,74.9043
supply_quota,low,exogenous,5,256788,1.0,87.4113
supply_quota,low,exogenous,6,234054,1.0,83.9291
supply_quota,low,exogenous,7,146317,1.0,81.9239
supply_quota,low,exogenous,8,772247,1.0,82.5354
supply_quota,low,exogenous,9,107474,1.0,85.9958
supply_quota,low,exogenous,10,709571,1.0,84.9425
supply_quota,low,exogenous,11,776647,1.0,86.5089
supply_quota,low,exogenous,12,935519,1.0,82.6816
supply_quota,low,exogenous,13,571859,1.0,82.7196
supply_quota,low,exogenous,14,91162,1.0,81.9132
supply_quota,low,exogenous,15,619177,1.0,76.8354
supply_quota,low,exogenous,16,442418,1.0,76.188
supply_quota,low,exogenous,17,33327,1.0,88.9864
supply_quota,low,exogenous,18,31245,1.0,82.0024
supply_quota,low,exogenous,19,98247,1.0,82.3694
supply_quota,low,exogenous,20,229259,1.0,83.6582
supply_quota,low,exogenous,21,243963,1.0,88.9852
supply_quota,low,exogenous,22,529904,1.0,87.7843
supply_quota,low,exogenous,23,631263,1.0,85.9611
supply_quota,low,exogenous,24,27825,1.0,80.2797
supply_quota,low,exogenous,25,588509,1.0,84.7827
supply_quota,low,exogenous,26,208497,1.0,81.2175
supply_quota,low,exogenous,27,750801,1.0,76.1908
supply_quota,low,exogenous,28,681454,1.0,83.9283
supply_quota,low,exogenous,29,735393,1.0,82.8079
supply_quota,low,exogenous,30,571413,1.0,85.6537
supply_quota,low,exogenous,31,439899,1.0,88.5429
supply_quota,low,exogenous,32,231149,1.0,74.7005
supply_quota,low,exogenous,33,471030,1.0,81.1694
supply_quota,low,exogenous,34,617890,1.0,87.026
supply_quota,low,exogenous,35,291705,1.0,89.4972
supply_quota,low,exogenous,36,848750,1.0,81.5031
supply_quota,low,exogenous,37,911528,1.0,82.3988
supply_quota,low,exogenous,38,6815,1.0,79.6948
supply_quota,low,exogenous,39,795668,1.0,83.8185
supply_quota,low,exogenous,40,844963,1.0,84.5805
supply_quota,low,exogenous,41,167415,1.0,84.9246
supply_quota,low,exogenous,42,732053,1.0,84.7593
supply_quota,low,exogenous,43,443144,1.0,75.5329
supply_quota,low,exogenous,44,356779,1.0,74.9994
supply_quota,low,exogenous,45,291370,1.0,79.9732
supply_quota,low,exogenous,46,163033,1.0,82.7593
supply_quota,low,exogenous,47,225773,1.0,82.5988
supply_quota,low,exogenous,48,800582,1.0,80.6406
supply_quota,low,exogenous,49,352945,1.0,88.5526
supply_quota,low,exogenous,50,107176,1.0,82.0776
supply_quota,low,exogenous,51,97252,1.0,81.468
supply_quota,low,exogenous,52,398383,1.0,81.2925
supply_quota,low,exogenous,53,101415,1.0,80.3326
supply_quota,low,exogenous,54,376418,1.0,86.2919
supply_quota,low,exogenous,55,888663,1.0,85.5839
supply_quota,low,exogenous,56,360664,1.0,77.0306
supply_quota,low,exogenous,57,633053,1.0,76.3659
supply_quota,low,exogenous,58,277371,1.0,82.6228
supply_quota,low,exogenous,59,846336,1.0,83.2042
supply_quota,low,exogenous,60,45562,1.0,83.82
supply_quota,low,exogenous,61,765180,1.0,81.0803
supply_quota,low,exogenous,62,481742,1.0,81.1945
supply_quota,low,exogenous,63,562276,1.0,80.5198
supply_quota,low,exogenous,64,130890,1.0,81.2746
supply_quota,low,exogenous,65,967097,1.0,84.1444
supply_quota,low,exogenous,66,396923,1.0,78.8094
supply_quota,low,exogenous,67,82628,1.0,82.7404
supply_quota,low,exogenous,68,578857,1.0,77.4115
supply_quota,low,exogenous,69,307420,1.0,80.6801
supply_quota,low,exogenous,70,869694,1.0,82.5942
supply_quota,low,exogenous,71,659177,1.0,77.6294
supply_quota,low,exogenous,72,648565,1.0,82.4571
supply_quota,low,exogenous,73,928464,1.0,83.3323
supply_quota,low,exogenous,74,903566,1.0,87.0869
supply_quota,low,exogenous,75,379202,1.0,88.4203
supply_quota,low,exogenous,76,605398,1.0,79.0304
supply_quota,low,exogenous,77,201630,1.0,77.1064
supply_quota,low,exogenous,78,738798,1.0,77.9725
supply_quota,low,exogenous,79,72934,1.0,85.7491
supply_quota,low,exogenous,80,48051,1.0,82.5879
supply_quota,low,exogenous,81,693385,1.0,75.3807
supply_quota,low,exogenous,82,238969,1.0,87.3675
supply_quota,low,exogenous,83,810621,1.0,85.5852
supply_quota,low,exogenous,84,303446,1.0,81.8747
supply_quota,low,exogenous,85,83668,1.0,84.1262
supply_quota,low,exogenous,86,896866,1.0,75.3952
supply_quota,low,exogenous,87,244099,1.0,79.914
supply_quota,low,exogenous,88,908574,1.0,84.7236
supply_quota,low,exogenous,89,105908,1.0,84.6458
supply_quota,low,exogenous,90,398592,1.0,83.7385
supply_quota,low,exogenous,91,291477,1.0,83.0418
supply_quota,low,exogenous,92,475436,1.0,83.9032
supply_quota,low,exogenous,93,666564,1.0,81.3109
supply_quota,low,exogenous,94,874629,1.0,88.8214
supply_quota,low,exogenous,95,382555,1.0,84.7836
supply_quota,low,exogenous,96,170556,1.0,84.488
supply_quota,low,exogenous,97,388163,1.0,79.2988
supply_quota,low,exogenous,98,372529,1.0,84.2965
supply_quota,low,exogenous,99,219685,1.0,81.9816
supply_quota,low,exogenous,100,702730,1.0,84.8558
supply_quota,low,exogenous,101,279947,1.0,81.6663
supply_quota,low,exogenous,102,735912,1.0,82.4247
supply_quota,low,exogenous,103,982154,1.0,86.8069
supply_quota,low,exogenous,104,716752,1.0,78.6961
supply_quota,low,exogenous,105,679515,1.0,83.965
supply_quota,low,exogenous,106,74871,1.0,86.9072
supply_quota,low,exogenous,107,638721,1.0,86.2632
supply_quota,low,exogenous,108,665823,1.0,78.0808
supply_quota,low,exogenous,109,179452,1.0,83.9933
supply_quota,low,exogenous,110,560087,1.0,84.4593
supply_quota,low,exogenous,111,764545,1.0,75.3923
supply_quota,low,exogenous,112,256703,1.0,78.142
supply_quota,low,exogenous,113,171340,1.0,82.0512
supply_quota,low,exogenous,114,484715,1.0,83.7674
supply_quota,low,exogenous,115,397888,1.0,86.4502
supply_quota,low,exogenous,116,283061,1.0,82.6004
supply_quota,low,exogenous,117,970343,1.0,83.6578
supply_quota,low,exogenous,118,671089,1.0,78.9891
supply_quota,low,exogenous,119,721591,1.0,79.8072
supply_quota,low,exogenous,120,584005,1.0,82.4547
supply_quota,low,exogenous,121,230284,1.0,84.0469
supply_quota,low,exogenous,122,717871,1.0,85.4554
supply_quota,low,exogenous,123,340036,1.0,80.626
supply_quota,low,exogenous,124,883795,1.0,80.0339
supply_quota,low,exogenous,125,805636,1.0,85.3908
supply_quota,low,exogenous,126,813695,1.0,81.9844
supply_quota,low,exogenous,127,58656,1.0,83.4795
supply_quota,low,exogenous,128,240175,1.0,84.7782
supply_quota,low,exogenous,129,861723,1.0,79.2103
supply_quota,low,exogenous,130,33660,1.0,80.0874
supply_quota,low,exogenous,131,844152,1.0,79.7673
supply_quota,low,exogenous,132,330777,1.0,80.9343
supply_quota,low,exogenous,133,420652,1.0,85.869
supply_quota,low,exogenous,134,280747,1.0,83.1088
supply_quota,low,exogenous,135,69404,1.0,84.9522
supply_quota,low,exogenous,136,221232,1.0,80.2628
supply_quota,low,exogenous,137,957493,1.0,84.0017
supply_quota,low,exogenous,138,988713,1.0,84.5711
supply_quota,low,exogenous,139,594732,1.0,80.9597
supply_quota,low,exogenous,140,918939,1.0,85.9603
supply_quota,low,exogenous,141,752788,1.0,78.997
supply_quota,low,exogenous,142,329964,1.0,77.2663
supply_quota,low,exogenous,143,222956,1.0,83.184
supply_quota,low,exogenous,144,687278,1.0,82.3103
supply_quota,low,exogenous,145,523482,1.0,83.1919
supply_quota,low,exogenous,146,414851,1.0,80.0343
supply_quota,low,exogenous,147,927658,1.0,79.6929
supply_quota,low,exogenous,148,958973,1.0,83.7282
supply_quota,low,exogenous,149,674080,1.0,81.1202
supply_quota,low,exogenous,150,481142,1.0,83.1846
supply_quota,low,exogenous,151,149812,1.0,77.9661
supply_quota,low,exogenous,152,277747,1.0,78.1901
supply_quota,low,exogenous,153,146414,1.0,83.4982
supply_quota,low,exogenous,154,258608,1.0,80.5347
supply_quota,low,exogenous,155,781178,1.0,73.6169
supply_quota,low,exogenous,156,588638,1.0,84.2838
supply_quota,low,exogenous,157,565159,1.0,82.1231
supply_quota,low,exogenous,158,275505,1.0,83.8177
supply_quota,low,exogenous,159,783301,1.0,83.4646
supply_quota,low,exogenous,160,612983,1.0,76.6857
supply_quota,low,exogenous,161,449246,1.0,82.2091
supply_quota,low,exogenous,162,941436,1.0,80.402
supply_quota,low,exogenous,163,611879,1.0,79.735
supply_quota,low,exogenous,164,418802,1.0,83.0666
supply_quota,low,exogenous,165,379581,1.0,81.0802
supply_quota,low,exogenous,166,229975,1.0,86.4645
supply_quota,low,exogenous,167,145052,1.0,80.6906
supply_quota,low,exogenous,168,534278,1.0,84.3351
supply_quota,low,exogenous,169,517489,1.0,90.1002
supply_quota,low,exogenous,170,95326,1.0,81.4065
supply_quota,low,exogenous,171,792496,1.0,77.5126
supply_quota,low,exogenous,172,49406,1.0,83.2022
supply_quota,low,exogenous,173,902932,1.0,80.8217
supply_quota,low,exogenous,174,114976,1.0,83.101
supply_quota,low,exogenous,175,160266,1.0,78.5887
supply_quota,low,exogenous,176,657925,1.0,85.077
supply_quota,low,exogenous,177,167754,1.0,86.7452
supply_quota,low,exogenous,178,830556,1.0,85.9467
supply_quota,low,exogenous,179,713537,1.0,78.3809
supply_quota,low,exogenous,180,442667,1.0,84.5895
supply_quota,low,exogenous,181,625381,1.0,83.5333
supply_quota,low,exogenous,182,66614,1.0,80.1214
supply_quota,low,exogenous,183,403458,1.0,78.1661
supply_quota,low,exogenous,184,400157,1.0,83.1045
supply_quota,low,exogenous,185,624835,1.0,80.5937
supply_quota,low,exogenous,186,490786,1.0,80.5192
supply_quota,low,exogenous,187,554817,1.0,84.8335
supply_quota,low,exogenous,188,263627,1.0,80.978
supply_quota,low,exogenous,189,580100,1.0,83.037
supply_quota,low,exogenous,190,902593,1.0,77.4819
supply_quota,low,exogenous,191,988211,1.0,81.3019
supply_quota,low,exogenous,192,12039,1.0,84.0161
supply_quota,low,exogenous,193,713329,1.0,82.7272
supply_quota,low,exogenous,194,755732,1.0,84.7177
supply_quota,low,exogenous,195,120117,1.0,81.6998
supply_quota,low,exogenous,196,714826,1.0,82.8983
supply_quota,low,exogenous,197,927768,1.0,86.2235
supply_quota,low,exogenous,198,563055,1.0,81.8143
supply_quota,low,exogenous,199,787353,1.0,74.6829
producer_signal,low,endogenous,0,670488,0.3667,67.3472
producer_signal,low,endogenous,1,116740,0.9,86.7252
producer_signal,low,endogenous,2,26226,0.4667,62.167
producer_signal,low,endogenous,3,777573,0.9,88.7024
producer_signal,low,endogenous,4,288390,0.7333,82.449
producer_signal,low,endogenous,5,256788,0.7667,82.9984
producer_signal,low,endogenous,6,234054,0.5667,65.6397
producer_signal,low,endogenous,7,146317,0.8333,84.7368
producer_signal,low,endogenous,8,772247,0.6667,80.6344
producer_signal,low,endogenous,9,107474,0.9667,98.6977
producer_signal,low,endogenous,10,709571,0.6333,76.7399
producer_signal,low,endogenous,11,776647,0.9,94.863
producer_signal,low,endogenous,12,935519,0.8333,84.7307
producer_signal,low,endogenous,13,571859,0.8333,86.5402
producer_signal,low,endogenous,14,91162,0.5333,57.2932
producer_signal,low,endogenous,15,619177,0.6667,85.3954
producer_signal,low,endogenous,16,442418,0.9667,89.0945
producer_signal,low,endogenous,17,33327,0.9,98.9556
producer_signal,low,endogenous,18,31245,0.9,90.7381
producer_signal,low,endogenous,19,98247,0.9333,90.8879
producer_signal,low,endogenous,20,229259,0.9667,97.4097
producer_signal,low,endogenous,21,243963,0.7333,91.3854
producer_signal,low,endogenous,22,529904,0.8,91.7528
producer_signal,low,endogenous,23,631263,0.6667,83.605
producer_signal,low,endogenous,24,27825,0.5667,75.3907
producer_signal,low,endogenous,25,588509,0.7333,84.7066
producer_signal,low,endogenous,26,208497,0.7,86.0293
producer_signal,low,endogenous,27,750801,0.8,86.1967
producer_signal,low,endogenous,28,681454,0.5,81.5113
producer_signal,low,endogenous,29,735393,0.3,65.2903
producer_signal,low,endogenous,30,571413,0.5333,79.0255
producer_signal,low,endogenous,31,439899,0.7333,92.701
producer_signal,low,endogenous,32,231149,0.7,71.6229
producer_signal,low,endogenous,33,471030,0.7,83.1642
producer_signal,low,endogenous,34,617890,0.9667,94.5687
producer_signal,low,endogenous,35,291705,0.4667,73.2655
producer_signal,low,endogenous,36,848750,0.8667,87.1565
producer_signal,low,endogenous,37,911528,0.8,85.251
producer_signal,low,endogenous,38,6815,0.8,86.9899
producer_signal,low,endogenous,39,795668,0.8333,84.7953
producer_signal,low,endogenous,40,844963,0.5667,81.3242
producer_signal,low,endogenous,41,167415,0.9667,95.4952
producer_signal,low,endogenous,42,732053,0.7667,90.7152
producer_signal,low,endogenous,43,443144,0.6333,68.7604
producer_signal,low,endogenous,44,356779,0.7,72.4513
producer_signal,low,endogenous,45,291370,0.7667,91.1959
producer_signal,low,endogenous,46,163033,0.5333,72.1057
producer_signal,low,endogenous,47,225773,0.7,86.3377
producer_signal,low,endogenous,48,800582,0.7333,76.9189
producer_signal,low,endogenous,49,352945,0.7333,93.804
producer_signal,low,endogenous,50,107176,0.8,84.5184
producer_signal,low,endogenous,51,97252,0.9,90.264
producer_signal,low,endogenous,52,398383,0.7333,84.2151
producer_signal,low,endogenous,53,101415,0.9667,92.2936
producer_signal,low,endogenous,54,376418,0.7,81.9725
producer_signal,low,endogenous,55,888663,0.5,64.919
producer_signal,low,endogenous,56,360664,0.9667,90.5008
producer_signal,low,endogenous,57,633053,0.8667,80.0117
producer_signal,low,endogenous,58,277371,0.8667,85.1783
producer_signal,low,endogenous,59,846336,0.9,90.0475
producer_signal,low,endogenous,60,45562,0.8667,91.932
producer_signal,low,endogenous,61,765180,0.4333,60.4638
producer_signal,low,endogenous,62,481742,0.7667,88.3593
producer_signal,low,endogenous,63,562276,0.8667,82.9053
producer_signal,low,endogenous,64,130890,0.5667,79.6224
producer_signal,low,endogenous,65,967097,0.6667,85.9802
producer_signal,low,endogenous,66,396923,0.5333,64.2626
producer_signal,low,endogenous,67,82628,0.8667,84.8087
producer_signal,low,endogenous,68,578857,0.8,80.4732
producer_signal,low,endogenous,69,307420,0.6,87.5182
producer_signal,low,endogenous,70,869694,0.7,77.4777
producer_signal,low,endogenous,71,659177,0.4667,76.182
producer_signal,low,endogenous,72,648565,0.5667,71.5839
producer_signal,low,endogenous,73,928464,0.6,81.2513
producer_signal,low,endogenous,74,903566,0.9667,99.5141
producer_signal,low,endogenous,75,379202,0.2333,59.0047
producer_signal,low,endogenous,76,605398,0.8667,89.9627
producer_signal,low,endogenous,77,201630,0.9333,88.378
producer_signal,low,endogenous,78,738798,0.8,83.3663
producer_signal,low,endogenous,79,72934,0.7667,86.5539
producer_signal,low,endogenous,80,48051,0.5333,77.3856
producer_signal,low,endogenous,81,693385,0.8,83.4435
producer_signal,low,endogenous,82,238969,0.8333,95.4865
producer_signal,low,endogenous,83,810621,0.5333,68.1685
producer_signal,low,endogenous,84,303446,0.7667,79.4352
producer_signal,low,endogenous,85,83668,0.6,90.1312
producer_signal,low,endogenous,86,896866,0.7333,82.0342
producer_signal,low,endogenous,87,244099,0.7667,85.5468
producer_signal,low,endogenous,88,908574,0.7667,80.9023
producer_signal,low,endogenous,89,105908,0.7333,88.2635
producer_signal,low,endogenous,90,398592,0.8333,89.1658
producer_signal,low,endogenous,91,291477,0.9,89.3588
producer_signal,low,endogenous,92,475436,0.6,73.6548
producer_signal,low,endogenous,93,666564,0.9333,95.9957
producer_signal,low,endogenous,94,874629,0.7,84.9286
producer_signal,low,endogenous,95,382555,0.8,81.3297
producer_signal,low,endogenous,96,170556,0.7,80.0166
producer_signal,low,endogenous,97,388163,0.8,83.3797
producer_signal,low,endogenous,98,372529,0.5667,88.071
producer_signal,low,endogenous,99,219685,0.9333,87.8983
producer_signal,low,endogenous,100,702730,0.5333,78.1939
producer_signal,low,endogenous,101,279947,0.5333,68.3732
producer_signal,low,endogenous,102,735912,0.6,67.8518
producer_signal,low,endogenous,103,982154,0.6667,86.6611
producer_signal,low,endogenous,104,716752,0.7,80.1668
producer_signal,low,endogenous,105,679515,0.5,68.5394
producer_signal,low,endogenous,106,74871,0.8667,91.1672
producer_signal,low,endogenous,107,638721,0.9333,95.5651
producer_signal,low,endogenous,108,665823,0.9,84.0225
producer_signal,low,endogenous,109,179452,0.3333,71.5898
producer_signal,low,endogenous,110,560087,0.4667,66.0776
producer_signal,low,endogenous,111,764545,0.9333,83.2202
producer_signal,low,endogenous,112,256703,0.9333,89.0269
producer_signal,low,endogenous,113,171340,0.6333,78.2328
producer_signal,low,endogenous,114,484715,0.6333,82.4843
producer_signal,low,endogenous,115,397888,0.7667,82.0785
producer_signal,low,endogenous,116,283061,0.4333,66.0162
producer_signal,low,endogenous,117,970343,0.5667,82.6368
producer_signal,low,endogenous,118,671089,0.5667,66.368
producer_signal,low,endogenous,119,721591,0.3,75.4169
producer_signal,low,endogenous,120,584005,0.8,85.547
producer_signal,low,endogenous,121,230284,0.5667,63.3791
producer_signal,low,endogenous,122,717871,0.6333,75.359
producer_signal,low,endogenous,123,340036,0.7667,90.2867
producer_signal,low,endogenous,124,883795,0.8333,91.5412
producer_signal,low,endogenous,125,805636,0.9333,98.047
producer_signal,low,endogenous,126,813695,0.6333,79.8214
producer_signal,low,endogenous,127,58656,0.2333,61.314
producer_signal,low,endogenous,128,240175,0.4667,78.7698
producer_signal,low,endogenous,129,861723,0.6333,79.0456
producer_signal,low,endogenous,130,33660,0.9333,91.9215
producer_signal,low,endogenous,131,844152,0.7,73.3772
producer_signal,low,endogenous,132,330777,0.5333,76.9487
producer_signal,low,endogenous,133,420652,0.5333,81.4128
producer_signal,low,endogenous,134,280747,0.8333,96.0696
producer_signal,low,endogenous,135,69404,0.8333,93.4109
producer_signal,low,endogenous,136,221232,0.7667,78.3091
producer_signal,low,endogenous,137,957493,0.5667,67.8745
producer_signal,low,endogenous,138,988713,0.8333,86.3783
producer_signal,low,endogenous,139,594732,0.9667,97.4916
producer_signal,low,endogenous,140,918939,0.6667,80.7435
producer_signal,low,endogenous,141,752788,0.8667,93.2268
producer_signal,low,endogenous,142,329964,0.8,81.8088
producer_signal,low,endogenous,143,222956,0.7333,80.3631
producer_signal,low,endogenous,144,687278,0.5667,71.2729
producer_signal,low,endogenous,145,523482,0.9333,90.005
producer_signal,low,endogenous,146,414851,0.4,59.6423
producer_signal,low,endogenous,147,927658,0.7667,79.405
producer_signal,low,endogenous,148,958973,0.9667,93.2551
producer_signal,low,endogenous,149,674080,0.8333,91.8015
producer_signal,low,endogenous,150,481142,0.8,88.4239
producer_signal,low,endogenous,151,149812,0.9667,89.7312
producer_signal,low,endogenous,152,277747,0.4,66.1567
producer_signal,low,endogenous,153,146414,0.6,73.8223
producer_signal,low,endogenous,154,258608,1.0,97.6885
producer_signal,low,endogenous,155,781178,0.8667,80.7002
producer_signal,low,endogenous,156,588638,0.9,97.702
producer_signal,low,endogenous,157,565159,0.8333,90.8672
producer_signal,low,endogenous,158,275505,0.8333,93.9467
producer_signal,low,endogenous,159,783301,0.6,82.4659
producer_signal,low,endogenous,160,612983,0.8333,84.6429
producer_signal,low,endogenous,161,449246,0.8667,95.0603
producer_signal,low,endogenous,162,941436,0.7333,81.3699
producer_signal,low,endogenous,163,611879,0.8,84.1111
producer_signal,low,endogenous,164,418802,0.7333,78.2059
producer_signal,low,endogenous,165,379581,0.7667,91.1133
producer_signal,low,endogenous,166,229975,0.9333,97.7994
producer_signal,low,endogenous,167,145052,0.9,87.7443
producer_signal,low,endogenous,168,534278,0.8667,91.5799
producer_signal,low,endogenous,169,517489,0.7,89.7686
producer_signal,low,endogenous,170,95326,0.6667,79.1332
producer_signal,low,endogenous,171,792496,0.9,86.7532
producer_signal,low,endogenous,172,49406,0.7333,80.5422
producer_signal,low,endogenous,173,902932,0.9,89.5522
producer_signal,low,endogenous,174,114976,0.7333,78.8856
producer_signal,low,endogenous,175,160266,0.9,94.1538
producer_signal,low,endogenous,176,657925,0.5,64.1279
producer_signal,low,endogenous,177,167754,0.9667,95.406
producer_signal,low,endogenous,178,830556,0.9333,94.7657
producer_signal,low,endogenous,179,713537,0.6667,73.5696
producer_signal,low,endogenous,180,442667,0.8333,89.1151
producer_signal,low,endogenous,181,625381,0.6667,84.8241
producer_signal,low,endogenous,182,66614,0.5667,86.608
producer_signal,low,endogenous,183,403458,0.9,90.9382
producer_signal,low,endogenous,184,400157,1.0,92.8294
producer_signal,low,endogenous,185,624835,0.7333,80.8427
producer_signal,low,endogenous,186,490786,0.6333,75.8089
producer_signal,low,endogenous,187,554817,0.5667,74.7172
producer_signal,low,endogenous,188,263627,0.8,85.1273
producer_signal,low,endogenous,189,580100,0.4667,50.9255
producer_signal,low,endogenous,190,902593,0.8,88.0515
producer_signal,low,endogenous,191,988211,0.6,88.8306
producer_signal,low,endogenous,192,12039,0.8667,87.6451
producer_signal,low,endogenous,193,713329,1.0,96.6997
producer_signal,low,endogenous,194,755732,0.7,79.6148
producer_signal,low,endogenous,195,120117,0.7333,85.1802
producer_signal,low,endogenous,196,714826,0.6,76.7767
producer_signal,low,endogenous,197,927768,0.3667,66.5486
producer_signal,low,endogenous,198,563055,0.3333,56.3005
producer_signal,low,endogenous,199,787353,0.6,78.3441
producer_signal,low,exogenous,0,670488,1.0,94.1714
producer_signal,low,exogenous,1,116740,1.0,93.7899
producer_signal,low,exogenous,2,26226,1.0,90.4796
producer_signal,low,exogenous,3,777573,1.0,93.9861
producer_signal,low,exogenous,4,288390,1.0,89.3554
producer_signal,low,exogenous,5,256788,1.0,101.0092
producer_signal,low,exogenous,6,234054,1.0,93.6301
producer_signal,low,exogenous,7,146317,1.0,94.3095
producer_signal,low,exogenous,8,772247,1.0,95.0216
producer_signal,low,exogenous,9,107474,1.0,99.0449
producer_signal,low,exogenous,10,709571,1.0,100.8937
producer_signal,low,exogenous,11,776647,1.0,98.8995
producer_signal,low,exogenous,12,935519,1.0,93.8081
producer_signal,low,exogenous,13,571859,1.0,96.8506
producer_signal,low,exogenous,14,91162,1.0,96.2499
producer_signal,low,exogenous,15,619177,1.0,90.2918
producer_signal,low,exogenous,16,442418,1.0,88.8244
producer_signal,low,exogenous,17,33327,1.0,104.8413
producer_signal,low,exogenous,18,31245,1.0,96.0315
producer_signal,low,exogenous,19,98247,1.0,96.0019
producer_signal,low,exogenous,20,229259,1.0,99.8719
producer_signal,low,exogenous,21,243963,1.0,99.5194
producer_signal,low,exogenous,22,529904,1.0,102.4652
producer_signal,low,exogenous,23,631263,1.0,99.8295
producer_signal,low,exogenous,24,27825,1.0,94.9626
producer_signal,low,exogenous,25,588509,1.0,95.7505
producer_signal,low,exogenous,26,208497,1.0,93.0486
producer_signal,low,exogenous,27,750801,1.0,92.4739
producer_signal,low,exogenous,28,681454,1.0,97.9642
producer_signal,low,exogenous,29,735393,1.0,95.2462
producer_signal,low,exogenous,30,571413,1.0,97.1773
producer_signal,low,exogenous,31,439899,1.0,101.2607
producer_signal,low,exogenous,32,231149,1.0,87.0439
producer_signal,low,exogenous,33,471030,1.0,96.4958
producer_signal,low,exogenous,34,617890,1.0,97.6115
producer_signal,low,exogenous,35,291705,1.0,104.797
producer_signal,low,exogenous,36,848750,1.0,94.8236
producer_signal,low,exogenous,37,911528,1.0,95.7808
producer_signal,low,exogenous,38,6815,1.0,94.0463
producer_signal,low,exogenous,39,795668,1.0,95.1853
producer_signal,low,exogenous,40,844963,1.0,98.0268
producer_signal,low,exogenous,41,167415,1.0,97.8912
producer_signal,low,exogenous,42,732053,1.0,99.2452
producer_signal,low,exogenous,43,443144,1.0,91.6921
producer_signal,low,exogenous,44,356779,1.0,87.4669
producer_signal,low,exogenous,45,291370,1.0,93.8398
producer_signal,low,exogenous,46,163033,1.0,98.6949
producer_signal,low,exogenous,47,225773,1.0,92.4125
producer_signal,low,exogenous,48,800582,1.0,95.7491
producer_signal,low,exogenous,49,352945,1.0,99.1163
producer_signal,low,exogenous,50,107176,1.0,95.8134
producer_signal,low,exogenous,51,97252,1.0,92.9278
producer_signal,low,exogenous,52,398383,1.0,96.1069
producer_signal,low,exogenous,53,101415,1.0,92.0994
producer_signal,low,exogenous,54,376418,1.0,98.9161
producer_signal,low,exogenous,55,888663,1.0,99.2044
producer_signal,low,exogenous,56,360664,1.0,91.0909
producer_signal,low,exogenous,57,633053,1.0,88.672
producer_signal,low,exogenous,58,277371,1.0,92.9945
producer_signal,low,exogenous,59,846336,1.0,96.8886
producer_signal,low,exogenous,60,45562,1.0,97.3548
producer_signal,low,exogenous,61,765180,1.0,92.1152
producer_signal,low,exogenous,62,481742,1.0,95.6185
producer_signal,low,exogenous,63,562276,1.0,91.6645
producer_signal,low,exogenous,64,130890,1.0,96.7949
producer_signal,low,exogenous,65,967097,1.0,96.9108
producer_signal,low,exogenous,66,396923,1.0,91.6014
producer_signal,low,exogenous,67,82628,1.0,93.0117
producer_signal,low,exogenous,68,578857,1.0,93.3074
producer_signal,low,exogenous,69,307420,1.0,94.1502
producer_signal,low,exogenous,70,869694,1.0,96.3102
producer_signal,low,exogenous,71,659177,1.0,91.4964
producer_signal,low,exogenous,72,648565,1.0,95.5685
producer_signal,low,exogenous,73,928464,1.0,94.7993
producer_signal,low,exogenous,74,903566,1.0,99.8799
producer_signal,low,exogenous,75,379202,1.0,102.6597
producer_signal,low,exogenous,76,605398,1.0,91.106
producer_signal,low,exogenous,77,201630,1.0,90.8427
producer_signal,low,exogenous,78,738798,1.0,92.4197
producer_signal,low,exogenous,79,72934,1.0,95.7037
producer_signal,low,exogenous,80,48051,1.0,97.4124
producer_signal,low,exogenous,81,693385,1.0,88.7923
producer_signal,low,exogenous,82,238969,1.0,102.1476
producer_signal,low,exogenous,83,810621,1.0,96.5298
producer_signal,low,exogenous,84,303446,1.0,95.3219
producer_signal,low,exogenous,85,83668,1.0,98.9705
producer_signal,low,exogenous,86,896866,1.0,89.2249
producer_signal,low,exogenous,87,244099,1.0,93.0995
producer_signal,low,exogenous,88,908574,1.0,93.8125
producer_signal,low,exogenous,89,105908,1.0,96.7529
producer_signal,low,exogenous,90,398592,1.0,96.5083
producer_signal,low,exogenous,91,291477,1.0,94.6827
producer_signal,low,exogenous,92,475436,1.0,98.2659
producer_signal,low,exogenous,93,666564,1.0,98.2322
producer_signal,low,exogenous,94,874629,1.0,101.5232
producer_signal,low,exogenous,95,382555,1.0,94.8861
producer_signal,low,exogenous,96,170556,1.0,97.1802
producer_signal,low,exogenous,97,388163,1.0,90.4787
producer_signal,low,exogenous,98,372529,1.0,97.587
producer_signal,low,exogenous,99,219685,1.0,92.7151
producer_signal,low,exogenous,100,702730,1.0,95.3647
producer_signal,low,exogenous,101,279947,1.0,94.4701
producer_signal,low,exogenous,102,735912,1.0,94.8202
producer_signal,low,exogenous,103,982154,1.0,99.826
producer_signal,low,exogenous,104,716752,1.0,94.2986
producer_signal,low,exogenous,105,679515,1.0,95.1667
producer_signal,low,exogenous,106,74871,1.0,99.7148
producer_signal,low,exogenous,107,638721,1.0,100.1719
producer_signal,low,exogenous,108,665823,1.0,91.8007
producer_signal,low,exogenous,109,179452,1.0,95.1918
producer_signal,low,exogenous,110,560087,1.0,98.7632
producer_signal,low,exogenous,111,764545,1.0,87.9712
producer_signal,low,exogenous,112,256703,1.0,93.5387
producer_signal,low,exogenous,113,171340,1.0,96.7089
producer_signal,low,exogenous,114,484715,1.0,97.393
producer_signal,low,exogenous,115,397888,1.0,96.695
producer_signal,low,exogenous,116,283061,1.0,97.6888
producer_signal,low,exogenous,117,970343,1.0,95.9688
producer_signal,low,exogenous,118,671089,1.0,93.3539
producer_signal,low,exogenous,119,721591,1.0,91.8335
producer_signal,low,exogenous,120,584005,1.0,97.4361
producer_signal,low,exogenous,121,230284,1.0,92.408
producer_signal,low,exogenous,122,717871,1.0,100.4193
producer_signal,low,exogenous,123,340036,1.0,92.4197
producer_signal,low,exogenous,124,883795,1.0,94.7977
producer_signal,low,exogenous,125,805636,1.0,100.0512
producer_signal,low,exogenous,126,813695,1.0,94.221
producer_signal,low,exogenous,127,58656,1.0,96.9691
producer_signal,low,exogenous,128,240175,1.0,97.8269
producer_signal,low,exogenous,129,861723,1.0,94.1761
producer_signal,low,exogenous,130,33660,1.0,97.2983
producer_signal,low,exogenous,131,844152,1.0,95.6896
producer_signal,low,exogenous,132,330777,1.0,94.4504
producer_signal,low,exogenous,133,420652,1.0,97.7063
producer_signal,low,exogenous,134,280747,1.0,97.271
producer_signal,low,exogenous,135,69404,1.0,100.0285
producer_signal,low,exogenous,136,221232,1.0,94.3126
producer_signal,low,exogenous,137,957493,1.0,96.567
producer_signal,low,exogenous,138,988713,1.0,95.6724
producer_signal,low,exogenous,139,594732,1.0,97.565
producer_signal,low,exogenous,140,918939,1.0,100.4765
producer_signal,low,exogenous,141,752788,1.0,96.5436
producer_signal,low,exogenous,142,329964,1.0,90.5434
producer_signal,low,exogenous,143,222956,1.0,98.5571
producer_signal,low,exogenous,144,687278,1.0,97.6061
producer_signal,low,exogenous,145,523482,1.0,94.5381
producer_signal,low,exogenous,146,414851,1.0,97.0847
producer_signal,low,exogenous,147,927658,1.0,90.3369
producer_signal,low,exogenous,148,958973,1.0,95.7484
producer_signal,low,exogenous,149,674080,1.0,96.8677
producer_signal,low,exogenous,150,481142,1.0,96.4557
producer_signal,low,exogenous,151,149812,1.0,92.2709
producer_signal,low,exogenous,152,277747,1.0,91.8397
producer_signal,low,exogenous,153,146414,1.0,95.4326
producer_signal,low,exogenous,154,258608,1.0,97.4859
producer_signal,low,exogenous,155,781178,1.0,89.4007
producer_signal,low,exogenous,156,588638,1.0,100.5397
producer_signal,low,exogenous,157,565159,1.0,97.4206
producer_signal,low,exogenous,158,275505,1.0,97.5025
producer_signal,low,exogenous,159,783301,1.0,98.0368
producer_signal,low,exogenous,160,612983,1.0,93.339
producer_signal,low,exogenous,161,449246,1.0,99.1195
producer_signal,low,exogenous,162,941436,1.0,93.5951
producer_signal,low,exogenous,163,611879,1.0,94.5991
producer_signal,low,exogenous,164,418802,1.0,96.4008
producer_signal,low,exogenous,165,379581,1.0,95.1774
producer_signal,low,exogenous,166,229975,1.0,102.0512
producer_signal,low,exogenous,167,145052,1.0,91.7888
producer_signal,low,exogenous,168,534278,1.0,97.0007
producer_signal,low,exogenous,169,517489,1.0,101.5025
producer_signal,low,exogenous,170,95326,1.0,96.4024
producer_signal,low,exogenous,171,792496,1.0,88.812
producer_signal,low,exogenous,172,49406,1.0,95.4798
producer_signal,low,exogenous,173,902932,1.0,92.4315
producer_signal,low,exogenous,174,114976,1.0,96.3984
producer_signal,low,exogenous,175,160266,1.0,94.7506
producer_signal,low,exogenous,176,657925,1.0,98.5357
producer_signal,low,exogenous,177,167754,1.0,98.7758
producer_signal,low,exogenous,178,830556,1.0,98.7901
producer_signal,low,exogenous,179,713537,1.0,93.0078
producer_signal,low,exogenous,180,442667,1.0,98.2515
producer_signal,low,exogenous,181,625381,1.0,94.6979
producer_signal,low,exogenous,182,66614,1.0,93.1783
producer_signal,low,exogenous,183,403458,1.0,91.5961
producer_signal,low,exogenous,184,400157,1.0,93.7713
producer_signal,low,exogenous,185,624835,1.0,93.8673
producer_signal,low,exogenous,186,490786,1.0,92.6958
producer_signal,low,exogenous,187,554817,1.0,97.8249
producer_signal,low,exogenous,188,263627,1.0,94.399
producer_signal,low,exogenous,189,580100,1.0,95.9582
producer_signal,low,exogenous,190,902593,1.0,92.8207
producer_signal,low,exogenous,191,988211,1.0,95.5416
producer_signal,low,exogenous,192,12039,1.0,96.1723
producer_signal,low,exogenous,193,713329,1.0,95.9707
producer_signal,low,exogenous,194,755732,1.0,99.7946
producer_signal,low,exogenous,195,120117,1.0,94.4363
producer_signal,low,exogenous,196,714826,1.0,97.0778
producer_signal,low,exogenous,197,927768,1.0,100.0236
producer_signal,low,exogenous,198,563055,1.0,95.8898
producer_signal,low,exogenous,199,787353,1.0,89.4008
cooperative,low,endogenous,0,670488,0.5333,61.6087
cooperative,low,endogenous,1,116740,0.8,74.4968
cooperative,low,endogenous,2,26226,0.9,79.6713
cooperative,low,endogenous,3,777573,0.9667,80.7368
cooperative,low,endogenous,4,288390,0.8333,81.5489
cooperative,low,endogenous,5,256788,0.5,51.7598
cooperative,low,endogenous,6,234054,0.5,55.032
cooperative,low,endogenous,7,146317,0.7667,77.3712
cooperative,low,endogenous,8,772247,0.6667,72.1701
cooperative,low,endogenous,9,107474,0.8,78.6577
cooperative,low,endogenous,10,709571,0.6,67.5876
cooperative,low,endogenous,11,776647,0.8333,79.9156
cooperative,low,endogenous,12,935519,0.8,72.541
cooperative,low,endogenous,13,571859,0.8333,73.9121
cooperative,low,endogenous,14,91162,0.4,39.0642
cooperative,low,endogenous,15,619177,0.4333,71.7761
cooperative,low,endogenous,16,442418,0.9667,81.5307
cooperative,low,endogenous,17,33327,0.9,77.5845
cooperative,low,endogenous,18,31245,0.9333,83.2192
cooperative,low,endogenous,19,98247,0.9333,83.6641
cooperative,low,endogenous,20,229259,0.9667,78.9205
cooperative,low,endogenous,21,243963,0.7667,73.7347
cooperative,low,endogenous,22,529904,0.6667,70.1577
cooperative,low,endogenous,23,631263,0.4667,63.6124
cooperative,low,endogenous,24,27825,0.8333,68.0571
cooperative,low,endogenous,25,588509,0.8333,79.9535
cooperative,low,endogenous,26,208497,0.6333,72.1363
cooperative,low,endogenous,27,750801,0.7333,74.5524
cooperative,low,endogenous,28,681454,0.6667,75.6167
cooperative,low,endogenous,29,735393,0.4667,62.6317
cooperative,low,endogenous,30,571413,0.7,75.8456
cooperative,low,endogenous,31,439899,0.6333,76.0056
cooperative,low,endogenous,32,231149,0.7,68.3309
cooperative,low,endogenous,33,471030,0.6,64.9289
cooperative,low,endogenous,34,617890,0.9667,76.7269
cooperative,low,endogenous,35,291705,0.4,58.2912
cooperative,low,endogenous,36,848750,0.7,75.7517
cooperative,low,endogenous,37,911528,0.7667,77.7032
cooperative,low,endogenous,38,6815,0.7333,70.0502
cooperative,low,endogenous,39,795668,0.8667,79.5239
cooperative,low,endogenous,40,844963,0.8333,72.9167
cooperative,low,endogenous,41,167415,0.8667,74.396
cooperative,low,endogenous,42,732053,0.8667,81.5205
cooperative,low,endogenous,43,443144,0.6333,70.1681
cooperative,low,endogenous,44,356779,0.8333,73.5482
cooperative,low,endogenous,45,291370,0.7667,84.7682
cooperative,low,endogenous,46,163033,0.6,71.4741
cooperative,low,endogenous,47,225773,0.6667,78.3007
cooperative,low,endogenous,48,800582,0.9333,85.497
cooperative,low,endogenous,49,352945,0.8,79.0378
cooperative,low,endogenous,50,107176,0.8,77.0632
cooperative,low,endogenous,51,97252,0.8,81.52
cooperative,low,endogenous,52,398383,0.7667,68.9298
cooperative,low,endogenous,53,101415,0.9667,75.0677
cooperative,low,endogenous,54,376418,0.7333,73.704
cooperative,low,endogenous,55,888663,0.5333,64.3077
cooperative,low,endogenous,56,360664,0.9667,85.6189
cooperative,low,endogenous,57,633053,0.3667,50.5217
cooperative,low,endogenous,58,277371,0.8667,79.0618
cooperative,low,endogenous,59,846336,0.9333,79.6369
cooperative,low,endogenous,60,45562,0.8,73.0618
cooperative,low,endogenous,61,765180,0.5333,58.0452
cooperative,low,endogenous,62,481742,0.6667,71.0603
cooperative,low,endogenous,63,562276,0.7667,65.0326
cooperative,low,endogenous,64,130890,0.7333,74.9742
cooperative,low,endogenous,65,967097,0.7667,75.1163
cooperative,low,endogenous,66,396923,0.5333,55.9046
cooperative,low,endogenous,67,82628,0.9,80.9593
cooperative,low,endogenous,68,578857,0.8,71.9449
cooperative,low,endogenous,69,307420,0.5,72.2429
cooperative,low,endogenous,70,869694,0.7,66.908
cooperative,low,endogenous,71,659177,0.6667,65.7281
cooperative,low,endogenous,72,648565,0.6667,65.0907
cooperative,low,endogenous,73,928464,0.6667,70.998
cooperative,low,endogenous,74,903566,0.9333,77.3003
cooperative,low,endogenous,75,379202,0.4,51.2919
cooperative,low,endogenous,76,605398,0.9667,86.4325
cooperative,low,endogenous,77,201630,0.9,77.4141
cooperative,low,endogenous,78,738798,0.6,66.1281
cooperative,low,endogenous,79,72934,0.8,73.6517
cooperative,low,endogenous,80,48051,0.5667,67.6627
cooperative,low,endogenous,81,693385,0.8667,76.7182
cooperative,low,endogenous,82,238969,0.9,81.9926
cooperative,low,endogenous,83,810621,0.5667,57.238
cooperative,low,endogenous,84,303446,0.5,59.3079
cooperative,low,endogenous,85,83668,0.6,71.5443
cooperative,low,endogenous,86,896866,0.7,76.2249
cooperative,low,endogenous,87,244099,0.8667,84.1153
cooperative,low,endogenous,88,908574,0.8333,76.2187
cooperative,low,endogenous,89,105908,0.7667,76.571
cooperative,low,endogenous,90,398592,0.7667,73.8159
cooperative,low,endogenous,91,291477,0.9667,84.2599
cooperative,low,endogenous,92,475436,0.3667,49.3536
cooperative,low,endogenous,93,666564,0.9333,89.7565
cooperative,low,endogenous,94,874629,0.4333,51.1734
cooperative,low,endogenous,95,382555,0.8,68.1726
cooperative,low,endogenous,96,170556,0.7,68.5374
cooperative,low,endogenous,97,388163,0.8,70.9838
cooperative,low,endogenous,98,372529,0.5667,79.0506
cooperative,low,endogenous,99,219685,0.9333,84.1028
cooperative,low,endogenous,100,702730,0.7,74.2064
cooperative,low,endogenous,101,279947,0.8,72.8814
cooperative,low,endogenous,102,735912,0.6667,65.9553
cooperative,low,endogenous,103,982154,0.8333,80.9487
cooperative,low,endogenous,104,716752,0.5667,64.5233
cooperative,low,endogenous,105,679515,0.5667,61.1108
cooperative,low,endogenous,106,74871,0.9333,79.3272
cooperative,low,endogenous,107,638721,0.9333,78.5008
cooperative,low,endogenous,108,665823,0.8667,65.8601
cooperative,low,endogenous,109,179452,0.5333,62.2758
cooperative,low,endogenous,110,560087,0.2333,39.276
cooperative,low,endogenous,111,764545,0.9333,81.8674
cooperative,low,endogenous,112,256703,0.9333,74.5651
cooperative,low,endogenous,113,171340,0.5333,60.3563
cooperative,low,endogenous,114,484715,0.7,79.6959
cooperative,low,endogenous,115,397888,0.5667,71.3979
cooperative,low,endogenous,116,283061,0.4333,51.8721
cooperative,low,endogenous,117,970343,0.3667,70.3586
cooperative,low,endogenous,118,671089,0.6333,64.3075
cooperative,low,endogenous,119,721591,0.5,48.7022
cooperative,low,endogenous,120,584005,0.5,56.8011
cooperative,low,endogenous,121,230284,0.8333,69.2066
cooperative,low,endogenous,122,717871,0.7333,71.872
cooperative,low,endogenous,123,340036,0.7333,80.4285
cooperative,low,endogenous,124,883795,0.9333,82.8377
cooperative,low,endogenous,125,805636,0.9333,80.0023
cooperative,low,endogenous,126,813695,0.6,65.5375
cooperative,low,endogenous,127,58656,0.6333,62.86
cooperative,low,endogenous,128,240175,0.4333,65.9901
cooperative,low,endogenous,129,861723,0.5333,66.4316
cooperative,low,endogenous,130,33660,0.8667,71.6053
cooperative,low,endogenous,131,844152,0.6333,63.9444
cooperative,low,endogenous,132,330777,0.8667,78.134
cooperative,low,endogenous,133,420652,0.4667,68.6748
cooperative,low,endogenous,134,280747,0.8,86.6798
cooperative,low,endogenous,135,69404,0.8667,74.9279
cooperative,low,endogenous,136,221232,0.6333,63.1339
cooperative,low,endogenous,137,957493,0.4667,49.5402
cooperative,low,endogenous,138,988713,0.8333,75.4979
cooperative,low,endogenous,139,594732,0.9667,85.3023
cooperative,low,endogenous,140,918939,0.8,80.5472
cooperative,low,endogenous,141,752788,0.8667,81.9731
cooperative,low,endogenous,142,329964,0.7667,70.3748
cooperative,low,endogenous,143,222956,0.8333,77.7388
cooperative,low,endogenous,144,687278,0.6333,61.1509
cooperative,low,endogenous,145,523482,0.9333,75.6751
cooperative,low,endogenous,146,414851,0.7,60.3859
cooperative,low,endogenous,147,927658,0.6333,70.5295
cooperative,low,endogenous,148,958973,0.9667,81.8595
cooperative,low,endogenous,149,674080,0.5333,77.3341
cooperative,low,endogenous,150,481142,0.7333,71.0855
cooperative,low,endogenous,151,149812,0.9333,83.0586
cooperative,low,endogenous,152,277747,0.7,72.7867
cooperative,low,endogenous,153,146414,0.6,66.0733
cooperative,low,endogenous,154,258608,1.0,89.9612
cooperative,low,endogenous,155,781178,0.9,79.9639
cooperative,low,endogenous,156,588638,0.8,73.929
cooperative,low,endogenous,157,565159,0.9,75.4031
cooperative,low,endogenous,158,275505,0.6333,77.3938
cooperative,low,endogenous,159,783301,0.6,71.7459
cooperative,low,endogenous,160,612983,0.8333,77.8246
cooperative,low,endogenous,161,449246,0.8,81.6933
cooperative,low,endogenous,162,941436,0.5667,60.1663
cooperative,low,endogenous,163,611879,0.6333,65.7113
cooperative,low,endogenous,164,418802,0.8667,76.3936
cooperative,low,endogenous,165,379581,0.8333,84.6683
cooperative,low,endogenous,166,229975,0.7333,66.7563
cooperative,low,endogenous,167,145052,0.8333,77.4387
cooperative,low,endogenous,168,534278,0.8667,81.9713
cooperative,low,endogenous,169,517489,0.4667,63.944
cooperative,low,endogenous,170,95326,0.6,64.8507
cooperative,low,endogenous,171,792496,0.9,74.6668
cooperative,low,endogenous,172,49406,0.6667,65.7191
cooperative,low,endogenous,173,902932,0.9,83.1096
cooperative,low,endogenous,174,114976,0.7333,66.9229
cooperative,low,endogenous,175,160266,0.9333,81.2906
cooperative,low,endogenous,176,657925,0.5667,58.3026
cooperative,low,endogenous,177,167754,0.9667,82.0579
cooperative,low,endogenous,178,830556,0.9,77.7025
cooperative,low,endogenous,179,713537,0.6667,72.8787
cooperative,low,endogenous,180,442667,0.7333,70.9504
cooperative,low,endogenous,181,625381,0.7667,79.4606
cooperative,low,endogenous,182,66614,0.8,82.1629
cooperative,low,endogenous,183,403458,0.9,83.927
cooperative,low,endogenous,184,400157,1.0,85.1907
cooperative,low,endogenous,185,624835,0.6667,70.3577
cooperative,low,endogenous,186,490786,0.6,64.759
cooperative,low,endogenous,187,554817,0.6,65.4012
cooperative,low,endogenous,188,263627,0.8333,77.4354
cooperative,low,endogenous,189,580100,0.8667,72.5504
cooperative,low,endogenous,190,902593,0.7667,79.4327
cooperative,low,endogenous,191,988211,0.5,73.0757
cooperative,low,endogenous,192,12039,0.9333,80.0215
cooperative,low,endogenous,193,713329,1.0,85.8528
cooperative,low,endogenous,194,755732,0.6,64.8793
cooperative,low,endogenous,195,120117,0.6333,76.9076
cooperative,low,endogenous,196,714826,0.7333,65.8068
cooperative,low,endogenous,197,927768,0.3667,59.4008
cooperative,low,endogenous,198,563055,0.6333,65.1968
cooperative,low,endogenous,199,787353,0.8333,79.2925
cooperative,low,exogenous,0,670488,1.0,83.8961
cooperative,low,exogenous,1,116740,1.0,88.6777
cooperative,low,exogenous,2,26226,1.0,83.9264
cooperative,low,exogenous,3,777573,1.0,82.0386
cooperative,low,exogenous,4,288390,1.0,86.3464
cooperative,low,exogenous,5,256788,1.0,79.2778
cooperative,low,exogenous,6,234054,1.0,83.6574
cooperative,low,exogenous,7,146317,1.0,88.2049
cooperative,low,exogenous,8,772247,1.0,85.5237
cooperative,low,exogenous,9,107474,1.0,81.4639
cooperative,low,exogenous,10,709571,1.0,87.712
cooperative,low,exogenous,11,776647,1.0,85.1272
cooperative,low,exogenous,12,935519,1.0,79.7549
cooperative,low,exogenous,13,571859,1.0,83.4978
cooperative,low,exogenous,14,91162,1.0,78.8049
cooperative,low,exogenous,15,619177,1.0,77.8445
cooperative,low,exogenous,16,442418,1.0,82.5783
cooperative,low,exogenous,17,33327,1.0,82.6882
cooperative,low,exogenous,18,31245,1.0,87.2731
cooperative,low,exogenous,19,98247,1.0,87.8389
cooperative,low,exogenous,20,229259,1.0,81.2108
cooperative,low,exogenous,21,243963,1.0,81.0359
cooperative,low,exogenous,22,529904,1.0,83.7558
cooperative,low,exogenous,23,631263,1.0,87.3241
cooperative,low,exogenous,24,27825,1.0,74.0993
cooperative,low,exogenous,25,588509,1.0,86.4385
cooperative,low,exogenous,26,208497,1.0,78.5689
cooperative,low,exogenous,27,750801,1.0,88.7325
cooperative,low,exogenous,28,681454,1.0,85.1303
cooperative,low,exogenous,29,735393,1.0,84.5633
cooperative,low,exogenous,30,571413,1.0,79.982
cooperative,low,exogenous,31,439899,1.0,89.6351
cooperative,low,exogenous,32,231149,1.0,76.6242
cooperative,low,exogenous,33,471030,1.0,82.2313
cooperative,low,exogenous,34,617890,1.0,78.7535
cooperative,low,exogenous,35,291705,1.0,92.5159
cooperative,low,exogenous,36,848750,1.0,83.8904
cooperative,low,exogenous,37,911528,1.0,83.0993
cooperative,low,exogenous,38,6815,1.0,79.3058
cooperative,low,exogenous,39,795668,1.0,87.9073
cooperative,low,exogenous,40,844963,1.0,81.3266
cooperative,low,exogenous,41,167415,1.0,84.4483
cooperative,low,exogenous,42,732053,1.0,87.2469
cooperative,low,exogenous,43,443144,1.0,83.4581
cooperative,low,exogenous,44,356779,1.0,81.9801
cooperative,low,exogenous,45,291370,1.0,86.2659
cooperative,low,exogenous,46,163033,1.0,83.5242
cooperative,low,exogenous,47,225773,1.0,83.7686
cooperative,low,exogenous,48,800582,1.0,90.1281
cooperative,low,exogenous,49,352945,1.0,82.9051
cooperative,low,exogenous,50,107176,1.0,88.1949
cooperative,low,exogenous,51,97252,1.0,85.6459
cooperative,low,exogenous,52,398383,1.0,82.9219
cooperative,low,exogenous,53,101415,1.0,75.2705
cooperative,low,exogenous,54,376418,1.0,84.4551
cooperative,low,exogenous,55,888663,1.0,82.2548
cooperative,low,exogenous,56,360664,1.0,86.1381
cooperative,low,exogenous,57,633053,1.0,86.4849
cooperative,low,exogenous,58,277371,1.0,83.9268
cooperative,low,exogenous,59,846336,1.0,84.8283
cooperative,low,exogenous,60,45562,1.0,80.4791
cooperative,low,exogenous,61,765180,1.0,83.4491
cooperative,low,exogenous,62,481742,1.0,81.7799
cooperative,low,exogenous,63,562276,1.0,77.5096
cooperative,low,exogenous,64,130890,1.0,81.7926
cooperative,low,exogenous,65,967097,1.0,85.6468
cooperative,low,exogenous,66,396923,1.0,78.6228
cooperative,low,exogenous,67,82628,1.0,86.9632
cooperative,low,exogenous,68,578857,1.0,83.877
cooperative,low,exogenous,69,307420,1.0,85.0312
cooperative,low,exogenous,70,869694,1.0,87.8186
cooperative,low,exogenous,71,659177,1.0,81.7996
cooperative,low,exogenous,72,648565,1.0,77.7534
cooperative,low,exogenous,73,928464,1.0,79.3547
cooperative,low,exogenous,74,903566,1.0,77.0895
cooperative,low,exogenous,75,379202,1.0,85.9928
cooperative,low,exogenous,76,605398,1.0,86.9355
cooperative,low,exogenous,77,201630,1.0,80.1737
cooperative,low,exogenous,78,738798,1.0,80.0252
cooperative,low,exogenous,79,72934,1.0,81.9704
cooperative,low,exogenous,80,48051,1.0,84.6621
cooperative,low,exogenous,81,693385,1.0,80.5996
cooperative,low,exogenous,82,238969,1.0,85.3235
cooperative,low,exogenous,83,810621,1.0,80.2009
cooperative,low,exogenous,84,303446,1.0,86.4489
cooperative,low,exogenous,85,83668,1.0,79.9876
cooperative,low,exogenous,86,896866,1.0,88.4827
cooperative,low,exogenous,87,244099,1.0,88.5903
cooperative,low,exogenous,88,908574,1.0,80.815
cooperative,low,exogenous,89,105908,1.0,82.6177
cooperative,low,exogenous,90,398592,1.0,80.1804
cooperative,low,exogenous,91,291477,1.0,85.8601
cooperative,low,exogenous,92,475436,1.0,81.1214
cooperative,low,exogenous,93,666564,1.0,91.8984
cooperative,low,exogenous,94,874629,1.0,87.2738
cooperative,low,exogenous,95,382555,1.0,78.11
cooperative,low,exogenous,96,170556,1.0,84.0162
cooperative,low,exogenous,97,388163,1.0,80.3391
cooperative,low,exogenous,98,372529,1.0,87.214
cooperative,low,exogenous,99,219685,1.0,88.7487
cooperative,low,exogenous,100,702730,1.0,85.4036
cooperative,low,exogenous,101,279947,1.0,85.4539
cooperative,low,exogenous,102,735912,1.0,88.1151
cooperative,low,exogenous,103,982154,1.0,89.1308
cooperative,low,exogenous,104,716752,1.0,82.3733
cooperative,low,exogenous,105,679515,1.0,81.5005
cooperative,low,exogenous,106,74871,1.0,82.8982
cooperative,low,exogenous,107,638721,1.0,80.5573
cooperative,low,exogenous,108,665823,1.0,75.3005
cooperative,low,exogenous,109,179452,1.0,83.4827
cooperative,low,exogenous,110,560087,1.0,87.8626
cooperative,low,exogenous,111,764545,1.0,86.5156
cooperative,low,exogenous,112,256703,1.0,78.0657
cooperative,low,exogenous,113,171340,1.0,82.8071
cooperative,low,exogenous,114,484715,1.0,88.2769
cooperative,low,exogenous,115,397888,1.0,88.0608
cooperative,low,exogenous,116,283061,1.0,77.0857
cooperative,low,exogenous,117,970343,1.0,83.6951
cooperative,low,exogenous,118,671089,1.0,86.543
cooperative,low,exogenous,119,721591,1.0,76.1436
cooperative,low,exogenous,120,584005,1.0,81.3036
cooperative,low,exogenous,121,230284,1.0,78.3203
cooperative,low,exogenous,122,717871,1.0,88.8527
cooperative,low,exogenous,123,340036,1.0,82.8016
cooperative,low,exogenous,124,883795,1.0,83.8917
cooperative,low,exogenous,125,805636,1.0,81.4702
cooperative,low,exogenous,126,813695,1.0,85.242
cooperative,low,exogenous,127,58656,1.0,78.7482
cooperative,low,exogenous,128,240175,1.0,75.5255
cooperative,low,exogenous,129,861723,1.0,88.1095
cooperative,low,exogenous,130,33660,1.0,80.3702
cooperative,low,exogenous,131,844152,1.0,90.504
cooperative,low,exogenous,132,330777,1.0,82.6675
cooperative,low,exogenous,133,420652,1.0,85.5348
cooperative,low,exogenous,134,280747,1.0,87.3986
cooperative,low,exogenous,135,69404,1.0,76.6223
cooperative,low,exogenous,136,221232,1.0,80.9683
cooperative,low,exogenous,137,957493,1.0,80.3826
cooperative,low,exogenous,138,988713,1.0,83.4142
cooperative,low,exogenous,139,594732,1.0,85.925
cooperative,low,exogenous,140,918939,1.0,88.4937
cooperative,low,exogenous,141,752788,1.0,85.0387
cooperative,low,exogenous,142,329964,1.0,81.0854
cooperative,low,exogenous,143,222956,1.0,87.1065
cooperative,low,exogenous,144,687278,1.0,83.1233
cooperative,low,exogenous,145,523482,1.0,79.7737
cooperative,low,exogenous,146,414851,1.0,76.6677
cooperative,low,exogenous,147,927658,1.0,80.3307
cooperative,low,exogenous,148,958973,1.0,84.3617
cooperative,low,exogenous,149,674080,1.0,84.8368
cooperative,low,exogenous,150,481142,1.0,79.0603
cooperative,low,exogenous,151,149812,1.0,85.1066
cooperative,low,exogenous,152,277747,1.0,82.6689
cooperative,low,exogenous,153,146414,1.0,85.3088
cooperative,low,exogenous,154,258608,1.0,89.9559
cooperative,low,exogenous,155,781178,1.0,86.6506
cooperative,low,exogenous,156,588638,1.0,82.0116
cooperative,low,exogenous,157,565159,1.0,79.0168
cooperative,low,exogenous,158,275505,1.0,85.2726
cooperative,low,exogenous,159,783301,1.0,85.057
cooperative,low,exogenous,160,612983,1.0,85.3337
cooperative,low,exogenous,161,449246,1.0,86.3652
cooperative,low,exogenous,162,941436,1.0,81.9248
cooperative,low,exogenous,163,611879,1.0,84.8748
cooperative,low,exogenous,164,418802,1.0,83.3966
cooperative,low,exogenous,165,379581,1.0,88.1158
cooperative,low,exogenous,166,229975,1.0,82.2208
cooperative,low,exogenous,167,145052,1.0,84.1933
cooperative,low,exogenous,168,534278,1.0,86.9026
cooperative,low,exogenous,169,517489,1.0,81.8189
cooperative,low,exogenous,170,95326,1.0,82.5668
cooperative,low,exogenous,171,792496,1.0,75.9161
cooperative,low,exogenous,172,49406,1.0,79.9191
cooperative,low,exogenous,173,902932,1.0,86.9201
cooperative,low,exogenous,174,114976,1.0,80.4334
cooperative,low,exogenous,175,160266,1.0,81.5637
cooperative,low,exogenous,176,657925,1.0,87.1753
cooperative,low,exogenous,177,167754,1.0,84.4439
cooperative,low,exogenous,178,830556,1.0,82.484
cooperative,low,exogenous,179,713537,1.0,90.1548
cooperative,low,exogenous,180,442667,1.0,86.863
cooperative,low,exogenous,181,625381,1.0,85.5577
cooperative,low,exogenous,182,66614,1.0,85.2923
cooperative,low,exogenous,183,403458,1.0,85.5556
cooperative,low,exogenous,184,400157,1.0,85.5668
cooperative,low,exogenous,185,624835,1.0,82.1868
cooperative,low,exogenous,186,490786,1.0,84.5603
cooperative,low,exogenous,187,554817,1.0,86.697
cooperative,low,exogenous,188,263627,1.0,83.7764
cooperative,low,exogenous,189,580100,1.0,82.6437
cooperative,low,exogenous,190,902593,1.0,86.3451
cooperative,low,exogenous,191,988211,1.0,78.9296
cooperative,low,exogenous,192,12039,1.0,83.2449
cooperative,low,exogenous,193,713329,1.0,85.3874
cooperative,low,exogenous,194,755732,1.0,88.9412
cooperative,low,exogenous,195,120117,1.0,87.0236
cooperative,low,exogenous,196,714826,1.0,78.1437
cooperative,low,exogenous,197,927768,1.0,85.0696
cooperative,low,exogenous,198,563055,1.0,87.6749
cooperative,low,exogenous,199,787353,1.0,82.8337
supplier_training,low,endogenous,0,670488,0.3667,71.3375
supplier_training,low,endogenous,1,116740,0.9,93.4439
supplier_training,low,endogenous,2,26226,0.4667,68.5682
supplier_training,low,endogenous,3,777573,0.9,96.228
supplier_training,low,endogenous,4,288390,0.7333,93.7435
supplier_training,low,endogenous,5,256788,0.7667,84.3583
supplier_training,low,endogenous,6,234054,0.5667,69.7664
supplier_training,low,endogenous,7,146317,0.8333,91.88
supplier_training,low,endogenous,8,772247,0.6667,85.9511
supplier_training,low,endogenous,9,107474,0.9667,102.3116
supplier_training,low,endogenous,10,709571,0.6333,77.7846
supplier_training,low,endogenous,11,776647,0.9,98.766
supplier_training,low,endogenous,12,935519,0.8333,91.4014
supplier_training,low,endogenous,13,571859,0.8333,91.8881
supplier_training,low,endogenous,14,91162,0.5333,59.4579
supplier_training,low,endogenous,15,619177,0.6667,95.2924
supplier_training,low,endogenous,16,442418,0.9667,101.0134
supplier_training,low,endogenous,17,33327,0.9,97.9209
supplier_training,low,endogenous,18,31245,0.9,96.2456
supplier_training,low,endogenous,19,98247,0.9333,96.638
supplier_training,low,endogenous,20,229259,0.9667,100.458
supplier_training,low,endogenous,21,243963,0.7333,93.814
supplier_training,low,endogenous,22,529904,0.8,92.8106
supplier_training,low,endogenous,23,631263,0.6667,85.2432
supplier_training,low,endogenous,24,27825,0.5667,79.9853
supplier_training,low,endogenous,25,588509,0.7333,89.6115
supplier_training,low,endogenous,26,208497,0.7,93.8362
supplier_training,low,endogenous,27,750801,0.8,95.4927
supplier_training,low,endogenous,28,681454,0.5,85.0279
supplier_training,low,endogenous,29,735393,0.3,68.906
supplier_training,low,endogenous,30,571413,0.5333,82.5276
supplier_training,low,endogenous,31,439899,0.7333,94.4391
supplier_training,low,endogenous,32,231149,0.7,81.8254
supplier_training,low,endogenous,33,471030,0.7,87.8152
supplier_training,low,endogenous,34,617890,0.9667,100.0075
supplier_training,low,endogenous,35,291705,0.4667,71.8152
supplier_training,low,endogenous,36,848750,0.8667,93.9168
supplier_training,low,endogenous,37,911528,0.8,91.1895
supplier_training,low,endogenous,38,6815,0.8,93.9611
supplier_training,low,endogenous,39,795668,0.8333,90.7768
supplier_training,low,endogenous,40,844963,0.5667,85.2163
supplier_training,low,endogenous,41,167415,0.9667,99.7639
supplier_training,low,endogenous,42,732053,0.7667,93.7303
supplier_training,low,endogenous,43,443144,0.6333,75.616
supplier_training,low,endogenous,44,356779,0.7,83.8406
supplier_training,low,endogenous,45,291370,0.7667,98.9133
supplier_training,low,endogenous,46,163033,0.5333,74.2945
supplier_training,low,endogenous,47,225773,0.7,94.5466
supplier_training,low,endogenous,48,800582,0.7333,83.2559
supplier_training,low,endogenous,49,352945,0.7333,96.9826
supplier_training,low,endogenous,50,107176,0.8,89.5806
supplier_training,low,endogenous,51,97252,0.9,98.8716
supplier_training,low,endogenous,52,398383,0.7333,89.1604
supplier_training,low,endogenous,53,101415,0.9667,101.717
supplier_training,low,endogenous,54,376418,0.7,84.7731
supplier_training,low,endogenous,55,888663,0.5,66.9849
supplier_training,low,endogenous,56,360664,0.9667,100.5516
supplier_training,low,endogenous,57,633053,0.8667,90.8435
supplier_training,low,endogenous,58,277371,0.8667,93.1395
supplier_training,low,endogenous,59,846336,0.9,95.1367
supplier_training,low,endogenous,60,45562,0.8667,96.3695
supplier_training,low,endogenous,61,765180,0.4333,65.4077
supplier_training,low,endogenous,62,481742,0.7667,94.2939
supplier_training,low,endogenous,63,562276,0.8667,91.1489
supplier_training,low,endogenous,64,130890,0.5667,83.7231
supplier_training,low,endogenous,65,967097,0.6667,90.9482
supplier_training,low,endogenous,66,396923,0.5333,69.0223
supplier_training,low,endogenous,67,82628,0.8667,92.4093
supplier_training,low,endogenous,68,578857,0.8,87.0923
supplier_training,low,endogenous,69,307420,0.6,94.3361
supplier_training,low,endogenous,70,869694,0.7,81.8885
supplier_training,low,endogenous,71,659177,0.4667,84.0482
supplier_training,low,endogenous,72,648565,0.5667,75.0379
supplier_training,low,endogenous,73,928464,0.6,87.1545
supplier_training,low,endogenous,74,903566,0.9667,102.9105
supplier_training,low,endogenous,75,379202,0.2333,58.1343
supplier_training,low,endogenous,76,605398,0.8667,100.1893
supplier_training,low,endogenous,77,201630,0.9333,98.3414
supplier_training,low,endogenous,78,738798,0.8,91.124
supplier_training,low,endogenous,79,72934,0.7667,91.6431
supplier_training,low,endogenous,80,48051,0.5333,81.509
supplier_training,low,endogenous,81,693385,0.8,94.2457
supplier_training,low,endogenous,82,238969,0.8333,97.0624
supplier_training,low,endogenous,83,810621,0.5333,70.8698
supplier_training,low,endogenous,84,303446,0.7667,85.1826
supplier_training,low,endogenous,85,83668,0.6,94.0139
supplier_training,low,endogenous,86,896866,0.7333,92.1837
supplier_training,low,endogenous,87,244099,0.7667,93.2079
supplier_training,low,endogenous,88,908574,0.7667,87.6166
supplier_training,low,endogenous,89,105908,0.7333,93.6088
supplier_training,low,endogenous,90,398592,0.8333,95.0941
supplier_training,low,endogenous,91,291477,0.9,96.7419
supplier_training,low,endogenous,92,475436,0.6,76.4854
supplier_training,low,endogenous,93,666564,0.9333,100.4828
supplier_training,low,endogenous,94,874629,0.7,85.7935
supplier_training,low,endogenous,95,382555,0.8,87.7139
supplier_training,low,endogenous,96,170556,0.7,83.354
supplier_training,low,endogenous,97,388163,0.8,93.0623
supplier_training,low,endogenous,98,372529,0.5667,92.2972
supplier_training,low,endogenous,99,219685,0.9333,96.2235
supplier_training,low,endogenous,100,702730,0.5333,82.9668
supplier_training,low,endogenous,101,279947,0.5333,72.933
supplier_training,low,endogenous,102,735912,0.6,71.4354
supplier_training,low,endogenous,103,982154,0.6667,89.6331
supplier_training,low,endogenous,104,716752,0.7,86.5296
supplier_training,low,endogenous,105,679515,0.5,72.5242
supplier_training,low,endogenous,106,74871,0.8667,94.1708
supplier_training,low,endogenous,107,638721,0.9333,98.0791
supplier_training,low,endogenous,108,665823,0.9,92.1977
supplier_training,low,endogenous,109,179452,0.3333,75.8332
supplier_training,low,endogenous,110,560087,0.4667,68.2891
supplier_training,low,endogenous,111,764545,0.9333,95.5875
supplier_training,low,endogenous,112,256703,0.9333,96.4451
supplier_training,low,endogenous,113,171340,0.6333,82.9907
supplier_training,low,endogenous,114,484715,0.6333,87.5764
supplier_training,low,endogenous,115,397888,0.7667,87.6032
supplier_training,low,endogenous,116,283061,0.4333,68.7575
supplier_training,low,endogenous,117,970343,0.5667,87.8562
supplier_training,low,endogenous,118,671089,0.5667,72.2968
supplier_training,low,endogenous,119,721591,0.3,82.5139
supplier_training,low,endogenous,120,584005,0.8,90.3498
supplier_training,low,endogenous,121,230284,0.5667,68.3849
supplier_training,low,endogenous,122,717871,0.6333,76.9984
supplier_training,low,endogenous,123,340036,0.7667,99.0664
supplier_training,low,endogenous,124,883795,0.8333,98.6945
supplier_training,low,endogenous,125,805636,0.9333,100.9199
supplier_training,low,endogenous,126,813695,0.6333,86.2151
supplier_training,low,endogenous,127,58656,0.2333,63.6432
supplier_training,low,endogenous,128,240175,0.4667,82.4201
supplier_training,low,endogenous,129,861723,0.6333,84.956
supplier_training,low,endogenous,130,33660,0.9333,96.947
supplier_training,low,endogenous,131,844152,0.7,77.7803
supplier_training,low,endogenous,132,330777,0.5333,82.2378
supplier_training,low,endogenous,133,420652,0.5333,85.4544
supplier_training,low,endogenous,134,280747,0.8333,101.0646
supplier_training,low,endogenous,135,69404,0.8333,95.8256
supplier_training,low,endogenous,136,221232,0.7667,83.9863
supplier_training,low,endogenous,137,957493,0.5667,71.3162
supplier_training,low,endogenous,138,988713,0.8333,92.4344
supplier_training,low,endogenous,139,594732,0.9667,102.9417
supplier_training,low,endogenous,140,918939,0.6667,82.0993
supplier_training,low,endogenous,141,752788,0.8667,98.816
supplier_training,low,endogenous,142,329964,0.8,90.9875
supplier_training,low,endogenous,143,222956,0.7333,83.007
supplier_training,low,endogenous,144,687278,0.5667,74.6855
supplier_training,low,endogenous,145,523482,0.9333,97.3632
supplier_training,low,endogenous,146,414851,0.4,62.1431
supplier_training,low,endogenous,147,927658,0.7667,89.231
supplier_training,low,endogenous,148,958973,0.9667,98.9809
supplier_training,low,endogenous,149,674080,0.8333,97.5236
supplier_training,low,endogenous,150,481142,0.8,93.6899
supplier_training,low,endogenous,151,149812,0.9667,98.7039
supplier_training,low,endogenous,152,277747,0.4,70.9629
supplier_training,low,endogenous,153,146414,0.6,78.4639
supplier_training,low,endogenous,154,258608,1.0,102.893
supplier_training,low,endogenous,155,781178,0.8667,91.0693
supplier_training,low,endogenous,156,588638,0.9,100.8486
supplier_training,low,endogenous,157,565159,0.8333,95.5894
supplier_training,low,endogenous,158,275505,0.8333,98.9606
supplier_training,low,endogenous,159,783301,0.6,86.2862
supplier_training,low,endogenous,160,612983,0.8333,91.6914
supplier_training,low,endogenous,161,449246,0.8667,99.0611
supplier_training,low,endogenous,162,941436,0.7333,88.2307
supplier_training,low,endogenous,163,611879,0.8,90.4095
supplier_training,low,endogenous,164,418802,0.7333,82.8139
supplier_training,low,endogenous,165,379581,0.7667,98.5769
supplier_training,low,endogenous,166,229975,0.9333,99.5046
supplier_training,low,endogenous,167,145052,0.9,96.9071
supplier_training,low,endogenous,168,534278,0.8667,96.2509
supplier_training,low,endogenous,169,517489,0.7,91.0069
supplier_training,low,endogenous,170,95326,0.6667,83.0269
supplier_training,low,endogenous,171,792496,0.9,98.345
supplier_training,low,endogenous,172,49406,0.7333,85.2905
supplier_training,low,endogenous,173,902932,0.9,97.9727
supplier_training,low,endogenous,174,114976,0.7333,83.3032
supplier_training,low,endogenous,175,160266,0.9,101.7973
supplier_training,low,endogenous,176,657925,0.5,66.0247
supplier_training,low,endogenous,177,167754,0.9667,99.8673
supplier_training,low,endogenous,178,830556,0.9333,98.5458
supplier_training,low,endogenous,179,713537,0.6667,80.679
supplier_training,low,endogenous,180,442667,0.8333,92.6904
supplier_training,low,endogenous,181,625381,0.6667,90.9526
supplier_training,low,endogenous,182,66614,0.5667,94.9093
supplier_training,low,endogenous,183,403458,0.9,100.4678
supplier_training,low,endogenous,184,400157,1.0,102.0091
supplier_training,low,endogenous,185,624835,0.7333,86.8211
supplier_training,low,endogenous,186,490786,0.6333,82.0254
supplier_training,low,endogenous,187,554817,0.5667,78.2532
supplier_training,low,endogenous,188,263627,0.8,92.219
supplier_training,low,endogenous,189,580100,0.4667,54.0373
supplier_training,low,endogenous,190,902593,0.8,96.4608
supplier_training,low,endogenous,191,988211,0.6,95.1832
supplier_training,low,endogenous,192,12039,0.8667,93.0766
supplier_training,low,endogenous,193,713329,1.0,102.6421
supplier_training,low,endogenous,194,755732,0.7,82.055
supplier_training,low,endogenous,195,120117,0.7333,92.2753
supplier_training,low,endogenous,196,714826,0.6,80.5303
supplier_training,low,endogenous,197,927768,0.3667,67.7889
supplier_training,low,endogenous,198,563055,0.3333,58.8245
supplier_training,low,endogenous,199,787353,0.6,88.2608
supplier_training,low,exogenous,0,670488,1.0,102.2709
supplier_training,low,exogenous,1,116740,1.0,102.0815
supplier_training,low,exogenous,2,26226,1.0,101.4414
supplier_training,low,exogenous,3,777573,1.0,102.0488
supplier_training,low,exogenous,4,288390,1.0,101.5901
supplier_training,low,exogenous,5,256788,1.0,103.2228
supplier_training,low,exogenous,6,234054,1.0,101.7882
supplier_training,low,exogenous,7,146317,1.0,102.3194
supplier_training,low,exogenous,8,772247,1.0,102.4845
supplier_training,low,exogenous,9,107474,1.0,103.2893
supplier_training,low,exogenous,10,709571,1.0,103.6004
supplier_training,low,exogenous,11,776647,1.0,102.9459
supplier_training,low,exogenous,12,935519,1.0,101.8601
supplier_training,low,exogenous,13,571859,1.0,102.9432
supplier_training,low,exogenous,14,91162,1.0,102.0439
supplier_training,low,exogenous,15,619177,1.0,101.3257
supplier_training,low,exogenous,16,442418,1.0,101.253
supplier_training,low,exogenous,17,33327,1.0,104.1291
supplier_training,low,exogenous,18,31245,1.0,102.6423
supplier_training,low,exogenous,19,98247,1.0,102.3679
supplier_training,low,exogenous,20,229259,1.0,103.1827
supplier_training,low,exogenous,21,243963,1.0,103.3524
supplier_training,low,exogenous,22,529904,1.0,103.9013
supplier_training,low,exogenous,23,631263,1.0,103.2793
supplier_training,low,exogenous,24,27825,1.0,101.8092
supplier_training,low,exogenous,25,588509,1.0,102.2976
supplier_training,low,exogenous,26,208497,1.0,101.8026
supplier_training,low,exogenous,27,750801,1.0,101.8527
supplier_training,low,exogenous,28,681454,1.0,102.9683
supplier_training,low,exogenous,29,735393,1.0,102.5264
supplier_training,low,exogenous,30,571413,1.0,102.5807
supplier_training,low,exogenous,31,439899,1.0,103.6384
supplier_training,low,exogenous,32,231149,1.0,100.6649
supplier_training,low,exogenous,33,471030,1.0,102.155
supplier_training,low,exogenous,34,617890,1.0,102.6373
supplier_training,low,exogenous,35,291705,1.0,104.1971
supplier_training,low,exogenous,36,848750,1.0,102.2757
supplier_training,low,exogenous,37,911528,1.0,102.6304
supplier_training,low,exogenous,38,6815,1.0,102.14
supplier_training,low,exogenous,39,795668,1.0,102.5943
supplier_training,low,exogenous,40,844963,1.0,103.0087
supplier_training,low,exogenous,41,167415,1.0,102.9177
supplier_training,low,exogenous,42,732053,1.0,102.9633
supplier_training,low,exogenous,43,443144,1.0,101.6765
supplier_training,low,exogenous,44,356779,1.0,101.0013
supplier_training,low,exogenous,45,291370,1.0,101.997
supplier_training,low,exogenous,46,163033,1.0,102.9787
supplier_training,low,exogenous,47,225773,1.0,101.7786
supplier_training,low,exogenous,48,800582,1.0,102.7107
supplier_training,low,exogenous,49,352945,1.0,102.998
supplier_training,low,exogenous,50,107176,1.0,102.4213
supplier_training,low,exogenous,51,97252,1.0,102.0136
supplier_training,low,exogenous,52,398383,1.0,102.3326
supplier_training,low,exogenous,53,101415,1.0,101.7663
supplier_training,low,exogenous,54,376418,1.0,103.0605
supplier_training,low,exogenous,55,888663,1.0,103.0729
supplier_training,low,exogenous,56,360664,1.0,101.6474
supplier_training,low,exogenous,57,633053,1.0,101.1174
supplier_training,low,exogenous,58,277371,1.0,101.8255
supplier_training,low,exogenous,59,846336,1.0,102.2644
supplier_training,low,exogenous,60,45562,1.0,102.7569
supplier_training,low,exogenous,61,765180,1.0,101.7602
supplier_training,low,exogenous,62,481742,1.0,102.3346
supplier_training,low,exogenous,63,562276,1.0,101.4823
supplier_training,low,exogenous,64,130890,1.0,102.5116
supplier_training,low,exogenous,65,967097,1.0,102.8324
supplier_training,low,exogenous,66,396923,1.0,101.6393
supplier_training,low,exogenous,67,82628,1.0,102.0798
supplier_training,low,exogenous,68,578857,1.0,102.1376
supplier_training,low,exogenous,69,307420,1.0,102.1639
supplier_training,low,exogenous,70,869694,1.0,102.4728
supplier_training,low,exogenous,71,659177,1.0,101.3952
supplier_training,low,exogenous,72,648565,1.0,102.2277
supplier_training,low,exogenous,73,928464,1.0,102.4372
supplier_training,low,exogenous,74,903566,1.0,102.9668
supplier_training,low,exogenous,75,379202,1.0,103.5092
supplier_training,low,exogenous,76,605398,1.0,101.6594
supplier_training,low,exogenous,77,201630,1.0,101.2809
supplier_training,low,exogenous,78,738798,1.0,101.5769
supplier_training,low,exogenous,79,72934,1.0,102.3956
supplier_training,low,exogenous,80,48051,1.0,103.1677
supplier_training,low,exogenous,81,693385,1.0,101.2248
supplier_training,low,exogenous,82,238969,1.0,103.6936
supplier_training,low,exogenous,83,810621,1.0,102.1929
supplier_training,low,exogenous,84,303446,1.0,102.2952
supplier_training,low,exogenous,85,83668,1.0,103.0993
supplier_training,low,exogenous,86,896866,1.0,101.3396
supplier_training,low,exogenous,87,244099,1.0,102.2612
supplier_training,low,exogenous,88,908574,1.0,102.1531
supplier_training,low,exogenous,89,105908,1.0,102.7856
supplier_training,low,exogenous,90,398592,1.0,102.8025
supplier_training,low,exogenous,91,291477,1.0,102.4515
supplier_training,low,exogenous,92,475436,1.0,102.7312
supplier_training,low,exogenous,93,666564,1.0,102.8043
supplier_training,low,exogenous,94,874629,1.0,103.7292
supplier_training,low,exogenous,95,382555,1.0,102.1007
supplier_training,low,exogenous,96,170556,1.0,102.875
supplier_training,low,exogenous,97,388163,1.0,101.3747
supplier_training,low,exogenous,98,372529,1.0,102.9647
supplier_training,low,exogenous,99,219685,1.0,101.986
supplier_training,low,exogenous,100,702730,1.0,102.432
supplier_training,low,exogenous,101,279947,1.0,101.8561
supplier_training,low,exogenous,102,735912,1.0,102.0734
supplier_training,low,exogenous,103,982154,1.0,103.3548
supplier_training,low,exogenous,104,716752,1.0,102.1929
supplier_training,low,exogenous,105,679515,1.0,102.4124
supplier_training,low,exogenous,106,74871,1.0,103.4449
supplier_training,low,exogenous,107,638721,1.0,103.1062
supplier_training,low,exogenous,108,665823,1.0,101.6643
supplier_training,low,exogenous,109,179452,1.0,102.3919
supplier_training,low,exogenous,110,560087,1.0,103.3688
supplier_training,low,exogenous,111,764545,1.0,100.8789
supplier_training,low,exogenous,112,256703,1.0,101.685
supplier_training,low,exogenous,113,171340,1.0,102.2968
supplier_training,low,exogenous,114,484715,1.0,102.6589
supplier_training,low,exogenous,115,397888,1.0,102.5947
supplier_training,low,exogenous,116,283061,1.0,102.967
supplier_training,low,exogenous,117,970343,1.0,102.2807
supplier_training,low,exogenous,118,671089,1.0,102.1969
supplier_training,low,exogenous,119,721591,1.0,101.5063
supplier_training,low,exogenous,120,584005,1.0,102.827
supplier_training,low,exogenous,121,230284,1.0,101.867
supplier_training,low,exogenous,122,717871,1.0,103.2448
supplier_training,low,exogenous,123,340036,1.0,101.8035
supplier_training,low,exogenous,124,883795,1.0,102.4632
supplier_training,low,exogenous,125,805636,1.0,103.0011
supplier_training,low,exogenous,126,813695,1.0,102.1857
supplier_training,low,exogenous,127,58656,1.0,102.8323
supplier_training,low,exogenous,128,240175,1.0,102.5877
supplier_training,low,exogenous,129,861723,1.0,102.4911
supplier_training,low,exogenous,130,33660,1.0,102.8669
supplier_training,low,exogenous,131,844152,1.0,102.7125
supplier_training,low,exogenous,132,330777,1.0,102.2927
supplier_training,low,exogenous,133,420652,1.0,102.8707
supplier_training,low,exogenous,134,280747,1.0,102.6704
supplier_training,low,exogenous,135,69404,1.0,102.9626
supplier_training,low,exogenous,136,221232,1.0,102.2496
supplier_training,low,exogenous,137,957493,1.0,102.4655
supplier_training,low,exogenous,138,988713,1.0,102.4179
supplier_training,low,exogenous,139,594732,1.0,102.885
supplier_training,low,exogenous,140,918939,1.0,103.3845
supplier_training,low,exogenous,141,752788,1.0,102.6592
supplier_training,low,exogenous,142,329964,1.0,101.4721
supplier_training,low,exogenous,143,222956,1.0,102.8591
supplier_training,low,exogenous,144,687278,1.0,102.8045
supplier_training,low,exogenous,145,523482,1.0,102.0177
supplier_training,low,exogenous,146,414851,1.0,102.4496
supplier_training,low,exogenous,147,927658,1.0,101.4622
supplier_training,low,exogenous,148,958973,1.0,102.2565
supplier_training,low,exogenous,149,674080,1.0,102.5563
supplier_training,low,exogenous,150,481142,1.0,102.4695
supplier_training,low,exogenous,151,149812,1.0,101.7913
supplier_training,low,exogenous,152,277747,1.0,101.6447
supplier_training,low,exogenous,153,146414,1.0,102.2853
supplier_training,low,exogenous,154,258608,1.0,102.9053
supplier_training,low,exogenous,155,781178,1.0,101.1739
supplier_training,low,exogenous,156,588638,1.0,103.5504
supplier_training,low,exogenous,157,565159,1.0,102.4489
supplier_training,low,exogenous,158,275505,1.0,102.7569
supplier_training,low,exogenous,159,783301,1.0,103.0532
supplier_training,low,exogenous,160,612983,1.0,102.1944
supplier_training,low,exogenous,161,449246,1.0,103.2141
supplier_training,low,exogenous,162,941436,1.0,101.9896
supplier_training,low,exogenous,163,611879,1.0,102.0912
supplier_training,low,exogenous,164,418802,1.0,102.6873
supplier_training,low,exogenous,165,379581,1.0,102.7619
supplier_training,low,exogenous,166,229975,1.0,103.4651
supplier_training,low,exogenous,167,145052,1.0,101.7717
supplier_training,low,exogenous,168,534278,1.0,102.5073
supplier_training,low,exogenous,169,517489,1.0,103.451
supplier_training,low,exogenous,170,95326,1.0,102.6594
supplier_training,low,exogenous,171,792496,1.0,101.0325
supplier_training,low,exogenous,172,49406,1.0,102.2285
supplier_training,low,exogenous,173,902932,1.0,101.7284
supplier_training,low,exogenous,174,114976,1.0,102.5727
supplier_training,low,exogenous,175,160266,1.0,102.2476
supplier_training,low,exogenous,176,657925,1.0,103.2226
supplier_training,low,exogenous,177,167754,1.0,103.2324
supplier_training,low,exogenous,178,830556,1.0,103.3583
supplier_training,low,exogenous,179,713537,1.0,102.072
supplier_training,low,exogenous,180,442667,1.0,102.9742
supplier_training,low,exogenous,181,625381,1.0,102.2666
supplier_training,low,exogenous,182,66614,1.0,102.2335
supplier_training,low,exogenous,183,403458,1.0,101.7444
supplier_training,low,exogenous,184,400157,1.0,102.0665
supplier_training,low,exogenous,185,624835,1.0,101.9153
supplier_training,low,exogenous,186,490786,1.0,101.8704
supplier_training,low,exogenous,187,554817,1.0,102.9261
supplier_training,low,exogenous,188,263627,1.0,102.2085
supplier_training,low,exogenous,189,580100,1.0,102.3724
supplier_training,low,exogenous,190,902593,1.0,102.1216
supplier_training,low,exogenous,191,988211,1.0,102.6644
supplier_training,low,exogenous,192,12039,1.0,102.4584
supplier_training,low,exogenous,193,713329,1.0,102.5231
supplier_training,low,exogenous,194,755732,1.0,103.1555
supplier_training,low,exogenous,195,120117,1.0,102.3215
supplier_training,low,exogenous,196,714826,1.0,102.7295
supplier_training,low,exogenous,197,927768,1.0,103.4253
supplier_training,low,exogenous,198,563055,1.0,102.6343
supplier_training,low,exogenous,199,787353,1.0,101.2798
cumulative_policy,low,endogenous,0,670488,0.5333,94.9026
cumulative_policy,low,endogenous,1,116740,0.8,109.3218
cumulative_policy,low,endogenous,2,26226,0.9,122.3595
cumulative_policy,low,endogenous,3,777573,0.9667,125.0785
cumulative_policy,low,endogenous,4,288390,0.8333,121.2647
cumulative_policy,low,endogenous,5,256788,0.5,84.2547
cumulative_policy,low,endogenous,6,234054,0.5,83.6655
cumulative_policy,low,endogenous,7,146317,0.7667,114.4013
cumulative_policy,low,endogenous,8,772247,0.6667,107.2589
cumulative_policy,low,endogenous,9,107474,0.8,124.3532
cumulative_policy,low,endogenous,10,709571,0.6,99.3146
cumulative_policy,low,endogenous,11,776647,0.8333,120.7589
cumulative_policy,low,endogenous,12,935519,0.8,115.9666
cumulative_policy,low,endogenous,13,571859,0.8333,113.8062
cumulative_policy,low,endogenous,14,91162,0.4,61.0778
cumulative_policy,low,endogenous,15,619177,0.4333,116.7439
cumulative_policy,low,endogenous,16,442418,0.9667,130.1353
cumulative_policy,low,endogenous,17,33327,0.9,119.8609
cumulative_policy,low,endogenous,18,31245,0.9333,124.2841
cumulative_policy,low,endogenous,19,98247,0.9333,122.8985
cumulative_policy,low,endogenous,20,229259,0.9667,122.8537
cumulative_policy,low,endogenous,21,243963,0.7667,116.7335
cumulative_policy,low,endogenous,22,529904,0.6667,107.6521
cumulative_policy,low,endogenous,23,631263,0.4667,94.307
cumulative_policy,low,endogenous,24,27825,0.8333,113.0256
cumulative_policy,low,endogenous,25,588509,0.8333,120.6443
cumulative_policy,low,endogenous,26,208497,0.6333,114.5223
cumulative_policy,low,endogenous,27,750801,0.7333,108.7324
cumulative_policy,low,endogenous,28,681454,0.6667,112.9365
cumulative_policy,low,endogenous,29,735393,0.4667,96.8843
cumulative_policy,low,endogenous,30,571413,0.7,118.5892
cumulative_policy,low,endogenous,31,439899,0.6333,111.6058
cumulative_policy,low,endogenous,32,231149,0.7,112.134
cumulative_policy,low,endogenous,33,471030,0.6,99.2286
cumulative_policy,low,endogenous,34,617890,0.9667,125.3667
cumulative_policy,low,endogenous,35,291705,0.4,82.3977
cumulative_policy,low,endogenous,36,848750,0.7,115.6098
cumulative_policy,low,endogenous,37,911528,0.7667,120.9135
cumulative_policy,low,endogenous,38,6815,0.7333,113.4727
cumulative_policy,low,endogenous,39,795668,0.8667,116.3469
cumulative_policy,low,endogenous,40,844963,0.8333,112.7415
cumulative_policy,low,endogenous,41,167415,0.8667,114.0331
cumulative_policy,low,endogenous,42,732053,0.8667,118.521
cumulative_policy,low,endogenous,43,443144,0.6333,107.7864
cumulative_policy,low,endogenous,44,356779,0.8333,112.0302
cumulative_policy,low,endogenous,45,291370,0.7667,125.319
cumulative_policy,low,endogenous,46,163033,0.6,109.7318
cumulative_policy,low,endogenous,47,225773,0.6667,119.341
cumulative_policy,low,endogenous,48,800582,0.9333,123.3011
cumulative_policy,low,endogenous,49,352945,0.8,122.479
cumulative_policy,low,endogenous,50,107176,0.8,113.3119
cumulative_policy,low,endogenous,51,97252,0.8,122.1503
cumulative_policy,low,endogenous,52,398383,0.7667,107.0464
cumulative_policy,low,endogenous,53,101415,0.9667,126.5886
cumulative_policy,low,endogenous,54,376418,0.7333,112.6251
cumulative_policy,low,endogenous,55,888663,0.5333,100.5869
cumulative_policy,low,endogenous,56,360664,0.9667,128.478
cumulative_policy,low,endogenous,57,633053,0.3667,75.0523
cumulative_policy,low,endogenous,58,277371,0.8667,121.7785
cumulative_policy,low,endogenous,59,846336,0.9333,124.2455
cumulative_policy,low,endogenous,60,45562,0.8,116.0445
cumulative_policy,low,endogenous,61,765180,0.5333,88.7271
cumulative_policy,low,endogenous,62,481742,0.6667,110.8698
cumulative_policy,low,endogenous,63,562276,0.7667,104.9819
cumulative_policy,low,endogenous,64,130890,0.7333,115.9755
cumulative_policy,low,endogenous,65,967097,0.7667,114.2919
cumulative_policy,low,endogenous,66,396923,0.5333,91.4862
cumulative_policy,low,endogenous,67,82628,0.9,120.5085
cumulative_policy,low,endogenous,68,578857,0.8,109.973
cumulative_policy,low,endogenous,69,307420,0.5,110.1035
cumulative_policy,low,endogenous,70,869694,0.7,98.0439
cumulative_policy,low,endogenous,71,659177,0.6667,102.6049
cumulative_policy,low,endogenous,72,648565,0.6667,107.6755
cumulative_policy,low,endogenous,73,928464,0.6667,114.1757
cumulative_policy,low,endogenous,74,903566,0.9333,127.0375
cumulative_policy,low,endogenous,75,379202,0.4,75.9446
cumulative_policy,low,endogenous,76,605398,0.9667,128.9741
cumulative_policy,low,endogenous,77,201630,0.9,122.2409
cumulative_policy,low,endogenous,78,738798,0.6,103.2953
cumulative_policy,low,endogenous,79,72934,0.8,116.9845
cumulative_policy,low,endogenous,80,48051,0.5667,100.9947
cumulative_policy,low,endogenous,81,693385,0.8667,123.1417
cumulative_policy,low,endogenous,82,238969,0.9,125.0647
cumulative_policy,low,endogenous,83,810621,0.5667,88.4429
cumulative_policy,low,endogenous,84,303446,0.5,85.2008
cumulative_policy,low,endogenous,85,83668,0.6,114.1342
cumulative_policy,low,endogenous,86,896866,0.7,111.6336
cumulative_policy,low,endogenous,87,244099,0.8667,125.7508
cumulative_policy,low,endogenous,88,908574,0.8333,121.868
cumulative_policy,low,endogenous,89,105908,0.7667,118.7292
cumulative_policy,low,endogenous,90,398592,0.7667,118.4873
cumulative_policy,low,endogenous,91,291477,0.9667,127.6546
cumulative_policy,low,endogenous,92,475436,0.3667,77.7097
cumulative_policy,low,endogenous,93,666564,0.9333,128.4653
cumulative_policy,low,endogenous,94,874629,0.4333,75.1596
cumulative_policy,low,endogenous,95,382555,0.8,110.3688
cumulative_policy,low,endogenous,96,170556,0.7,104.5689
cumulative_policy,low,endogenous,97,388163,0.8,112.3143
cumulative_policy,low,endogenous,98,372529,0.5667,116.299
cumulative_policy,low,endogenous,99,219685,0.9333,123.7979
cumulative_policy,low,endogenous,100,702730,0.7,112.9178
cumulative_policy,low,endogenous,101,279947,0.8,109.9018
cumulative_policy,low,endogenous,102,735912,0.6667,97.0592
cumulative_policy,low,endogenous,103,982154,0.8333,117.2398
cumulative_policy,low,endogenous,104,716752,0.5667,100.0277
cumulative_policy,low,endogenous,105,679515,0.5667,94.2355
cumulative_policy,low,endogenous,106,74871,0.9333,123.1446
cumulative_policy,low,endogenous,107,638721,0.9333,123.6488
cumulative_policy,low,endogenous,108,665823,0.8667,110.3208
cumulative_policy,low,endogenous,109,179452,0.5333,95.8329
cumulative_policy,low,endogenous,110,560087,0.2333,58.0057
cumulative_policy,low,endogenous,111,764545,0.9333,122.698
cumulative_policy,low,endogenous,112,256703,0.9333,119.8946
cumulative_policy,low,endogenous,113,171340,0.5333,92.7235
cumulative_policy,low,endogenous,114,484715,0.7,117.8349
cumulative_policy,low,endogenous,115,397888,0.5667,104.5056
cumulative_policy,low,endogenous,116,283061,0.4333,83.6953
cumulative_policy,low,endogenous,117,970343,0.3667,106.7364
cumulative_policy,low,endogenous,118,671089,0.6333,94.4932
cumulative_policy,low,endogenous,119,721591,0.5,79.8968
cumulative_policy,low,endogenous,120,584005,0.5,89.0621
cumulative_policy,low,endogenous,121,230284,0.8333,111.6188
cumulative_policy,low,endogenous,122,717871,0.7333,105.1501
cumulative_policy,low,endogenous,123,340036,0.7333,126.2575
cumulative_policy,low,endogenous,124,883795,0.9333,128.8481
cumulative_policy,low,endogenous,125,805636,0.9333,123.4756
cumulative_policy,low,endogenous,126,813695,0.6,100.5406
cumulative_policy,low,endogenous,127,58656,0.6333,101.1287
cumulative_policy,low,endogenous,128,240175,0.4333,109.969
cumulative_policy,low,endogenous,129,861723,0.5333,96.6006
cumulative_policy,low,endogenous,130,33660,0.8667,112.347
cumulative_policy,low,endogenous,131,844152,0.6333,92.0751
cumulative_policy,low,endogenous,132,330777,0.8667,121.597
cumulative_policy,low,endogenous,133,420652,0.4667,103.8249
cumulative_policy,low,endogenous,134,280747,0.8,127.8878
cumulative_policy,low,endogenous,135,69404,0.8667,122.3631
cumulative_policy,low,endogenous,136,221232,0.6333,99.1808
cumulative_policy,low,endogenous,137,957493,0.4667,76.8983
cumulative_policy,low,endogenous,138,988713,0.8333,115.2528
cumulative_policy,low,endogenous,139,594732,0.9667,129.3283
cumulative_policy,low,endogenous,140,918939,0.8,120.8344
cumulative_policy,low,endogenous,141,752788,0.8667,124.5102
cumulative_policy,low,endogenous,142,329964,0.7667,111.3799
cumulative_policy,low,endogenous,143,222956,0.8333,111.8171
cumulative_policy,low,endogenous,144,687278,0.6333,91.8631
cumulative_policy,low,endogenous,145,523482,0.9333,123.3434
cumulative_policy,low,endogenous,146,414851,0.7,99.9022
cumulative_policy,low,endogenous,147,927658,0.6333,111.6985
cumulative_policy,low,endogenous,148,958973,0.9667,123.4259
cumulative_policy,low,endogenous,149,674080,0.5333,116.274
cumulative_policy,low,endogenous,150,481142,0.7333,113.4345
cumulative_policy,low,endogenous,151,149812,0.9333,124.3006
cumulative_policy,low,endogenous,152,277747,0.7,111.5081
cumulative_policy,low,endogenous,153,146414,0.6,99.8386
cumulative_policy,low,endogenous,154,258608,1.0,131.9162
cumulative_policy,low,endogenous,155,781178,0.9,119.3422
cumulative_policy,low,endogenous,156,588638,0.8,114.4011
cumulative_policy,low,endogenous,157,565159,0.9,121.1646
cumulative_policy,low,endogenous,158,275505,0.6333,118.6508
cumulative_policy,low,endogenous,159,783301,0.6,107.6401
cumulative_policy,low,endogenous,160,612983,0.8333,116.5657
cumulative_policy,low,endogenous,161,449246,0.8,121.6119
cumulative_policy,low,endogenous,162,941436,0.5667,93.877
cumulative_policy,low,endogenous,163,611879,0.6333,100.0736
cumulative_policy,low,endogenous,164,418802,0.8667,117.6137
cumulative_policy,low,endogenous,165,379581,0.8333,124.3661
cumulative_policy,low,endogenous,166,229975,0.7333,104.448
cumulative_policy,low,endogenous,167,145052,0.8333,118.1718
cumulative_policy,low,endogenous,168,534278,0.8667,121.5901
cumulative_policy,low,endogenous,169,517489,0.4667,100.3159
cumulative_policy,low,endogenous,170,95326,0.6,99.2368
cumulative_policy,low,endogenous,171,792496,0.9,124.5588
cumulative_policy,low,endogenous,172,49406,0.6667,104.1303
cumulative_policy,low,endogenous,173,902932,0.9,126.3094
cumulative_policy,low,endogenous,174,114976,0.7333,106.5187
cumulative_policy,low,endogenous,175,160266,0.9333,127.4491
cumulative_policy,low,endogenous,176,657925,0.5667,88.8487
cumulative_policy,low,endogenous,177,167754,0.9667,125.5281
cumulative_policy,low,endogenous,178,830556,0.9,119.9886
cumulative_policy,low,endogenous,179,713537,0.6667,104.9662
cumulative_policy,low,endogenous,180,442667,0.7333,106.9754
cumulative_policy,low,endogenous,181,625381,0.7667,120.7592
cumulative_policy,low,endogenous,182,66614,0.8,125.0432
cumulative_policy,low,endogenous,183,403458,0.9,127.5781
cumulative_policy,low,endogenous,184,400157,1.0,129.8669
cumulative_policy,low,endogenous,185,624835,0.6667,110.9239
cumulative_policy,low,endogenous,186,490786,0.6,98.4978
cumulative_policy,low,endogenous,187,554817,0.6,97.8437
cumulative_policy,low,endogenous,188,263627,0.8333,119.855
cumulative_policy,low,endogenous,189,580100,0.8667,112.7908
cumulative_policy,low,endogenous,190,902593,0.7667,120.1876
cumulative_policy,low,endogenous,191,988211,0.5,117.176
cumulative_policy,low,endogenous,192,12039,0.9333,124.1011
cumulative_policy,low,endogenous,193,713329,1.0,130.0193
cumulative_policy,low,endogenous,194,755732,0.6,95.3772
cumulative_policy,low,endogenous,195,120117,0.6333,115.9662
cumulative_policy,low,endogenous,196,714826,0.7333,107.1583
cumulative_policy,low,endogenous,197,927768,0.3667,89.6941
cumulative_policy,low,endogenous,198,563055,0.6333,95.3112
cumulative_policy,low,endogenous,199,787353,0.8333,122.5857
cumulative_policy,low,exogenous,0,670488,1.0,130.1337
cumulative_policy,low,exogenous,1,116740,1.0,129.8644
cumulative_policy,low,exogenous,2,26226,1.0,128.6514
cumulative_policy,low,exogenous,3,777573,1.0,127.6946
cumulative_policy,low,exogenous,4,288390,1.0,129.3204
cumulative_policy,low,exogenous,5,256788,1.0,129.8413
cumulative_policy,low,exogenous,6,234054,1.0,130.1387
cumulative_policy,low,exogenous,7,146317,1.0,131.5514
cumulative_policy,low,exogenous,8,772247,1.0,127.519
cumulative_policy,low,exogenous,9,107474,1.0,129.6069
cumulative_policy,low,exogenous,10,709571,1.0,130.2703
cumulative_policy,low,exogenous,11,776647,1.0,129.4796
cumulative_policy,low,exogenous,12,935519,1.0,128.5639
cumulative_policy,low,exogenous,13,571859,1.0,127.8732
cumulative_policy,low,exogenous,14,91162,1.0,127.1426
cumulative_policy,low,exogenous,15,619177,1.0,126.8846
cumulative_policy,low,exogenous,16,442418,1.0,130.5887
cumulative_policy,low,exogenous,17,33327,1.0,127.4256
cumulative_policy,low,exogenous,18,31245,1.0,130.1041
cumulative_policy,low,exogenous,19,98247,1.0,129.8078
cumulative_policy,low,exogenous,20,229259,1.0,126.466
cumulative_policy,low,exogenous,21,243963,1.0,128.369
cumulative_policy,low,exogenous,22,529904,1.0,129.9044
cumulative_policy,low,exogenous,23,631263,1.0,130.8611
cumulative_policy,low,exogenous,24,27825,1.0,123.9974
cumulative_policy,low,exogenous,25,588509,1.0,130.7484
cumulative_policy,low,exogenous,26,208497,1.0,126.0303
cumulative_policy,low,exogenous,27,750801,1.0,129.3307
cumulative_policy,low,exogenous,28,681454,1.0,127.8878
cumulative_policy,low,exogenous,29,735393,1.0,130.8783
cumulative_policy,low,exogenous,30,571413,1.0,125.5052
cumulative_policy,low,exogenous,31,439899,1.0,131.0352
cumulative_policy,low,exogenous,32,231149,1.0,126.0179
cumulative_policy,low,exogenous,33,471030,1.0,127.6414
cumulative_policy,low,exogenous,34,617890,1.0,128.4525
cumulative_policy,low,exogenous,35,291705,1.0,132.175
cumulative_policy,low,exogenous,36,848750,1.0,129.4745
cumulative_policy,low,exogenous,37,911528,1.0,130.1967
cumulative_policy,low,exogenous,38,6815,1.0,128.0463
cumulative_policy,low,exogenous,39,795668,1.0,128.6779
cumulative_policy,low,exogenous,40,844963,1.0,127.0272
cumulative_policy,low,exogenous,41,167415,1.0,130.0387
cumulative_policy,low,exogenous,42,732053,1.0,127.7342
cumulative_policy,low,exogenous,43,443144,1.0,129.0013
cumulative_policy,low,exogenous,44,356779,1.0,126.3715
cumulative_policy,low,exogenous,45,291370,1.0,127.3739
cumulative_policy,low,exogenous,46,163033,1.0,127.5196
cumulative_policy,low,exogenous,47,225773,1.0,128.4634
cumulative_policy,low,exogenous,48,800582,1.0,130.0026
cumulative_policy,low,exogenous,49,352945,1.0,128.3534
cumulative_policy,low,exogenous,50,107176,1.0,129.4496
cumulative_policy,low,exogenous,51,97252,1.0,128.751
cumulative_policy,low,exogenous,52,398383,1.0,128.8816
cumulative_policy,low,exogenous,53,101415,1.0,126.7387
cumulative_policy,low,exogenous,54,376418,1.0,129.0528
cumulative_policy,low,exogenous,55,888663,1.0,128.3064
cumulative_policy,low,exogenous,56,360664,1.0,129.7974
cumulative_policy,low,exogenous,57,633053,1.0,130.0651
cumulative_policy,low,exogenous,58,277371,1.0,129.7512
cumulative_policy,low,exogenous,59,846336,1.0,130.6459
cumulative_policy,low,exogenous,60,45562,1.0,127.6327
cumulative_policy,low,exogenous,61,765180,1.0,128.2115
cumulative_policy,low,exogenous,62,481742,1.0,127.8395
cumulative_policy,low,exogenous,63,562276,1.0,125.8454
cumulative_policy,low,exogenous,64,130890,1.0,126.2865
cumulative_policy,low,exogenous,65,967097,1.0,130.792
cumulative_policy,low,exogenous,66,396923,1.0,130.0579
cumulative_policy,low,exogenous,67,82628,1.0,129.5568
cumulative_policy,low,exogenous,68,578857,1.0,128.1131
cumulative_policy,low,exogenous,69,307420,1.0,130.0281
cumulative_policy,low,exogenous,70,869694,1.0,129.798
cumulative_policy,low,exogenous,71,659177,1.0,128.476
cumulative_policy,low,exogenous,72,648565,1.0,128.8185
cumulative_policy,low,exogenous,73,928464,1.0,128.7172
cumulative_policy,low,exogenous,74,903566,1.0,127.0318
cumulative_policy,low,exogenous,75,379202,1.0,129.8508
cumulative_policy,low,exogenous,76,605398,1.0,129.7262
cumulative_policy,low,exogenous,77,201630,1.0,126.6875
cumulative_policy,low,exogenous,78,738798,1.0,126.111
cumulative_policy,low,exogenous,79,72934,1.0,130.0511
cumulative_policy,low,exogenous,80,48051,1.0,127.9831
cumulative_policy,low,exogenous,81,693385,1.0,129.73
cumulative_policy,low,exogenous,82,238969,1.0,130.5496
cumulative_policy,low,exogenous,83,810621,1.0,126.5866
cumulative_policy,low,exogenous,84,303446,1.0,127.0932
cumulative_policy,low,exogenous,85,83668,1.0,127.9095
cumulative_policy,low,exogenous,86,896866,1.0,130.692
cumulative_policy,low,exogenous,87,244099,1.0,132.3401
cumulative_policy,low,exogenous,88,908574,1.0,130.0432
cumulative_policy,low,exogenous,89,105908,1.0,128.8516
cumulative_policy,low,exogenous,90,398592,1.0,128.9579
cumulative_policy,low,exogenous,91,291477,1.0,129.4895
cumulative_policy,low,exogenous,92,475436,1.0,128.8363
cumulative_policy,low,exogenous,93,666564,1.0,131.2474
cumulative_policy,low,exogenous,94,874629,1.0,130.3755
cumulative_policy,low,exogenous,95,382555,1.0,127.7591
cumulative_policy,low,exogenous,96,170556,1.0,128.6691
cumulative_policy,low,exogenous,97,388163,1.0,127.6422
cumulative_policy,low,exogenous,98,372529,1.0,129.0962
cumulative_policy,low,exogenous,99,219685,1.0,131.2622
cumulative_policy,low,exogenous,100,702730,1.0,130.2046
cumulative_policy,low,exogenous,101,279947,1.0,128.8885
cumulative_policy,low,exogenous,102,735912,1.0,130.7853
cumulative_policy,low,exogenous,103,982154,1.0,129.8005
cumulative_policy,low,exogenous,104,716752,1.0,128.7884
cumulative_policy,low,exogenous,105,679515,1.0,126.911
cumulative_policy,low,exogenous,106,74871,1.0,129.3377
cumulative_policy,low,exogenous,107,638721,1.0,126.8788
cumulative_policy,low,exogenous,108,665823,1.0,126.0334
cumulative_policy,low,exogenous,109,179452,1.0,129.2815
cumulative_policy,low,exogenous,110,560087,1.0,130.1283
cumulative_policy,low,exogenous,111,764545,1.0,129.4881
cumulative_policy,low,exogenous,112,256703,1.0,126.0444
cumulative_policy,low,exogenous,113,171340,1.0,126.9494
cumulative_policy,low,exogenous,114,484715,1.0,130.2659
cumulative_policy,low,exogenous,115,397888,1.0,130.1514
cumulative_policy,low,exogenous,116,283061,1.0,125.1619
cumulative_policy,low,exogenous,117,970343,1.0,127.8118
cumulative_policy,low,exogenous,118,671089,1.0,128.6468
cumulative_policy,low,exogenous,119,721591,1.0,126.684
cumulative_policy,low,exogenous,120,584005,1.0,127.9262
cumulative_policy,low,exogenous,121,230284,1.0,127.0225
cumulative_policy,low,exogenous,122,717871,1.0,129.7869
cumulative_policy,low,exogenous,123,340036,1.0,129.9381
cumulative_policy,low,exogenous,124,883795,1.0,130.6462
cumulative_policy,low,exogenous,125,805636,1.0,125.9018
cumulative_policy,low,exogenous,126,813695,1.0,130.0898
cumulative_policy,low,exogenous,127,58656,1.0,127.6329
cumulative_policy,low,exogenous,128,240175,1.0,127.0028
cumulative_policy,low,exogenous,129,861723,1.0,128.0522
cumulative_policy,low,exogenous,130,33660,1.0,126.6145
cumulative_policy,low,exogenous,131,844152,1.0,130.3283
cumulative_policy,low,exogenous,132,330777,1.0,128.9188
cumulative_policy,low,exogenous,133,420652,1.0,129.8394
cumulative_policy,low,exogenous,134,280747,1.0,129.881
cumulative_policy,low,exogenous,135,69404,1.0,125.5792
cumulative_policy,low,exogenous,136,221232,1.0,128.8134
cumulative_policy,low,exogenous,137,957493,1.0,126.1945
cumulative_policy,low,exogenous,138,988713,1.0,127.8156
cumulative_policy,low,exogenous,139,594732,1.0,129.3735
cumulative_policy,low,exogenous,140,918939,1.0,132.5711
cumulative_policy,low,exogenous,141,752788,1.0,129.3238
cumulative_policy,low,exogenous,142,329964,1.0,129.3831
cumulative_policy,low,exogenous,143,222956,1.0,127.4317
cumulative_policy,low,exogenous,144,687278,1.0,126.2001
cumulative_policy,low,exogenous,145,523482,1.0,129.2252
cumulative_policy,low,exogenous,146,414851,1.0,127.7717
cumulative_policy,low,exogenous,147,927658,1.0,128.8281
cumulative_policy,low,exogenous,148,958973,1.0,127.5501
cumulative_policy,low,exogenous,149,674080,1.0,127.2447
cumulative_policy,low,exogenous,150,481142,1.0,126.926
cumulative_policy,low,exogenous,151,149812,1.0,127.8746
cumulative_policy,low,exogenous,152,277747,1.0,128.1171
cumulative_policy,low,exogenous,153,146414,1.0,128.9369
cumulative_policy,low,exogenous,154,258608,1.0,131.9448
cumulative_policy,low,exogenous,155,781178,1.0,129.5415
cumulative_policy,low,exogenous,156,588638,1.0,127.2619
cumulative_policy,low,exogenous,157,565159,1.0,127.1974
cumulative_policy,low,exogenous,158,275505,1.0,131.064
cumulative_policy,low,exogenous,159,783301,1.0,128.4646
cumulative_policy,low,exogenous,160,612983,1.0,129.4295
cumulative_policy,low,exogenous,161,449246,1.0,128.3418
cumulative_policy,low,exogenous,162,941436,1.0,128.9484
cumulative_policy,low,exogenous,163,611879,1.0,129.0091
cumulative_policy,low,exogenous,164,418802,1.0,129.0041
cumulative_policy,low,exogenous,165,379581,1.0,129.3741
cumulative_policy,low,exogenous,166,229975,1.0,128.7478
cumulative_policy,low,exogenous,167,145052,1.0,129.3136
cumulative_policy,low,exogenous,168,534278,1.0,129.4873
cumulative_policy,low,exogenous,169,517489,1.0,129.9405
cumulative_policy,low,exogenous,170,95326,1.0,128.4654
cumulative_policy,low,exogenous,171,792496,1.0,128.025
cumulative_policy,low,exogenous,172,49406,1.0,128.5597
cumulative_policy,low,exogenous,173,902932,1.0,131.6853
cumulative_policy,low,exogenous,174,114976,1.0,129.0228
cumulative_policy,low,exogenous,175,160266,1.0,127.7418
cumulative_policy,low,exogenous,176,657925,1.0,130.3405
cumulative_policy,low,exogenous,177,167754,1.0,129.5434
cumulative_policy,low,exogenous,178,830556,1.0,127.5806
cumulative_policy,low,exogenous,179,713537,1.0,129.8251
cumulative_policy,low,exogenous,180,442667,1.0,130.5278
cumulative_policy,low,exogenous,181,625381,1.0,130.8975
cumulative_policy,low,exogenous,182,66614,1.0,130.2412
cumulative_policy,low,exogenous,183,403458,1.0,129.4918
cumulative_policy,low,exogenous,184,400157,1.0,129.8761
cumulative_policy,low,exogenous,185,624835,1.0,128.5048
cumulative_policy,low,exogenous,186,490786,1.0,129.0339
cumulative_policy,low,exogenous,187,554817,1.0,130.6934
cumulative_policy,low,exogenous,188,263627,1.0,129.8346
cumulative_policy,low,exogenous,189,580100,1.0,128.8692
cumulative_policy,low,exogenous,190,902593,1.0,129.6238
cumulative_policy,low,exogenous,191,988211,1.0,127.6859
cumulative_policy,low,exogenous,192,12039,1.0,129.4567
cumulative_policy,low,exogenous,193,713329,1.0,130.002
cumulative_policy,low,exogenous,194,755732,1.0,131.4095
cumulative_policy,low,exogenous,195,120117,1.0,131.983
cumulative_policy,low,exogenous,196,714826,1.0,128.3751
cumulative_policy,low,exogenous,197,927768,1.0,128.6363
cumulative_policy,low,exogenous,198,563055,1.0,129.8749
cumulative_policy,low,exogenous,199,787353,1.0,128.0767
baseline,mid,endogenous,0,670488,0.3667,20.8133
baseline,mid,endogenous,1,116740,0.9,24.3996
baseline,mid,endogenous,2,26226,0.4667,13.7399
baseline,mid,endogenous,3,777573,0.9,23.8859
baseline,mid,endogenous,4,288390,0.7333,17.964
baseline,mid,endogenous,5,256788,0.7667,34.7062
baseline,mid,endogenous,6,234054,0.5667,17.7716
baseline,mid,endogenous,7,146317,0.8333,23.3932
baseline,mid,endogenous,8,772247,0.6667,24.4268
baseline,mid,endogenous,9,107474,0.9667,39.4238
baseline,mid,endogenous,10,709571,0.6333,33.6376
baseline,mid,endogenous,11,776647,0.9,32.5796
baseline,mid,endogenous,12,935519,0.8333,27.5159
baseline,mid,endogenous,13,571859,0.8333,27.7496
baseline,mid,endogenous,14,91162,0.5333,19.0791
baseline,mid,endogenous,15,619177,0.6667,18.8182
baseline,mid,endogenous,16,442418,0.9667,19.0783
baseline,mid,endogenous,17,33327,0.9,46.1243
baseline,mid,endogenous,18,31245,0.9,31.8782
baseline,mid,endogenous,19,98247,0.9333,28.8209
baseline,mid,endogenous,20,229259,0.9667,37.8137
baseline,mid,endogenous,21,243963,0.7333,34.3124
baseline,mid,endogenous,22,529904,0.8,36.357
baseline,mid,endogenous,23,631263,0.6667,31.2897
baseline,mid,endogenous,24,27825,0.5667,20.122
baseline,mid,endogenous,25,588509,0.7333,25.5437
baseline,mid,endogenous,26,208497,0.7,22.0459
baseline,mid,endogenous,27,750801,0.8,22.8076
baseline,mid,endogenous,28,681454,0.5,28.2028
baseline,mid,endogenous,29,735393,0.3,19.0921
baseline,mid,endogenous,30,571413,0.5333,27.3393
baseline,mid,endogenous,31,439899,0.7333,36.5882
baseline,mid,endogenous,32,231149,0.5,10.7662
baseline,mid,endogenous,33,471030,0.7,24.2773
baseline,mid,endogenous,34,617890,0.9667,29.8648
baseline,mid,endogenous,35,291705,0.4667,32.1573
baseline,mid,endogenous,36,848750,0.8667,25.2477
baseline,mid,endogenous,37,911528,0.8,24.7867
baseline,mid,endogenous,38,6815,0.8,27.8044
baseline,mid,endogenous,39,795668,0.8333,25.7691
baseline,mid,endogenous,40,844963,0.5667,26.0435
baseline,mid,endogenous,41,167415,0.9667,34.2333
baseline,mid,endogenous,42,732053,0.7667,31.7403
baseline,mid,endogenous,43,443144,0.5667,18.0426
baseline,mid,endogenous,44,356779,0.6333,11.8329
baseline,mid,endogenous,45,291370,0.7667,24.2806
baseline,mid,endogenous,46,163033,0.5333,27.2627
baseline,mid,endogenous,47,225773,0.7,22.3991
baseline,mid,endogenous,48,800582,0.7333,21.3576
baseline,mid,endogenous,49,352945,0.7333,34.2498
baseline,mid,endogenous,50,107176,0.8,26.0546
baseline,mid,endogenous,51,97252,0.9,22.7639
baseline,mid,endogenous,52,398383,0.7333,25.8083
baseline,mid,endogenous,53,101415,0.9667,22.1593
baseline,mid,endogenous,54,376418,0.7,31.5362
baseline,mid,endogenous,55,888663,0.5,22.6903
baseline,mid,endogenous,56,360664,0.9667,22.4864
baseline,mid,endogenous,57,633053,0.7667,15.9991
baseline,mid,endogenous,58,277371,0.8667,21.2379
baseline,mid,endogenous,59,846336,0.9,32.4167
baseline,mid,endogenous,60,45562,0.8667,31.9484
baseline,mid,endogenous,61,765180,0.4333,15.4873
baseline,mid,endogenous,62,481742,0.7667,26.1338
baseline,mid,endogenous,63,562276,0.8667,19.3861
baseline,mid,endogenous,64,130890,0.5667,27.5997
baseline,mid,endogenous,65,967097,0.6667,29.1311
baseline,mid,endogenous,66,396923,0.5333,16.9654
baseline,mid,endogenous,67,82628,0.8667,23.5392
baseline,mid,endogenous,68,578857,0.8,21.5744
baseline,mid,endogenous,69,307420,0.6,25.623
baseline,mid,endogenous,70,869694,0.7,26.13
baseline,mid,endogenous,71,659177,0.4667,18.3139
baseline,mid,endogenous,72,648565,0.5667,23.0062
baseline,mid,endogenous,73,928464,0.6,23.0682
baseline,mid,endogenous,74,903566,0.9667,36.7677
baseline,mid,endogenous,75,379202,0.2333,23.7795
baseline,mid,endogenous,76,605398,0.8667,22.8681
baseline,mid,endogenous,77,201630,0.9333,19.0876
baseline,mid,endogenous,78,738798,0.8,18.4995
baseline,mid,endogenous,79,72934,0.7667,26.215
baseline,mid,endogenous,80,48051,0.5333,26.0717
baseline,mid,endogenous,81,693385,0.8,17.594
baseline,mid,endogenous,82,238969,0.8333,38.1013
baseline,mid,endogenous,83,810621,0.5333,20.7857
baseline,mid,endogenous,84,303446,0.7667,23.0321
baseline,mid,endogenous,85,83668,0.6,32.9243
baseline,mid,endogenous,86,896866,0.7333,18.2085
baseline,mid,endogenous,87,244099,0.7667,25.0905
baseline,mid,endogenous,88,908574,0.7667,22.9253
baseline,mid,endogenous,89,105908,0.7333,27.2544
baseline,mid,endogenous,90,398592,0.8333,29.1411
baseline,mid,endogenous,91,291477,0.9,25.5611
baseline,mid,endogenous,92,475436,0.6,24.9787
baseline,mid,endogenous,93,666564,0.9333,34.6391
baseline,mid,endogenous,94,874629,0.7,35.6138
baseline,mid,endogenous,95,382555,0.8,23.6783
baseline,mid,endogenous,96,170556,0.7,26.9461
baseline,mid,endogenous,97,388163,0.8,19.3573
baseline,mid,endogenous,98,372529,0.5667,31.0026
baseline,mid,endogenous,99,219685,0.9333,22.0437
baseline,mid,endogenous,100,702730,0.5333,24.3413
baseline,mid,endogenous,101,279947,0.5333,18.4467
baseline,mid,endogenous,102,735912,0.6,20.0286
baseline,mid,endogenous,103,982154,0.6667,31.644
baseline,mid,endogenous,104,716752,0.7,24.7243
baseline,mid,endogenous,105,679515,0.5,19.8445
baseline,mid,endogenous,106,74871,0.8667,34.8453
baseline,mid,endogenous,107,638721,0.9333,35.2409
baseline,mid,endogenous,108,665823,0.9,21.4901
baseline,mid,endogenous,109,179452,0.3333,21.3279
baseline,mid,endogenous,110,560087,0.4667,25.609
baseline,mid,endogenous,111,764545,0.8,13.8679
baseline,mid,endogenous,112,256703,0.9333,26.4518
baseline,mid,endogenous,113,171340,0.6333,23.8007
baseline,mid,endogenous,114,484715,0.6333,25.9748
baseline,mid,endogenous,115,397888,0.7667,26.0467
baseline,mid,endogenous,116,283061,0.4333,22.4195
baseline,mid,endogenous,117,970343,0.5667,24.1774
baseline,mid,endogenous,118,671089,0.5667,18.0412
baseline,mid,endogenous,119,721591,0.3,19.9297
baseline,mid,endogenous,120,584005,0.8,28.1024
baseline,mid,endogenous,121,230284,0.5667,16.2929
baseline,mid,endogenous,122,717871,0.6333,27.5455
baseline,mid,endogenous,123,340036,0.7667,23.9072
baseline,mid,endogenous,124,883795,0.8333,26.7683
baseline,mid,endogenous,125,805636,0.9333,35.222
baseline,mid,endogenous,126,813695,0.6333,24.9347
baseline,mid,endogenous,127,58656,0.2333,19.5186
baseline,mid,endogenous,128,240175,0.4667,26.916
baseline,mid,endogenous,129,861723,0.6333,22.9072
baseline,mid,endogenous,130,33660,0.9333,30.6748
baseline,mid,endogenous,131,844152,0.7,23.86
baseline,mid,endogenous,132,330777,0.5333,22.7771
baseline,mid,endogenous,133,420652,0.5333,28.3314
baseline,mid,endogenous,134,280747,0.8333,31.0628
baseline,mid,endogenous,135,69404,0.8333,35.6487
baseline,mid,endogenous,136,221232,0.7667,22.1768
baseline,mid,endogenous,137,957493,0.5667,20.2256
baseline,mid,endogenous,138,988713,0.8333,27.2539
baseline,mid,endogenous,139,594732,0.9667,34.0341
baseline,mid,endogenous,140,918939,0.6667,30.4456
baseline,mid,endogenous,141,752788,0.8667,34.9646
baseline,mid,endogenous,142,329964,0.8,20.1899
baseline,mid,endogenous,143,222956,0.7333,30.0675
baseline,mid,endogenous,144,687278,0.5667,22.5231
baseline,mid,endogenous,145,523482,0.9333,27.5255
baseline,mid,endogenous,146,414851,0.4,18.2624
baseline,mid,endogenous,147,927658,0.7667,16.5022
baseline,mid,endogenous,148,958973,0.9667,27.2273
baseline,mid,endogenous,149,674080,0.8333,29.677
baseline,mid,endogenous,150,481142,0.8,27.9104
baseline,mid,endogenous,151,149812,0.9667,23.5166
baseline,mid,endogenous,152,277747,0.4,17.4397
baseline,mid,endogenous,153,146414,0.6,21.4067
baseline,mid,endogenous,154,258608,1.0,34.8287
baseline,mid,endogenous,155,781178,0.8667,18.1108
baseline,mid,endogenous,156,588638,0.9,36.5851
baseline,mid,endogenous,157,565159,0.8333,27.1675
baseline,mid,endogenous,158,275505,0.8333,33.4778
baseline,mid,endogenous,159,783301,0.6,26.8069
baseline,mid,endogenous,160,612983,0.8333,25.9938
baseline,mid,endogenous,161,449246,0.8667,35.3627
baseline,mid,endogenous,162,941436,0.7333,21.0238
baseline,mid,endogenous,163,611879,0.8,26.0907
baseline,mid,endogenous,164,418802,0.7333,26.9552
baseline,mid,endogenous,165,379581,0.7667,26.5331
baseline,mid,endogenous,166,229975,0.9333,38.0202
baseline,mid,endogenous,167,145052,0.9,21.2198
baseline,mid,endogenous,168,534278,0.8667,29.9812
baseline,mid,endogenous,169,517489,0.7,35.6211
baseline,mid,endogenous,170,95326,0.6667,27.9974
baseline,mid,endogenous,171,792496,0.9,15.3595
baseline,mid,endogenous,172,49406,0.7333,25.5255
baseline,mid,endogenous,173,902932,0.9,22.0047
baseline,mid,endogenous,174,114976,0.7333,23.8496
baseline,mid,endogenous,175,160266,0.9,27.0854
baseline,mid,endogenous,176,657925,0.5,24.8333
baseline,mid,endogenous,177,167754,0.9667,33.3221
baseline,mid,endogenous,178,830556,0.9333,32.8792
baseline,mid,endogenous,179,713537,0.6667,17.229
baseline,mid,endogenous,180,442667,0.8333,30.2136
baseline,mid,endogenous,181,625381,0.6667,24.7478
baseline,mid,endogenous,182,66614,0.5667,24.5046
baseline,mid,endogenous,183,403458,0.9,24.1817
baseline,mid,endogenous,184,400157,1.0,23.4511
baseline,mid,endogenous,185,624835,0.7333,24.5295
baseline,mid,endogenous,186,490786,0.6333,23.3887
baseline,mid,endogenous,187,554817,0.5667,27.4382
baseline,mid,endogenous,188,263627,0.8,24.7866
baseline,mid,endogenous,189,580100,0.4667,13.1583
baseline,mid,endogenous,190,902593,0.8,24.0152
baseline,mid,endogenous,191,988211,0.6,27.0679
baseline,mid,endogenous,192,12039,0.8667,26.8079
baseline,mid,endogenous,193,713329,1.0,34.3368
baseline,mid,endogenous,194,755732,0.7,30.687
baseline,mid,endogenous,195,120117,0.7333,26.3527
baseline,mid,endogenous,196,714826,0.6,25.4787
baseline,mid,endogenous,197,927768,0.3667,23.3909
baseline,mid,endogenous,198,563055,0.3333,18.6151
baseline,mid,endogenous,199,787353,0.6,15.4835
baseline,mid,exogenous,0,670488,1.0,27.524
baseline,mid,exogenous,1,116740,1.0,24.7505
baseline,mid,exogenous,2,26226,1.0,19.4132
baseline,mid,exogenous,3,777573,1.0,25.4486
baseline,mid,exogenous,4,288390,1.0,20.0884
baseline,mid,exogenous,5,256788,1.0,41.8585
baseline,mid,exogenous,6,234054,1.0,24.7636
baseline,mid,exogenous,7,146317,1.0,26.8679
baseline,mid,exogenous,8,772247,1.0,27.9872
baseline,mid,exogenous,9,107474,1.0,38.8234
baseline,mid,exogenous,10,709571,1.0,43.3789
baseline,mid,exogenous,11,776647,1.0,34.2512
baseline,mid,exogenous,12,935519,1.0,29.7381
baseline,mid,exogenous,13,571859,1.0,31.8515
baseline,mid,exogenous,14,91162,1.0,30.4099
baseline,mid,exogenous,15,619177,1.0,19.1828
baseline,mid,exogenous,16,442418,1.0,18.2165
baseline,mid,exogenous,17,33327,1.0,48.187
baseline,mid,exogenous,18,31245,1.0,32.4212
baseline,mid,exogenous,19,98247,1.0,30.4052
baseline,mid,exogenous,20,229259,1.0,38.5404
baseline,mid,exogenous,21,243963,1.0,36.2341
baseline,mid,exogenous,22,529904,1.0,40.8116
baseline,mid,exogenous,23,631263,1.0,35.7
baseline,mid,exogenous,24,27825,1.0,25.4153
baseline,mid,exogenous,25,588509,1.0,27.0809
baseline,mid,exogenous,26,208497,1.0,24.3065
baseline,mid,exogenous,27,750801,1.0,26.1509
baseline,mid,exogenous,28,681454,1.0,33.523
baseline,mid,exogenous,29,735393,1.0,28.012
baseline,mid,exogenous,30,571413,1.0,32.8492
baseline,mid,exogenous,31,439899,1.0,39.1875
baseline,mid,exogenous,32,231149,1.0,13.0605
baseline,mid,exogenous,33,471030,1.0,29.0726
baseline,mid,exogenous,34,617890,1.0,31.8797
baseline,mid,exogenous,35,291705,1.0,45.3832
baseline,mid,exogenous,36,848750,1.0,27.7144
baseline,mid,exogenous,37,911528,1.0,28.609
baseline,mid,exogenous,38,6815,1.0,29.8861
baseline,mid,exogenous,39,795668,1.0,28.4134
baseline,mid,exogenous,40,844963,1.0,31.9996
baseline,mid,exogenous,41,167415,1.0,34.1726
baseline,mid,exogenous,42,732053,1.0,34.7933
baseline,mid,exogenous,43,443144,1.0,25.6527
baseline,mid,exogenous,44,356779,1.0,14.458
baseline,mid,exogenous,45,291370,1.0,24.6734
baseline,mid,exogenous,46,163033,1.0,37.4934
baseline,mid,exogenous,47,225773,1.0,23.8742
baseline,mid,exogenous,48,800582,1.0,29.5273
baseline,mid,exogenous,49,352945,1.0,35.4045
baseline,mid,exogenous,50,107176,1.0,28.7922
baseline,mid,exogenous,51,97252,1.0,23.3122
baseline,mid,exogenous,52,398383,1.0,29.7461
baseline,mid,exogenous,53,101415,1.0,22.0651
baseline,mid,exogenous,54,376418,1.0,37.815
baseline,mid,exogenous,55,888663,1.0,35.9538
baseline,mid,exogenous,56,360664,1.0,21.8276
baseline,mid,exogenous,57,633053,1.0,18.0351
baseline,mid,exogenous,58,277371,1.0,23.3834
baseline,mid,exogenous,59,846336,1.0,35.2989
baseline,mid,exogenous,60,45562,1.0,33.2095
baseline,mid,exogenous,61,765180,1.0,23.5731
baseline,mid,exogenous,62,481742,1.0,28.2654
baseline,mid,exogenous,63,562276,1.0,20.813
baseline,mid,exogenous,64,130890,1.0,33.3482
baseline,mid,exogenous,65,967097,1.0,32.9848
baseline,mid,exogenous,66,396923,1.0,21.1917
baseline,mid,exogenous,67,82628,1.0,25.1575
baseline,mid,exogenous,68,578857,1.0,23.6762
baseline,mid,exogenous,69,307420,1.0,26.7855
baseline,mid,exogenous,70,869694,1.0,31.831
baseline,mid,exogenous,71,659177,1.0,22.4484
baseline,mid,exogenous,72,648565,1.0,29.5356
baseline,mid,exogenous,73,928464,1.0,26.916
baseline,mid,exogenous,74,903566,1.0,37.6187
baseline,mid,exogenous,75,379202,1.0,40.1181
baseline,mid,exogenous,76,605398,1.0,22.731
baseline,mid,exogenous,77,201630,1.0,19.4541
baseline,mid,exogenous,78,738798,1.0,19.9875
baseline,mid,exogenous,79,72934,1.0,27.9709
baseline,mid,exogenous,80,48051,1.0,34.1022
baseline,mid,exogenous,81,693385,1.0,17.5549
baseline,mid,exogenous,82,238969,1.0,41.2993
baseline,mid,exogenous,83,810621,1.0,28.2968
baseline,mid,exogenous,84,303446,1.0,28.6873
baseline,mid,exogenous,85,83668,1.0,37.0839
baseline,mid,exogenous,86,896866,1.0,18.3674
baseline,mid,exogenous,87,244099,1.0,26.7852
baseline,mid,exogenous,88,908574,1.0,26.6324
baseline,mid,exogenous,89,105908,1.0,29.9206
baseline,mid,exogenous,90,398592,1.0,32.074
baseline,mid,exogenous,91,291477,1.0,27.5982
baseline,mid,exogenous,92,475436,1.0,33.8301
baseline,mid,exogenous,93,666564,1.0,35.5968
baseline,mid,exogenous,94,874629,1.0,41.2913
baseline,mid,exogenous,95,382555,1.0,28.984
baseline,mid,exogenous,96,170556,1.0,31.0577
baseline,mid,exogenous,97,388163,1.0,21.1816
baseline,mid,exogenous,98,372529,1.0,33.7293
baseline,mid,exogenous,99,219685,1.0,22.8169
baseline,mid,exogenous,100,702730,1.0,29.1321
baseline,mid,exogenous,101,279947,1.0,25.6716
baseline,mid,exogenous,102,735912,1.0,25.6665
baseline,mid,exogenous,103,982154,1.0,37.3195
baseline,mid,exogenous,104,716752,1.0,29.5919
baseline,mid,exogenous,105,679515,1.0,27.3618
baseline,mid,exogenous,106,74871,1.0,38.0111
baseline,mid,exogenous,107,638721,1.0,37.0559
baseline,mid,exogenous,108,665823,1.0,22.1645
baseline,mid,exogenous,109,179452,1.0,28.128
baseline,mid,exogenous,110,560087,1.0,38.8455
baseline,mid,exogenous,111,764545,1.0,16.0785
baseline,mid,exogenous,112,256703,1.0,27.1657
baseline,mid,exogenous,113,171340,1.0,31.337
baseline,mid,exogenous,114,484715,1.0,33.0157
baseline,mid,exogenous,115,397888,1.0,32.9338
baseline,mid,exogenous,116,283061,1.0,34.0518
baseline,mid,exogenous,117,970343,1.0,27.9917
baseline,mid,exogenous,118,671089,1.0,27.0525
baseline,mid,exogenous,119,721591,1.0,24.0944
baseline,mid,exogenous,120,584005,1.0,32.7455
baseline,mid,exogenous,121,230284,1.0,22.5686
baseline,mid,exogenous,122,717871,1.0,36.5161
baseline,mid,exogenous,123,340036,1.0,23.8441
baseline,mid,exogenous,124,883795,1.0,27.7398
baseline,mid,exogenous,125,805636,1.0,36.0389
baseline,mid,exogenous,126,813695,1.0,30.1762
baseline,mid,exogenous,127,58656,1.0,30.7131
baseline,mid,exogenous,128,240175,1.0,33.8407
baseline,mid,exogenous,129,861723,1.0,26.6666
baseline,mid,exogenous,130,33660,1.0,32.099
baseline,mid,exogenous,131,844152,1.0,30.8686
baseline,mid,exogenous,132,330777,1.0,27.4056
baseline,mid,exogenous,133,420652,1.0,35.0634
baseline,mid,exogenous,134,280747,1.0,31.096
baseline,mid,exogenous,135,69404,1.0,37.9097
baseline,mid,exogenous,136,221232,1.0,25.6876
baseline,mid,exogenous,137,957493,1.0,29.8059
baseline,mid,exogenous,138,988713,1.0,30.9819
baseline,mid,exogenous,139,594732,1.0,34.219
baseline,mid,exogenous,140,918939,1.0,36.7025
baseline,mid,exogenous,141,752788,1.0,35.9827
baseline,mid,exogenous,142,329964,1.0,21.7359
baseline,mid,exogenous,143,222956,1.0,36.813
baseline,mid,exogenous,144,687278,1.0,32.5244
baseline,mid,exogenous,145,523482,1.0,29.4638
baseline,mid,exogenous,146,414851,1.0,31.3171
baseline,mid,exogenous,147,927658,1.0,19.8472
baseline,mid,exogenous,148,958973,1.0,27.2909
baseline,mid,exogenous,149,674080,1.0,32.2829
baseline,mid,exogenous,150,481142,1.0,30.4777
baseline,mid,exogenous,151,149812,1.0,23.6578
baseline,mid,exogenous,152,277747,1.0,21.8186
baseline,mid,exogenous,153,146414,1.0,27.9668
baseline,mid,exogenous,154,258608,1.0,34.4344
baseline,mid,exogenous,155,781178,1.0,19.534
baseline,mid,exogenous,156,588638,1.0,37.8539
baseline,mid,exogenous,157,565159,1.0,29.8949
baseline,mid,exogenous,158,275505,1.0,34.414
baseline,mid,exogenous,159,783301,1.0,32.1986
baseline,mid,exogenous,160,612983,1.0,27.6035
baseline,mid,exogenous,161,449246,1.0,37.379
baseline,mid,exogenous,162,941436,1.0,24.0647
baseline,mid,exogenous,163,611879,1.0,29.3989
baseline,mid,exogenous,164,418802,1.0,33.9016
baseline,mid,exogenous,165,379581,1.0,28.5406
baseline,mid,exogenous,166,229975,1.0,40.4117
baseline,mid,exogenous,167,145052,1.0,22.4474
baseline,mid,exogenous,168,534278,1.0,31.4012
baseline,mid,exogenous,169,517489,1.0,40.0086
baseline,mid,exogenous,170,95326,1.0,31.8575
baseline,mid,exogenous,171,792496,1.0,15.2737
baseline,mid,exogenous,172,49406,1.0,30.0547
baseline,mid,exogenous,173,902932,1.0,22.0647
baseline,mid,exogenous,174,114976,1.0,29.3038
baseline,mid,exogenous,175,160266,1.0,27.2049
baseline,mid,exogenous,176,657925,1.0,37.686
baseline,mid,exogenous,177,167754,1.0,34.8561
baseline,mid,exogenous,178,830556,1.0,33.8225
baseline,mid,exogenous,179,713537,1.0,23.9055
baseline,mid,exogenous,180,442667,1.0,32.2924
baseline,mid,exogenous,181,625381,1.0,27.2081
baseline,mid,exogenous,182,66614,1.0,26.8856
baseline,mid,exogenous,183,403458,1.0,23.7903
baseline,mid,exogenous,184,400157,1.0,24.9639
baseline,mid,exogenous,185,624835,1.0,27.3372
baseline,mid,exogenous,186,490786,1.0,27.61
baseline,mid,exogenous,187,554817,1.0,36.4745
baseline,mid,exogenous,188,263627,1.0,28.5444
baseline,mid,exogenous,189,580100,1.0,27.6154
baseline,mid,exogenous,190,902593,1.0,25.0574
baseline,mid,exogenous,191,988211,1.0,29.4861
baseline,mid,exogenous,192,12039,1.0,29.6732
baseline,mid,exogenous,193,713329,1.0,32.9241
baseline,mid,exogenous,194,755732,1.0,39.4431
baseline,mid,exogenous,195,120117,1.0,29.847
baseline,mid,exogenous,196,714826,1.0,32.1784
baseline,mid,exogenous,197,927768,1.0,35.7119
baseline,mid,exogenous,198,563055,1.0,31.5009
baseline,mid,exogenous,199,787353,1.0,18.1333
supply_quota,mid,endogenous,0,670488,0.3667,29.5687
supply_quota,mid,endogenous,1,116740,0.9,35.6918
supply_quota,mid,endogenous,2,26226,0.4667,23.6633
supply_quota,mid,endogenous,3,777573,0.9,39.911
supply_quota,mid,endogenous,4,288390,0.7333,28.4158
supply_quota,mid,endogenous,5,256788,0.7667,47.0522
supply_quota,mid,endogenous,6,234054,0.5667,36.251
supply_quota,mid,endogenous,7,146317,0.8333,39.8279
supply_quota,mid,endogenous,8,772247,0.6667,38.7168
supply_quota,mid,endogenous,9,107474,0.9667,54.4955
supply_quota,mid,endogenous,10,709571,0.6333,39.2949
supply_quota,mid,endogenous,11,776647,0.9,50.3108
supply_quota,mid,endogenous,12,935519,0.8333,45.9605
supply_quota,mid,endogenous,13,571859,0.8333,39.5191
supply_quota,mid,endogenous,14,91162,0.5333,26.271
supply_quota,mid,endogenous,15,619177,0.6667,33.2517
supply_quota,mid,endogenous,16,442418,0.9667,35.2342
supply_quota,mid,endogenous,17,33327,0.9,54.6178
supply_quota,mid,endogenous,18,31245,0.9,44.2201
supply_quota,mid,endogenous,19,98247,0.9333,41.8206
supply_quota,mid,endogenous,20,229259,0.9667,45.5703
supply_quota,mid,endogenous,21,243963,0.7333,54.9872
supply_quota,mid,endogenous,22,529904,0.8,47.922
supply_quota,mid,endogenous,23,631263,0.6667,43.3003
supply_quota,mid,endogenous,24,27825,0.5667,28.7459
supply_quota,mid,endogenous,25,588509,0.7333,44.1316
supply_quota,mid,endogenous,26,208497,0.7,39.4172
supply_quota,mid,endogenous,27,750801,0.8,29.2437
supply_quota,mid,endogenous,28,681454,0.5,38.5097
supply_quota,mid,endogenous,29,735393,0.3,31.2386
supply_quota,mid,endogenous,30,571413,0.5333,44.1451
supply_quota,mid,endogenous,31,439899,0.7333,51.1437
supply_quota,mid,endogenous,32,231149,0.5,25.8883
supply_quota,mid,endogenous,33,471030,0.7,33.9675
supply_quota,mid,endogenous,34,617890,0.9667,50.9268
supply_quota,mid,endogenous,35,291705,0.4667,38.4765
supply_quota,mid,endogenous,36,848750,0.8667,38.8384
supply_quota,mid,endogenous,37,911528,0.8,38.7536
supply_quota,mid,endogenous,38,6815,0.8,39.45
supply_quota,mid,endogenous,39,795668,0.8333,43.6107
supply_quota,mid,endogenous,40,844963,0.5667,38.9616
supply_quota,mid,endogenous,41,167415,0.9667,50.315
supply_quota,mid,endogenous,42,732053,0.7667,43.929
supply_quota,mid,endogenous,43,443144,0.5667,23.0343
supply_quota,mid,endogenous,44,356779,0.7,24.4324
supply_quota,mid,endogenous,45,291370,0.7667,37.6163
supply_quota,mid,endogenous,46,163033,0.5333,32.0446
supply_quota,mid,endogenous,47,225773,0.7,44.0818
supply_quota,mid,endogenous,48,800582,0.7333,30.6515
supply_quota,mid,endogenous,49,352945,0.7333,56.0896
supply_quota,mid,endogenous,50,107176,0.8,38.0999
supply_quota,mid,endogenous,51,97252,0.9,43.9839
supply_quota,mid,endogenous,52,398383,0.7333,34.9008
supply_quota,mid,endogenous,53,101415,0.9667,40.5204
supply_quota,mid,endogenous,54,376418,0.7,46.4249
supply_quota,mid,endogenous,55,888663,0.5,32.4032
supply_quota,mid,endogenous,56,360664,0.9667,34.6774
supply_quota,mid,endogenous,57,633053,0.8667,32.2273
supply_quota,mid,endogenous,58,277371,0.8667,41.4897
supply_quota,mid,endogenous,59,846336,0.9,45.216
supply_quota,mid,endogenous,60,45562,0.8667,44.8685
supply_quota,mid,endogenous,61,765180,0.4333,29.5022
supply_quota,mid,endogenous,62,481742,0.7667,38.42
supply_quota,mid,endogenous,63,562276,0.8667,37.313
supply_quota,mid,endogenous,64,130890,0.5667,34.6016
supply_quota,mid,endogenous,65,967097,0.6667,43.3838
supply_quota,mid,endogenous,66,396923,0.5333,28.0414
supply_quota,mid,endogenous,67,82628,0.8667,44.6623
supply_quota,mid,endogenous,68,578857,0.8,26.942
supply_quota,mid,endogenous,69,307420,0.6,39.2606
supply_quota,mid,endogenous,70,869694,0.7,36.419
supply_quota,mid,endogenous,71,659177,0.4667,28.7628
supply_quota,mid,endogenous,72,648565,0.5667,35.0889
supply_quota,mid,endogenous,73,928464,0.6,41.0134
supply_quota,mid,endogenous,74,903566,0.9667,54.2116
supply_quota,mid,endogenous,75,379202,0.2333,31.0992
supply_quota,mid,endogenous,76,605398,0.8667,41.1661
supply_quota,mid,endogenous,77,201630,0.9333,31.3591
supply_quota,mid,endogenous,78,738798,0.8,28.5466
supply_quota,mid,endogenous,79,72934,0.7667,49.6004
supply_quota,mid,endogenous,80,48051,0.5333,36.0211
supply_quota,mid,endogenous,81,693385,0.8,31.7049
supply_quota,mid,endogenous,82,238969,0.8333,48.4574
supply_quota,mid,endogenous,83,810621,0.5333,35.4716
supply_quota,mid,endogenous,84,303446,0.7667,36.6934
supply_quota,mid,endogenous,85,83668,0.6,43.1349
supply_quota,mid,endogenous,86,896866,0.7333,30.3238
supply_quota,mid,endogenous,87,244099,0.7667,39.4137
supply_quota,mid,endogenous,88,908574,0.7667,45.7468
supply_quota,mid,endogenous,89,105908,0.7333,43.2672
supply_quota,mid,endogenous,90,398592,0.8333,44.593
supply_quota,mid,endogenous,91,291477,0.9,43.5129
supply_quota,mid,endogenous,92,475436,0.6,33.7491
supply_quota,mid,endogenous,93,666564,0.9333,39.2591
supply_quota,mid,endogenous,94,874629,0.7,49.4124
supply_quota,mid,endogenous,95,382555,0.8,45.2169
supply_quota,mid,endogenous,96,170556,0.7,40.1071
supply_quota,mid,endogenous,97,388163,0.8,36.9767
supply_quota,mid,endogenous,98,372529,0.5667,43.7099
supply_quota,mid,endogenous,99,219685,0.9333,43.8275
supply_quota,mid,endogenous,100,702730,0.5333,43.5607
supply_quota,mid,endogenous,101,279947,0.5333,31.8764
supply_quota,mid,endogenous,102,735912,0.6,31.4263
supply_quota,mid,endogenous,103,982154,0.6667,46.1456
supply_quota,mid,endogenous,104,716752,0.7,32.2479
supply_quota,mid,endogenous,105,679515,0.5,35.2541
supply_quota,mid,endogenous,106,74871,0.8667,50.1361
supply_quota,mid,endogenous,107,638721,0.9333,49.2589
supply_quota,mid,endogenous,108,665823,0.9,33.17
supply_quota,mid,endogenous,109,179452,0.3333,37.1105
supply_quota,mid,endogenous,110,560087,0.4667,33.1099
supply_quota,mid,endogenous,111,764545,0.8,27.5812
supply_quota,mid,endogenous,112,256703,0.9333,34.691
supply_quota,mid,endogenous,113,171340,0.6333,33.4387
supply_quota,mid,endogenous,114,484715,0.6333,38.1269
supply_quota,mid,endogenous,115,397888,0.7667,46.1156
supply_quota,mid,endogenous,116,283061,0.4333,29.7566
supply_quota,mid,endogenous,117,970343,0.5667,38.4413
supply_quota,mid,endogenous,118,671089,0.5667,26.8714
supply_quota,mid,endogenous,119,721591,0.3,34.9111
supply_quota,mid,endogenous,120,584005,0.8,36.3578
supply_quota,mid,endogenous,121,230284,0.5667,35.0519
supply_quota,mid,endogenous,122,717871,0.6333,38.2395
supply_quota,mid,endogenous,123,340036,0.7667,42.4145
supply_quota,mid,endogenous,124,883795,0.8333,37.1138
supply_quota,mid,endogenous,125,805636,0.9333,46.2384
supply_quota,mid,endogenous,126,813695,0.6333,39.9309
supply_quota,mid,endogenous,127,58656,0.2333,28.3665
supply_quota,mid,endogenous,128,240175,0.4667,40.4186
supply_quota,mid,endogenous,129,861723,0.6333,31.302
supply_quota,mid,endogenous,130,33660,0.9333,36.5171
supply_quota,mid,endogenous,131,844152,0.7,30.4678
supply_quota,mid,endogenous,132,330777,0.5333,35.345
supply_quota,mid,endogenous,133,420652,0.5333,44.4231
supply_quota,mid,endogenous,134,280747,0.8333,43.0886
supply_quota,mid,endogenous,135,69404,0.8333,45.8559
supply_quota,mid,endogenous,136,221232,0.7667,32.5874
supply_quota,mid,endogenous,137,957493,0.5667,35.0833
supply_quota,mid,endogenous,138,988713,0.8333,47.0191
supply_quota,mid,endogenous,139,594732,0.9667,41.177
supply_quota,mid,endogenous,140,918939,0.6667,38.9829
supply_quota,mid,endogenous,141,752788,0.8667,37.8423
supply_quota,mid,endogenous,142,329964,0.8,33.7765
supply_quota,mid,endogenous,143,222956,0.7333,35.8062
supply_quota,mid,endogenous,144,687278,0.5667,30.3862
supply_quota,mid,endogenous,145,523482,0.9333,46.4436
supply_quota,mid,endogenous,146,414851,0.4,21.2198
supply_quota,mid,endogenous,147,927658,0.7667,38.1788
supply_quota,mid,endogenous,148,958973,0.9667,45.7117
supply_quota,mid,endogenous,149,674080,0.8333,37.439
supply_quota,mid,endogenous,150,481142,0.8,41.6924
supply_quota,mid,endogenous,151,149812,0.9667,34.2373
supply_quota,mid,endogenous,152,277747,0.4,28.1694
supply_quota,mid,endogenous,153,146414,0.6,37.2287
supply_quota,mid,endogenous,154,258608,1.0,39.306
supply_quota,mid,endogenous,155,781178,0.8667,26.1238
supply_quota,mid,endogenous,156,588638,0.9,43.3085
supply_quota,mid,endogenous,157,565159,0.8333,38.2089
supply_quota,mid,endogenous,158,275505,0.8333,47.09
supply_quota,mid,endogenous,159,783301,0.6,37.7631
supply_quota,mid,endogenous,160,612983,0.8333,31.5072
supply_quota,mid,endogenous,161,449246,0.8667,40.1007
supply_quota,mid,endogenous,162,941436,0.7333,34.4996
supply_quota,mid,endogenous,163,611879,0.8,35.1823
supply_quota,mid,endogenous,164,418802,0.7333,39.9627
supply_quota,mid,endogenous,165,379581,0.7667,39.5408
supply_quota,mid,endogenous,166,229975,0.9333,47.5816
supply_quota,mid,endogenous,167,145052,0.9,41.3591
supply_quota,mid,endogenous,168,534278,0.8667,45.2111
supply_quota,mid,endogenous,169,517489,0.7,54.2181
supply_quota,mid,endogenous,170,95326,0.6667,36.305
supply_quota,mid,endogenous,171,792496,0.9,34.4805
supply_quota,mid,endogenous,172,49406,0.7333,39.9736
supply_quota,mid,endogenous,173,902932,0.9,39.9681
supply_quota,mid,endogenous,174,114976,0.7333,38.2878
supply_quota,mid,endogenous,175,160266,0.9,33.6467
supply_quota,mid,endogenous,176,657925,0.5,34.354
supply_quota,mid,endogenous,177,167754,0.9667,51.7795
supply_quota,mid,endogenous,178,830556,0.9333,47.9661
supply_quota,mid,endogenous,179,713537,0.6667,27.7638
supply_quota,mid,endogenous,180,442667,0.8333,43.983
supply_quota,mid,endogenous,181,625381,0.6667,43.267
supply_quota,mid,endogenous,182,66614,0.5667,39.0072
supply_quota,mid,endogenous,183,403458,0.9,40.2877
supply_quota,mid,endogenous,184,400157,1.0,46.2239
supply_quota,mid,endogenous,185,624835,0.7333,36.5038
supply_quota,mid,endogenous,186,490786,0.6333,38.3866
supply_quota,mid,endogenous,187,554817,0.5667,40.0342
supply_quota,mid,endogenous,188,263627,0.8,37.7091
supply_quota,mid,endogenous,189,580100,0.4667,24.769
supply_quota,mid,endogenous,190,902593,0.8,32.9142
supply_quota,mid,endogenous,191,988211,0.6,38.5202
supply_quota,mid,endogenous,192,12039,0.8667,44.1073
supply_quota,mid,endogenous,193,713329,1.0,48.5817
supply_quota,mid,endogenous,194,755732,0.7,39.8468
supply_quota,mid,endogenous,195,120117,0.7333,40.67
supply_quota,mid,endogenous,196,714826,0.6,35.697
supply_quota,mid,endogenous,197,927768,0.3667,32.9183
supply_quota,mid,endogenous,198,563055,0.3333,25.7756
supply_quota,mid,endogenous,199,787353,0.6,25.1581
supply_quota,mid,exogenous,0,670488,1.0,40.8814
supply_quota,mid,exogenous,1,116740,1.0,36.8102
supply_quota,mid,exogenous,2,26226,1.0,33.2058
supply_quota,mid,exogenous,3,777573,1.0,42.2381
supply_quota,mid,exogenous,4,288390,1.0,31.698
supply_quota,mid,exogenous,5,256788,1.0,56.6809
supply_quota,mid,exogenous,6,234054,1.0,50.1034
supply_quota,mid,exogenous,7,146317,1.0,44.4424
supply_quota,mid,exogenous,8,772247,1.0,45.5869
supply_quota,mid,exogenous,9,107474,1.0,54.2649
supply_quota,mid,exogenous,10,709571,1.0,50.5846
supply_quota,mid,exogenous,11,776647,1.0,51.7266
supply_quota,mid,exogenous,12,935519,1.0,49.7511
supply_quota,mid,exogenous,13,571859,1.0,44.6656
supply_quota,mid,exogenous,14,91162,1.0,42.5985
supply_quota,mid,exogenous,15,619177,1.0,33.6476
supply_quota,mid,exogenous,16,442418,1.0,34.8593
supply_quota,mid,exogenous,17,33327,1.0,57.528
supply_quota,mid,exogenous,18,31245,1.0,45.3392
supply_quota,mid,exogenous,19,98247,1.0,44.1802
supply_quota,mid,exogenous,20,229259,1.0,46.2752
supply_quota,mid,exogenous,21,243963,1.0,60.0635
supply_quota,mid,exogenous,22,529904,1.0,52.9902
supply_quota,mid,exogenous,23,631263,1.0,49.9353
supply_quota,mid,exogenous,24,27825,1.0,36.6696
supply_quota,mid,exogenous,25,588509,1.0,48.3985
supply_quota,mid,exogenous,26,208497,1.0,42.8893
supply_quota,mid,exogenous,27,750801,1.0,32.8843
supply_quota,mid,exogenous,28,681454,1.0,46.9033
supply_quota,mid,exogenous,29,735393,1.0,45.7246
supply_quota,mid,exogenous,30,571413,1.0,53.382
supply_quota,mid,exogenous,31,439899,1.0,55.4772
supply_quota,mid,exogenous,32,231149,1.0,32.9895
supply_quota,mid,exogenous,33,471030,1.0,40.2084
supply_quota,mid,exogenous,34,617890,1.0,53.9202
supply_quota,mid,exogenous,35,291705,1.0,55.3401
supply_quota,mid,exogenous,36,848750,1.0,41.9636
supply_quota,mid,exogenous,37,911528,1.0,44.1242
supply_quota,mid,exogenous,38,6815,1.0,41.5737
supply_quota,mid,exogenous,39,795668,1.0,48.5433
supply_quota,mid,exogenous,40,844963,1.0,47.4159
supply_quota,mid,exogenous,41,167415,1.0,50.9503
supply_quota,mid,exogenous,42,732053,1.0,47.7208
supply_quota,mid,exogenous,43,443144,1.0,32.1972
supply_quota,mid,exogenous,44,356779,1.0,30.9784
supply_quota,mid,exogenous,45,291370,1.0,38.5064
supply_quota,mid,exogenous,46,163033,1.0,44.6959
supply_quota,mid,exogenous,47,225773,1.0,48.1822
supply_quota,mid,exogenous,48,800582,1.0,40.9687
supply_quota,mid,exogenous,49,352945,1.0,57.858
supply_quota,mid,exogenous,50,107176,1.0,42.6451
supply_quota,mid,exogenous,51,97252,1.0,44.0348
supply_quota,mid,exogenous,52,398383,1.0,39.6835
supply_quota,mid,exogenous,53,101415,1.0,41.0684
supply_quota,mid,exogenous,54,376418,1.0,54.8655
supply_quota,mid,exogenous,55,888663,1.0,51.1381
supply_quota,mid,exogenous,56,360664,1.0,34.2707
supply_quota,mid,exogenous,57,633053,1.0,35.757
supply_quota,mid,exogenous,58,277371,1.0,45.8722
supply_quota,mid,exogenous,59,846336,1.0,49.1396
supply_quota,mid,exogenous,60,45562,1.0,47.0804
supply_quota,mid,exogenous,61,765180,1.0,44.7309
supply_quota,mid,exogenous,62,481742,1.0,41.7117
supply_quota,mid,exogenous,63,562276,1.0,41.1455
supply_quota,mid,exogenous,64,130890,1.0,42.4385
supply_quota,mid,exogenous,65,967097,1.0,49.0798
supply_quota,mid,exogenous,66,396923,1.0,37.4683
supply_quota,mid,exogenous,67,82628,1.0,48.3411
supply_quota,mid,exogenous,68,578857,1.0,31.168
supply_quota,mid,exogenous,69,307420,1.0,41.9789
supply_quota,mid,exogenous,70,869694,1.0,44.9001
supply_quota,mid,exogenous,71,659177,1.0,34.9422
supply_quota,mid,exogenous,72,648565,1.0,46.1348
supply_quota,mid,exogenous,73,928464,1.0,48.8784
supply_quota,mid,exogenous,74,903566,1.0,55.1884
supply_quota,mid,exogenous,75,379202,1.0,53.3094
supply_quota,mid,exogenous,76,605398,1.0,41.5621
supply_quota,mid,exogenous,77,201630,1.0,32.596
supply_quota,mid,exogenous,78,738798,1.0,31.7393
supply_quota,mid,exogenous,79,72934,1.0,53.69
supply_quota,mid,exogenous,80,48051,1.0,45.7472
supply_quota,mid,exogenous,81,693385,1.0,32.4852
supply_quota,mid,exogenous,82,238969,1.0,52.255
supply_quota,mid,exogenous,83,810621,1.0,50.1174
supply_quota,mid,exogenous,84,303446,1.0,45.0853
supply_quota,mid,exogenous,85,83668,1.0,48.0474
supply_quota,mid,exogenous,86,896866,1.0,32.1532
supply_quota,mid,exogenous,87,244099,1.0,42.0784
supply_quota,mid,exogenous,88,908574,1.0,53.1023
supply_quota,mid,exogenous,89,105908,1.0,48.0443
supply_quota,mid,exogenous,90,398592,1.0,49.5467
supply_quota,mid,exogenous,91,291477,1.0,46.5626
supply_quota,mid,exogenous,92,475436,1.0,45.7238
supply_quota,mid,exogenous,93,666564,1.0,39.9202
supply_quota,mid,exogenous,94,874629,1.0,58.2662
supply_quota,mid,exogenous,95,382555,1.0,53.9963
supply_quota,mid,exogenous,96,170556,1.0,47.3846
supply_quota,mid,exogenous,97,388163,1.0,41.1732
supply_quota,mid,exogenous,98,372529,1.0,48.8973
supply_quota,mid,exogenous,99,219685,1.0,45.0811
supply_quota,mid,exogenous,100,702730,1.0,52.8336
supply_quota,mid,exogenous,101,279947,1.0,43.471
supply_quota,mid,exogenous,102,735912,1.0,42.8184
supply_quota,mid,exogenous,103,982154,1.0,54.3722
supply_quota,mid,exogenous,104,716752,1.0,38.174
supply_quota,mid,exogenous,105,679515,1.0,47.9141
supply_quota,mid,exogenous,106,74871,1.0,54.3898
supply_quota,mid,exogenous,107,638721,1.0,51.7452
supply_quota,mid,exogenous,108,665823,1.0,35.2647
supply_quota,mid,exogenous,109,179452,1.0,49.006
supply_quota,mid,exogenous,110,560087,1.0,50.5659
supply_quota,mid,exogenous,111,764545,1.0,32.0747
supply_quota,mid,exogenous,112,256703,1.0,36.6804
supply_quota,mid,exogenous,113,171340,1.0,42.688
supply_quota,mid,exogenous,114,484715,1.0,46.8772
supply_quota,mid,exogenous,115,397888,1.0,56.3144
supply_quota,mid,exogenous,116,283061,1.0,44.6368
supply_quota,mid,exogenous,117,970343,1.0,45.1646
supply_quota,mid,exogenous,118,671089,1.0,38.7788
supply_quota,mid,exogenous,119,721591,1.0,41.9808
supply_quota,mid,exogenous,120,584005,1.0,42.404
supply_quota,mid,exogenous,121,230284,1.0,50.3711
supply_quota,mid,exogenous,122,717871,1.0,50.4895
supply_quota,mid,exogenous,123,340036,1.0,42.5632
supply_quota,mid,exogenous,124,883795,1.0,38.8008
supply_quota,mid,exogenous,125,805636,1.0,47.3674
supply_quota,mid,exogenous,126,813695,1.0,48.1064
supply_quota,mid,exogenous,127,58656,1.0,44.7102
supply_quota,mid,exogenous,128,240175,1.0,51.1359
supply_quota,mid,exogenous,129,861723,1.0,37.6003
supply_quota,mid,exogenous,130,33660,1.0,38.3394
supply_quota,mid,exogenous,131,844152,1.0,38.9913
supply_quota,mid,exogenous,132,330777,1.0,43.4409
supply_quota,mid,exogenous,133,420652,1.0,53.528
supply_quota,mid,exogenous,134,280747,1.0,43.0147
supply_quota,mid,exogenous,135,69404,1.0,49.0986
supply_quota,mid,exogenous,136,221232,1.0,38.9312
supply_quota,mid,exogenous,137,957493,1.0,49.1577
supply_quota,mid,exogenous,138,988713,1.0,52.8151
supply_quota,mid,exogenous,139,594732,1.0,41.7035
supply_quota,mid,exogenous,140,918939,1.0,48.2862
supply_quota,mid,exogenous,141,752788,1.0,38.7202
supply_quota,mid,exogenous,142,329964,1.0,36.1857
supply_quota,mid,exogenous,143,222956,1.0,45.3935
supply_quota,mid,exogenous,144,687278,1.0,42.7246
supply_quota,mid,exogenous,145,523482,1.0,49.116
supply_quota,mid,exogenous,146,414851,1.0,35.8578
supply_quota,mid,exogenous,147,927658,1.0,43.7139
supply_quota,mid,exogenous,148,958973,1.0,45.8537
supply_quota,mid,exogenous,149,674080,1.0,39.7754
supply_quota,mid,exogenous,150,481142,1.0,45.061
supply_quota,mid,exogenous,151,149812,1.0,35.523
supply_quota,mid,exogenous,152,277747,1.0,36.9948
supply_quota,mid,exogenous,153,146414,1.0,47.7625
supply_quota,mid,exogenous,154,258608,1.0,38.8298
supply_quota,mid,exogenous,155,781178,1.0,28.6138
supply_quota,mid,exogenous,156,588638,1.0,44.5022
supply_quota,mid,exogenous,157,565159,1.0,41.7824
supply_quota,mid,exogenous,158,275505,1.0,47.9384
supply_quota,mid,exogenous,159,783301,1.0,45.231
supply_quota,mid,exogenous,160,612983,1.0,33.3864
supply_quota,mid,exogenous,161,449246,1.0,41.9356
supply_quota,mid,exogenous,162,941436,1.0,40.0255
supply_quota,mid,exogenous,163,611879,1.0,39.3869
supply_quota,mid,exogenous,164,418802,1.0,49.1547
supply_quota,mid,exogenous,165,379581,1.0,41.6648
supply_quota,mid,exogenous,166,229975,1.0,50.5695
supply_quota,mid,exogenous,167,145052,1.0,43.2803
supply_quota,mid,exogenous,168,534278,1.0,48.2895
supply_quota,mid,exogenous,169,517489,1.0,61.4861
supply_quota,mid,exogenous,170,95326,1.0,42.1605
supply_quota,mid,exogenous,171,792496,1.0,34.8984
supply_quota,mid,exogenous,172,49406,1.0,47.6557
supply_quota,mid,exogenous,173,902932,1.0,41.5189
supply_quota,mid,exogenous,174,114976,1.0,45.9708
supply_quota,mid,exogenous,175,160266,1.0,34.0295
supply_quota,mid,exogenous,176,657925,1.0,51.6186
supply_quota,mid,exogenous,177,167754,1.0,54.1137
supply_quota,mid,exogenous,178,830556,1.0,49.7796
supply_quota,mid,exogenous,179,713537,1.0,35.9637
supply_quota,mid,exogenous,180,442667,1.0,48.4128
supply_quota,mid,exogenous,181,625381,1.0,48.1274
supply_quota,mid,exogenous,182,66614,1.0,42.4083
supply_quota,mid,exogenous,183,403458,1.0,38.9702
supply_quota,mid,exogenous,184,400157,1.0,47.5468
supply_quota,mid,exogenous,185,624835,1.0,42.2361
supply_quota,mid,exogenous,186,490786,1.0,45.7642
supply_quota,mid,exogenous,187,554817,1.0,51.5098
supply_quota,mid,exogenous,188,263627,1.0,43.0491
supply_quota,mid,exogenous,189,580100,1.0,47.4328
supply_quota,mid,exogenous,190,902593,1.0,34.2387
supply_quota,mid,exogenous,191,988211,1.0,41.2284
supply_quota,mid,exogenous,192,12039,1.0,47.6926
supply_quota,mid,exogenous,193,713329,1.0,47.4763
supply_quota,mid,exogenous,194,755732,1.0,49.8916
supply_quota,mid,exogenous,195,120117,1.0,46.0884
supply_quota,mid,exogenous,196,714826,1.0,45.508
supply_quota,mid,exogenous,197,927768,1.0,49.0588
supply_quota,mid,exogenous,198,563055,1.0,43.6866
supply_quota,mid,exogenous,199,787353,1.0,29.0429
producer_signal,mid,endogenous,0,670488,0.3667,34.0093
producer_signal,mid,endogenous,1,116740,0.9,41.4147
producer_signal,mid,endogenous,2,26226,0.4667,26.413
producer_signal,mid,endogenous,3,777573,0.9,41.4261
producer_signal,mid,endogenous,4,288390,0.7333,35.2236
producer_signal,mid,endogenous,5,256788,0.7667,49.9402
producer_signal,mid,endogenous,6,234054,0.5667,30.6506
producer_signal,mid,endogenous,7,146317,0.8333,40.1284
producer_signal,mid,endogenous,8,772247,0.6667,40.1073
producer_signal,mid,endogenous,9,107474,0.9667,57.8724
producer_signal,mid,endogenous,10,709571,0.6333,47.7217
producer_signal,mid,endogenous,11,776647,0.9,50.4174
producer_signal,mid,endogenous,12,935519,0.8333,44.1803
producer_signal,mid,endogenous,13,571859,0.8333,44.4355
producer_signal,mid,endogenous,14,91162,0.5333,29.9576
producer_signal,mid,endogenous,15,619177,0.6667,36.2556
producer_signal,mid,endogenous,16,442418,0.9667,37.5728
producer_signal,mid,endogenous,17,33327,0.9,63.6151
producer_signal,mid,endogenous,18,31245,0.9,49.3452
producer_signal,mid,endogenous,19,98247,0.9333,46.343
producer_signal,mid,endogenous,20,229259,0.9667,55.8823
producer_signal,mid,endogenous,21,243963,0.7333,51.2566
producer_signal,mid,endogenous,22,529904,0.8,53.0456
producer_signal,mid,endogenous,23,631263,0.6667,46.7081
producer_signal,mid,endogenous,24,27825,0.5667,34.7616
producer_signal,mid,endogenous,25,588509,0.7333,41.8086
producer_signal,mid,endogenous,26,208497,0.7,39.1756
producer_signal,mid,endogenous,27,750801,0.8,40.2416
producer_signal,mid,endogenous,28,681454,0.5,43.6827
producer_signal,mid,endogenous,29,735393,0.3,31.842
producer_signal,mid,endogenous,30,571413,0.5333,42.3123
producer_signal,mid,endogenous,31,439899,0.7333,53.5814
producer_signal,mid,endogenous,32,231149,0.7,25.9549
producer_signal,mid,endogenous,33,471030,0.7,40.249
producer_signal,mid,endogenous,34,617890,0.9667,47.9418
producer_signal,mid,endogenous,35,291705,0.4667,45.1446
producer_signal,mid,endogenous,36,848750,0.8667,42.3389
producer_signal,mid,endogenous,37,911528,0.8,41.4016
producer_signal,mid,endogenous,38,6815,0.8,44.9346
producer_signal,mid,endogenous,39,795668,0.8333,42.3062
producer_signal,mid,endogenous,40,844963,0.5667,41.502
producer_signal,mid,endogenous,41,167415,0.9667,52.2319
producer_signal,mid,endogenous,42,732053,0.7667,48.6466
producer_signal,mid,endogenous,43,443144,0.6333,33.0462
producer_signal,mid,endogenous,44,356779,0.7,25.9457
producer_signal,mid,endogenous,45,291370,0.7667,42.2822
producer_signal,mid,endogenous,46,163033,0.5333,40.8406
producer_signal,mid,endogenous,47,225773,0.7,39.6821
producer_signal,mid,endogenous,48,800582,0.7333,36.546
producer_signal,mid,endogenous,49,352945,0.7333,51.7455
producer_signal,mid,endogenous,50,107176,0.8,42.3337
producer_signal,mid,endogenous,51,97252,0.9,40.7665
producer_signal,mid,endogenous,52,398383,0.7333,42.0026
producer_signal,mid,endogenous,53,101415,0.9667,40.6823
producer_signal,mid,endogenous,54,376418,0.7,46.9144
producer_signal,mid,endogenous,55,888663,0.5,34.9287
producer_signal,mid,endogenous,56,360664,0.9667,40.8443
producer_signal,mid,endogenous,57,633053,0.8667,32.6948
producer_signal,mid,endogenous,58,277371,0.8667,38.2468
producer_signal,mid,endogenous,59,846336,0.9,49.6708
producer_signal,mid,endogenous,60,45562,0.8667,49.408
producer_signal,mid,endogenous,61,765180,0.4333,27.623
producer_signal,mid,endogenous,62,481742,0.7667,43.2744
producer_signal,mid,endogenous,63,562276,0.8667,36.0757
producer_signal,mid,endogenous,64,130890,0.5667,42.8667
producer_signal,mid,endogenous,65,967097,0.6667,45.6282
producer_signal,mid,endogenous,66,396923,0.5333,29.7761
producer_signal,mid,endogenous,67,82628,0.8667,40.3974
producer_signal,mid,endogenous,68,578857,0.8,37.4961
producer_signal,mid,endogenous,69,307420,0.6,42.8131
producer_signal,mid,endogenous,70,869694,0.7,41.0204
producer_signal,mid,endogenous,71,659177,0.4667,33.751
producer_signal,mid,endogenous,72,648565,0.5667,36.7597
producer_signal,mid,endogenous,73,928464,0.6,38.9658
producer_signal,mid,endogenous,74,903566,0.9667,55.2898
producer_signal,mid,endogenous,75,379202,0.2333,34.3749
producer_signal,mid,endogenous,76,605398,0.8667,41.1561
producer_signal,mid,endogenous,77,201630,0.9333,37.062
producer_signal,mid,endogenous,78,738798,0.8,35.132
producer_signal,mid,endogenous,79,72934,0.7667,42.8954
producer_signal,mid,endogenous,80,48051,0.5333,40.9605
producer_signal,mid,endogenous,81,693385,0.8,34.9143
producer_signal,mid,endogenous,82,238969,0.8333,55.5299
producer_signal,mid,endogenous,83,810621,0.5333,33.7566
producer_signal,mid,endogenous,84,303446,0.7667,38.5822
producer_signal,mid,endogenous,85,83668,0.6,49.9464
producer_signal,mid,endogenous,86,896866,0.7333,35.115
producer_signal,mid,endogenous,87,244099,0.7667,42.111
producer_signal,mid,endogenous,88,908574,0.7667,38.9509
producer_signal,mid,endogenous,89,105908,0.7333,44.2351
producer_signal,mid,endogenous,90,398592,0.8333,46.3989
producer_signal,mid,endogenous,91,291477,0.9,43.1557
producer_signal,mid,endogenous,92,475436,0.6,38.9205
producer_signal,mid,endogenous,93,666564,0.9333,52.7878
producer_signal,mid,endogenous,94,874629,0.7,51.1084
producer_signal,mid,endogenous,95,382555,0.8,39.6869
producer_signal,mid,endogenous,96,170556,0.7,42.1394
producer_signal,mid,endogenous,97,388163,0.8,36.4128
producer_signal,mid,endogenous,98,372529,0.5667,47.7553
producer_signal,mid,endogenous,99,219685,0.9333,39.5877
producer_signal,mid,endogenous,100,702730,0.5333,39.5351
producer_signal,mid,endogenous,101,279947,0.5333,31.7929
producer_signal,mid,endogenous,102,735912,0.6,33.1511
producer_signal,mid,endogenous,103,982154,0.6667,47.8363
producer_signal,mid,endogenous,104,716752,0.7,40.5586
producer_signal,mid,endogenous,105,679515,0.5,33.2099
producer_signal,mid,endogenous,106,74871,0.8667,51.8605
producer_signal,mid,endogenous,107,638721,0.9333,52.9086
producer_signal,mid,endogenous,108,665823,0.9,38.3271
producer_signal,mid,endogenous,109,179452,0.3333,35.2462
producer_signal,mid,endogenous,110,560087,0.4667,38.0878
producer_signal,mid,endogenous,111,764545,0.9333,32.2071
producer_signal,mid,endogenous,112,256703,0.9333,43.9887
producer_signal,mid,endogenous,113,171340,0.6333,38.9
producer_signal,mid,endogenous,114,484715,0.6333,41.8522
producer_signal,mid,endogenous,115,397888,0.7667,41.9961
producer_signal,mid,endogenous,116,283061,0.4333,35.057
producer_signal,mid,endogenous,117,970343,0.5667,40.1674
producer_signal,mid,endogenous,118,671089,0.5667,31.3427
producer_signal,mid,endogenous,119,721591,0.3,35.0758
producer_signal,mid,endogenous,120,584005,0.8,44.4648
producer_signal,mid,endogenous,121,230284,0.5667,28.9212
producer_signal,mid,endogenous,122,717871,0.6333,41.4622
producer_signal,mid,endogenous,123,340036,0.7667,41.9821
producer_signal,mid,endogenous,124,883795,0.8333,44.7152
producer_signal,mid,endogenous,125,805636,0.9333,53.3874
producer_signal,mid,endogenous,126,813695,0.6333,40.7211
producer_signal,mid,endogenous,127,58656,0.2333,31.2521
producer_signal,mid,endogenous,128,240175,0.4667,41.9061
producer_signal,mid,endogenous,129,861723,0.6333,38.481
producer_signal,mid,endogenous,130,33660,0.9333,48.221
producer_signal,mid,endogenous,131,844152,0.7,38.0833
producer_signal,mid,endogenous,132,330777,0.5333,37.8524
producer_signal,mid,endogenous,133,420652,0.5333,43.8761
producer_signal,mid,endogenous,134,280747,0.8333,49.318
producer_signal,mid,endogenous,135,69404,0.8333,52.9049
producer_signal,mid,endogenous,136,221232,0.7667,37.5206
producer_signal,mid,endogenous,137,957493,0.5667,33.2817
producer_signal,mid,endogenous,138,988713,0.8333,44.0468
producer_signal,mid,endogenous,139,594732,0.9667,52.613
producer_signal,mid,endogenous,140,918939,0.6667,45.3197
producer_signal,mid,endogenous,141,752788,0.8667,52.8533
producer_signal,mid,endogenous,142,329964,0.8,36.8802
producer_signal,mid,endogenous,143,222956,0.7333,45.1662
producer_signal,mid,endogenous,144,687278,0.5667,36.1773
producer_signal,mid,endogenous,145,523482,0.9333,45.2178
producer_signal,mid,endogenous,146,414851,0.4,29.7245
producer_signal,mid,endogenous,147,927658,0.7667,32.905
producer_signal,mid,endogenous,148,958973,0.9667,45.1621
producer_signal,mid,endogenous,149,674080,0.8333,47.345
producer_signal,mid,endogenous,150,481142,0.8,44.9103
producer_signal,mid,endogenous,151,149812,0.9667,41.4944
producer_signal,mid,endogenous,152,277747,0.4,30.5778
producer_signal,mid,endogenous,153,146414,0.6,35.7588
producer_signal,mid,endogenous,154,258608,1.0,53.4078
producer_signal,mid,endogenous,155,781178,0.8667,34.8179
producer_signal,mid,endogenous,156,588638,0.9,54.7217
producer_signal,mid,endogenous,157,565159,0.8333,44.4721
producer_signal,mid,endogenous,158,275505,0.8333,51.3503
producer_signal,mid,endogenous,159,783301,0.6,42.476
producer_signal,mid,endogenous,160,612983,0.8333,42.7287
producer_signal,mid,endogenous,161,449246,0.8667,53.2525
producer_signal,mid,endogenous,162,941436,0.7333,37.1219
producer_signal,mid,endogenous,163,611879,0.8,42.5559
producer_signal,mid,endogenous,164,418802,0.7333,42.0744
producer_signal,mid,endogenous,165,379581,0.7667,44.4536
producer_signal,mid,endogenous,166,229975,0.9333,55.8754
producer_signal,mid,endogenous,167,145052,0.9,38.9338
producer_signal,mid,endogenous,168,534278,0.8667,47.4177
producer_signal,mid,endogenous,169,517489,0.7,52.0298
producer_signal,mid,endogenous,170,95326,0.6667,43.0772
producer_signal,mid,endogenous,171,792496,0.9,33.3949
producer_signal,mid,endogenous,172,49406,0.7333,41.0622
producer_signal,mid,endogenous,173,902932,0.9,39.8573
producer_signal,mid,endogenous,174,114976,0.7333,39.0387
producer_signal,mid,endogenous,175,160266,0.9,45.5381
producer_signal,mid,endogenous,176,657925,0.5,36.9253
producer_signal,mid,endogenous,177,167754,0.9667,51.3367
producer_signal,mid,endogenous,178,830556,0.9333,50.6445
producer_signal,mid,endogenous,179,713537,0.6667,32.0483
producer_signal,mid,endogenous,180,442667,0.8333,46.9438
producer_signal,mid,endogenous,181,625381,0.6667,41.3192
producer_signal,mid,endogenous,182,66614,0.5667,41.8488
producer_signal,mid,endogenous,183,403458,0.9,42.47
producer_signal,mid,endogenous,184,400157,1.0,42.0029
producer_signal,mid,endogenous,185,624835,0.7333,40.3919
producer_signal,mid,endogenous,186,490786,0.6333,38.4603
producer_signal,mid,endogenous,187,554817,0.5667,41.6876
producer_signal,mid,endogenous,188,263627,0.8,41.5976
producer_signal,mid,endogenous,189,580100,0.4667,23.1382
producer_signal,mid,endogenous,190,902593,0.8,41.608
producer_signal,mid,endogenous,191,988211,0.6,44.3729
producer_signal,mid,endogenous,192,12039,0.8667,43.7206
producer_signal,mid,endogenous,193,713329,1.0,52.8968
producer_signal,mid,endogenous,194,755732,0.7,45.5448
producer_signal,mid,endogenous,195,120117,0.7333,43.1874
producer_signal,mid,endogenous,196,714826,0.6,40.179
producer_signal,mid,endogenous,197,927768,0.3667,35.8059
producer_signal,mid,endogenous,198,563055,0.3333,29.515
producer_signal,mid,endogenous,199,787353,0.6,31.7865
producer_signal,mid,exogenous,0,670488,1.0,46.1126
producer_signal,mid,exogenous,1,116740,1.0,43.2919
producer_signal,mid,exogenous,2,26226,1.0,37.9362
producer_signal,mid,exogenous,3,777573,1.0,44.009
producer_signal,mid,exogenous,4,288390,1.0,38.7052
producer_signal,mid,exogenous,5,256788,1.0,60.3996
producer_signal,mid,exogenous,6,234054,1.0,43.2488
producer_signal,mid,exogenous,7,146317,1.0,45.4187
producer_signal,mid,exogenous,8,772247,1.0,46.5662
producer_signal,mid,exogenous,9,107474,1.0,57.4396
producer_signal,mid,exogenous,10,709571,1.0,61.9848
producer_signal,mid,exogenous,11,776647,1.0,52.7831
producer_signal,mid,exogenous,12,935519,1.0,48.2607
producer_signal,mid,exogenous,13,571859,1.0,50.4585
producer_signal,mid,exogenous,14,91162,1.0,48.8769
producer_signal,mid,exogenous,15,619177,1.0,37.687
producer_signal,mid,exogenous,16,442418,1.0,36.7587
producer_signal,mid,exogenous,17,33327,1.0,66.7563
producer_signal,mid,exogenous,18,31245,1.0,51.009
producer_signal,mid,exogenous,19,98247,1.0,48.9277
producer_signal,mid,exogenous,20,229259,1.0,57.1005
producer_signal,mid,exogenous,21,243963,1.0,54.8131
producer_signal,mid,exogenous,22,529904,1.0,59.4193
producer_signal,mid,exogenous,23,631263,1.0,54.2699
producer_signal,mid,exogenous,24,27825,1.0,43.8542
producer_signal,mid,exogenous,25,588509,1.0,45.5946
producer_signal,mid,exogenous,26,208497,1.0,42.82
producer_signal,mid,exogenous,27,750801,1.0,44.6924
producer_signal,mid,exogenous,28,681454,1.0,52.1111
producer_signal,mid,exogenous,29,735393,1.0,46.6003
producer_signal,mid,exogenous,30,571413,1.0,51.3627
producer_signal,mid,exogenous,31,439899,1.0,57.766
producer_signal,mid,exogenous,32,231149,1.0,31.5366
producer_signal,mid,exogenous,33,471030,1.0,47.5579
producer_signal,mid,exogenous,34,617890,1.0,50.4122
producer_signal,mid,exogenous,35,291705,1.0,63.9903
producer_signal,mid,exogenous,36,848750,1.0,46.2748
producer_signal,mid,exogenous,37,911528,1.0,47.1879
producer_signal,mid,exogenous,38,6815,1.0,48.4465
producer_signal,mid,exogenous,39,795668,1.0,47.0199
producer_signal,mid,exogenous,40,844963,1.0,50.5695
producer_signal,mid,exogenous,41,167415,1.0,52.7503
producer_signal,mid,exogenous,42,732053,1.0,53.3159
producer_signal,mid,exogenous,43,443144,1.0,44.2041
producer_signal,mid,exogenous,44,356779,1.0,33.0092
producer_signal,mid,exogenous,45,291370,1.0,43.2055
producer_signal,mid,exogenous,46,163033,1.0,56.0442
producer_signal,mid,exogenous,47,225773,1.0,42.4156
producer_signal,mid,exogenous,48,800582,1.0,48.1336
producer_signal,mid,exogenous,49,352945,1.0,53.9649
producer_signal,mid,exogenous,50,107176,1.0,47.3528
producer_signal,mid,exogenous,51,97252,1.0,41.8822
producer_signal,mid,exogenous,52,398383,1.0,48.241
producer_signal,mid,exogenous,53,101415,1.0,40.5881
producer_signal,mid,exogenous,54,376418,1.0,56.3656
producer_signal,mid,exogenous,55,888663,1.0,54.5044
producer_signal,mid,exogenous,56,360664,1.0,40.369
producer_signal,mid,exogenous,57,633053,1.0,36.5669
producer_signal,mid,exogenous,58,277371,1.0,41.9149
producer_signal,mid,exogenous,59,846336,1.0,53.7936
producer_signal,mid,exogenous,60,45562,1.0,51.7885
producer_signal,mid,exogenous,61,765180,1.0,42.105
producer_signal,mid,exogenous,62,481742,1.0,46.825
producer_signal,mid,exogenous,63,562276,1.0,39.3167
producer_signal,mid,exogenous,64,130890,1.0,51.8801
producer_signal,mid,exogenous,65,967097,1.0,51.5821
producer_signal,mid,exogenous,66,396923,1.0,39.7244
producer_signal,mid,exogenous,67,82628,1.0,43.7175
producer_signal,mid,exogenous,68,578857,1.0,42.2453
producer_signal,mid,exogenous,69,307420,1.0,45.3462
producer_signal,mid,exogenous,70,869694,1.0,50.3723
producer_signal,mid,exogenous,71,659177,1.0,40.9428
producer_signal,mid,exogenous,72,648565,1.0,48.0398
producer_signal,mid,exogenous,73,928464,1.0,45.504
producer_signal,mid,exogenous,74,903566,1.0,56.1408
producer_signal,mid,exogenous,75,379202,1.0,58.6595
producer_signal,mid,exogenous,76,605398,1.0,41.3002
producer_signal,mid,exogenous,77,201630,1.0,37.9396
producer_signal,mid,exogenous,78,738798,1.0,38.4636
producer_signal,mid,exogenous,79,72934,1.0,46.5219
producer_signal,mid,exogenous,80,48051,1.0,52.7476
producer_signal,mid,exogenous,81,693385,1.0,36.1145
producer_signal,mid,exogenous,82,238969,1.0,59.888
producer_signal,mid,exogenous,83,810621,1.0,46.7636
producer_signal,mid,exogenous,84,303446,1.0,47.2285
producer_signal,mid,exogenous,85,83668,1.0,55.6719
producer_signal,mid,exogenous,86,896866,1.0,36.8903
producer_signal,mid,exogenous,87,244099,1.0,45.374
producer_signal,mid,exogenous,88,908574,1.0,45.2024
producer_signal,mid,exogenous,89,105908,1.0,48.4901
producer_signal,mid,exogenous,90,398592,1.0,50.6717
producer_signal,mid,exogenous,91,291477,1.0,46.2044
producer_signal,mid,exogenous,92,475436,1.0,52.3717
producer_signal,mid,exogenous,93,666564,1.0,54.1193
producer_signal,mid,exogenous,94,874629,1.0,59.9173
producer_signal,mid,exogenous,95,382555,1.0,47.5063
producer_signal,mid,exogenous,96,170556,1.0,49.6457
producer_signal,mid,exogenous,97,388163,1.0,39.676
producer_signal,mid,exogenous,98,372529,1.0,52.3554
producer_signal,mid,exogenous,99,219685,1.0,41.3866
producer_signal,mid,exogenous,100,702730,1.0,47.7016
producer_signal,mid,exogenous,101,279947,1.0,44.1379
producer_signal,mid,exogenous,102,735912,1.0,44.1799
producer_signal,mid,exogenous,103,982154,1.0,55.9078
producer_signal,mid,exogenous,104,716752,1.0,48.1615
producer_signal,mid,exogenous,105,679515,1.0,45.9404
producer_signal,mid,exogenous,106,74871,1.0,56.6467
producer_signal,mid,exogenous,107,638721,1.0,55.6074
producer_signal,mid,exogenous,108,665823,1.0,40.6775
producer_signal,mid,exogenous,109,179452,1.0,46.6596
producer_signal,mid,exogenous,110,560087,1.0,57.4904
producer_signal,mid,exogenous,111,764545,1.0,34.5819
producer_signal,mid,exogenous,112,256703,1.0,45.633
producer_signal,mid,exogenous,113,171340,1.0,49.8225
producer_signal,mid,exogenous,114,484715,1.0,51.557
producer_signal,mid,exogenous,115,397888,1.0,51.4846
producer_signal,mid,exogenous,116,283061,1.0,52.6397
producer_signal,mid,exogenous,117,970343,1.0,46.5328
producer_signal,mid,exogenous,118,671089,1.0,45.6216
producer_signal,mid,exogenous,119,721591,1.0,42.5801
producer_signal,mid,exogenous,120,584005,1.0,51.2962
producer_signal,mid,exogenous,121,230284,1.0,41.0819
producer_signal,mid,exogenous,122,717871,1.0,55.0574
producer_signal,mid,exogenous,123,340036,1.0,42.3951
producer_signal,mid,exogenous,124,883795,1.0,46.3368
producer_signal,mid,exogenous,125,805636,1.0,54.5615
producer_signal,mid,exogenous,126,813695,1.0,48.7273
producer_signal,mid,exogenous,127,58656,1.0,49.3015
producer_signal,mid,exogenous,128,240175,1.0,52.3636
producer_signal,mid,exogenous,129,861723,1.0,45.2734
producer_signal,mid,exogenous,130,33660,1.0,50.6869
producer_signal,mid,exogenous,131,844152,1.0,49.4567
producer_signal,mid,exogenous,132,330777,1.0,45.9654
producer_signal,mid,exogenous,133,420652,1.0,53.6146
producer_signal,mid,exogenous,134,280747,1.0,49.6372
producer_signal,mid,exogenous,135,69404,1.0,56.3755
producer_signal,mid,exogenous,136,221232,1.0,44.2385
producer_signal,mid,exogenous,137,957493,1.0,48.3102
producer_signal,mid,exogenous,138,988713,1.0,49.5229
producer_signal,mid,exogenous,139,594732,1.0,52.7978
producer_signal,mid,exogenous,140,918939,1.0,55.2821
producer_signal,mid,exogenous,141,752788,1.0,54.5432
producer_signal,mid,exogenous,142,329964,1.0,40.2586
producer_signal,mid,exogenous,143,222956,1.0,55.364
producer_signal,mid,exogenous,144,687278,1.0,51.0845
producer_signal,mid,exogenous,145,523482,1.0,47.9681
producer_signal,mid,exogenous,146,414851,1.0,49.8213
producer_signal,mid,exogenous,147,927658,1.0,38.3792
producer_signal,mid,exogenous,148,958973,1.0,45.804
producer_signal,mid,exogenous,149,674080,1.0,50.8054
producer_signal,mid,exogenous,150,481142,1.0,49.0001
producer_signal,mid,exogenous,151,149812,1.0,42.1995
producer_signal,mid,exogenous,152,277747,1.0,40.332
producer_signal,mid,exogenous,153,146414,1.0,46.4898
producer_signal,mid,exogenous,154,258608,1.0,53.0135
producer_signal,mid,exogenous,155,781178,1.0,38.0281
producer_signal,mid,exogenous,156,588638,1.0,56.4704
producer_signal,mid,exogenous,157,565159,1.0,48.3617
producer_signal,mid,exogenous,158,275505,1.0,52.9923
producer_signal,mid,exogenous,159,783301,1.0,50.8062
producer_signal,mid,exogenous,160,612983,1.0,46.1917
producer_signal,mid,exogenous,161,449246,1.0,55.977
producer_signal,mid,exogenous,162,941436,1.0,42.5866
producer_signal,mid,exogenous,163,611879,1.0,47.9213
producer_signal,mid,exogenous,164,418802,1.0,52.4807
producer_signal,mid,exogenous,165,379581,1.0,47.1485
producer_signal,mid,exogenous,166,229975,1.0,58.9526
producer_signal,mid,exogenous,167,145052,1.0,40.9981
producer_signal,mid,exogenous,168,534278,1.0,49.9244
producer_signal,mid,exogenous,169,517489,1.0,58.5869
producer_signal,mid,exogenous,170,95326,1.0,50.4365
producer_signal,mid,exogenous,171,792496,1.0,33.7777
producer_signal,mid,exogenous,172,49406,1.0,48.5586
producer_signal,mid,exogenous,173,902932,1.0,40.5781
producer_signal,mid,exogenous,174,114976,1.0,47.8639
producer_signal,mid,exogenous,175,160266,1.0,45.7272
producer_signal,mid,exogenous,176,657925,1.0,56.2836
producer_signal,mid,exogenous,177,167754,1.0,53.4635
producer_signal,mid,exogenous,178,830556,1.0,52.4295
producer_signal,mid,exogenous,179,713537,1.0,42.4945
producer_signal,mid,exogenous,180,442667,1.0,50.8623
producer_signal,mid,exogenous,181,625381,1.0,45.7491
producer_signal,mid,exogenous,182,66614,1.0,45.5022
producer_signal,mid,exogenous,183,403458,1.0,42.3319
producer_signal,mid,exogenous,184,400157,1.0,43.5157
producer_signal,mid,exogenous,185,624835,1.0,45.8503
producer_signal,mid,exogenous,186,490786,1.0,46.1516
producer_signal,mid,exogenous,187,554817,1.0,55.0346
producer_signal,mid,exogenous,188,263627,1.0,47.0857
producer_signal,mid,exogenous,189,580100,1.0,46.1665
producer_signal,mid,exogenous,190,902593,1.0,43.6361
producer_signal,mid,exogenous,191,988211,1.0,48.0748
producer_signal,mid,exogenous,192,12039,1.0,48.2241
producer_signal,mid,exogenous,193,713329,1.0,51.484
producer_signal,mid,exogenous,194,755732,1.0,57.9942
producer_signal,mid,exogenous,195,120117,1.0,48.4162
producer_signal,mid,exogenous,196,714826,1.0,50.7297
producer_signal,mid,exogenous,197,927768,1.0,54.3191
producer_signal,mid,exogenous,198,563055,1.0,50.0895
producer_signal,mid,exogenous,199,787353,1.0,36.6654
cooperative,mid,endogenous,0,670488,0.5333,25.2005
cooperative,mid,endogenous,1,116740,0.8,36.8476
cooperative,mid,endogenous,2,26226,0.9,36.0947
cooperative,mid,endogenous,3,777573,0.9667,35.5734
cooperative,mid,endogenous,4,288390,0.8333,41.9855
cooperative,mid,endogenous,5,256788,0.5,17.2923
cooperative,mid,endogenous,6,234054,0.5,21.0792
cooperative,mid,endogenous,7,146317,0.7667,37.2559
cooperative,mid,endogenous,8,772247,0.6667,33.7188
cooperative,mid,endogenous,9,107474,0.8,33.3477
cooperative,mid,endogenous,10,709571,0.6,34.9253
cooperative,mid,endogenous,11,776647,0.8333,34.7943
cooperative,mid,endogenous,12,935519,0.8,27.1125
cooperative,mid,endogenous,13,571859,0.8333,31.2376
cooperative,mid,endogenous,14,91162,0.4,15.6652
cooperative,mid,endogenous,15,619177,0.4333,21.8939
cooperative,mid,endogenous,16,442418,0.9667,32.1349
cooperative,mid,endogenous,17,33327,0.9,31.3186
cooperative,mid,endogenous,18,31245,0.9333,40.0445
cooperative,mid,endogenous,19,98247,0.9333,40.5369
cooperative,mid,endogenous,20,229259,0.9667,33.9707
cooperative,mid,endogenous,21,243963,0.7667,27.3608
cooperative,mid,endogenous,22,529904,0.6667,29.8816
cooperative,mid,endogenous,23,631263,0.4667,30.2579
cooperative,mid,endogenous,24,27825,0.8333,18.8598
cooperative,mid,endogenous,25,588509,0.8333,34.0923
cooperative,mid,endogenous,26,208497,0.6333,27.9958
cooperative,mid,endogenous,27,750801,0.7333,37.202
cooperative,mid,endogenous,28,681454,0.6667,36.5988
cooperative,mid,endogenous,29,735393,0.4667,24.9983
cooperative,mid,endogenous,30,571413,0.7,31.0374
cooperative,mid,endogenous,31,439899,0.6333,40.02
cooperative,mid,endogenous,32,231149,0.7,19.551
cooperative,mid,endogenous,33,471030,0.6,27.5433
cooperative,mid,endogenous,34,617890,0.9667,28.9638
cooperative,mid,endogenous,35,291705,0.4,32.3158
cooperative,mid,endogenous,36,848750,0.7,33.2694
cooperative,mid,endogenous,37,911528,0.7667,33.6907
cooperative,mid,endogenous,38,6815,0.7333,24.0245
cooperative,mid,endogenous,39,795668,0.8667,40.7485
cooperative,mid,endogenous,40,844963,0.8333,31.1494
cooperative,mid,endogenous,41,167415,0.8667,31.4955
cooperative,mid,endogenous,42,732053,0.8667,41.3261
cooperative,mid,endogenous,43,443144,0.6333,29.3709
cooperative,mid,endogenous,44,356779,0.8333,33.6947
cooperative,mid,endogenous,45,291370,0.7667,44.1612
cooperative,mid,endogenous,46,163033,0.6,28.8176
cooperative,mid,endogenous,47,225773,0.6667,35.0738
cooperative,mid,endogenous,48,800582,0.9333,43.6154
cooperative,mid,endogenous,49,352945,0.8,34.1966
cooperative,mid,endogenous,50,107176,0.8,38.9377
cooperative,mid,endogenous,51,97252,0.8,36.0279
cooperative,mid,endogenous,52,398383,0.7667,26.8743
cooperative,mid,endogenous,53,101415,0.9667,22.0225
cooperative,mid,endogenous,54,376418,0.7333,32.1545
cooperative,mid,endogenous,55,888663,0.5333,24.3406
cooperative,mid,endogenous,56,360664,0.9667,37.4706
cooperative,mid,endogenous,57,633053,0.3667,22.3663
cooperative,mid,endogenous,58,277371,0.8667,33.7098
cooperative,mid,endogenous,59,846336,0.9333,32.7159
cooperative,mid,endogenous,60,45562,0.8,28.0855
cooperative,mid,endogenous,61,765180,0.5333,23.954
cooperative,mid,endogenous,62,481742,0.6667,28.9655
cooperative,mid,endogenous,63,562276,0.7667,23.8373
cooperative,mid,endogenous,64,130890,0.7333,32.9832
cooperative,mid,endogenous,65,967097,0.7667,32.8398
cooperative,mid,endogenous,66,396923,0.5333,18.5073
cooperative,mid,endogenous,67,82628,0.9,42.78
cooperative,mid,endogenous,68,578857,0.8,32.6014
cooperative,mid,endogenous,69,307420,0.5,31.815
cooperative,mid,endogenous,70,869694,0.7,35.2048
cooperative,mid,endogenous,71,659177,0.6667,23.9786
cooperative,mid,endogenous,72,648565,0.6667,18.1959
cooperative,mid,endogenous,73,928464,0.6667,26.1718
cooperative,mid,endogenous,74,903566,0.9333,25.3083
cooperative,mid,endogenous,75,379202,0.4,23.969
cooperative,mid,endogenous,76,605398,0.9667,41.2439
cooperative,mid,endogenous,77,201630,0.9,27.057
cooperative,mid,endogenous,78,738798,0.6,24.3762
cooperative,mid,endogenous,79,72934,0.8,30.2584
cooperative,mid,endogenous,80,48051,0.5667,34.8806
cooperative,mid,endogenous,81,693385,0.8333,28.89
cooperative,mid,endogenous,82,238969,0.9,35.7159
cooperative,mid,endogenous,83,810621,0.5667,21.3777
cooperative,mid,endogenous,84,303446,0.5,31.8024
cooperative,mid,endogenous,85,83668,0.6,26.1922
cooperative,mid,endogenous,86,896866,0.7,38.8152
cooperative,mid,endogenous,87,244099,0.8667,39.0555
cooperative,mid,endogenous,88,908574,0.8667,29.2486
cooperative,mid,endogenous,89,105908,0.7667,31.9953
cooperative,mid,endogenous,90,398592,0.7667,29.3249
cooperative,mid,endogenous,91,291477,0.9667,38.0453
cooperative,mid,endogenous,92,475436,0.3667,18.8272
cooperative,mid,endogenous,93,666564,0.9333,46.5261
cooperative,mid,endogenous,94,874629,0.4333,26.6933
cooperative,mid,endogenous,95,382555,0.8,25.3164
cooperative,mid,endogenous,96,170556,0.7,30.5529
cooperative,mid,endogenous,97,388163,0.8,27.0293
cooperative,mid,endogenous,98,372529,0.5667,42.4427
cooperative,mid,endogenous,99,219685,0.9333,42.5189
cooperative,mid,endogenous,100,702730,0.7,30.6535
cooperative,mid,endogenous,101,279947,0.8,33.4921
cooperative,mid,endogenous,102,735912,0.6667,30.9124
cooperative,mid,endogenous,103,982154,0.8333,41.0033
cooperative,mid,endogenous,104,716752,0.5667,26.5977
cooperative,mid,endogenous,105,679515,0.5667,24.9182
cooperative,mid,endogenous,106,74871,0.9333,34.7269
cooperative,mid,endogenous,107,638721,0.9333,30.8577
cooperative,mid,endogenous,108,665823,0.8667,19.4968
cooperative,mid,endogenous,109,179452,0.5333,24.5251
cooperative,mid,endogenous,110,560087,0.2333,18.7232
cooperative,mid,endogenous,111,764545,0.9333,38.2887
cooperative,mid,endogenous,112,256703,0.9333,25.7847
cooperative,mid,endogenous,113,171340,0.5333,25.064
cooperative,mid,endogenous,114,484715,0.7,38.5761
cooperative,mid,endogenous,115,397888,0.5667,37.5749
cooperative,mid,endogenous,116,283061,0.4333,19.1945
cooperative,mid,endogenous,117,970343,0.3667,30.622
cooperative,mid,endogenous,118,671089,0.6333,30.4952
cooperative,mid,endogenous,119,721591,0.5,15.7643
cooperative,mid,endogenous,120,584005,0.5,23.1661
cooperative,mid,endogenous,121,230284,0.8333,25.8651
cooperative,mid,endogenous,122,717871,0.7333,34.4249
cooperative,mid,endogenous,123,340036,0.7333,31.9573
cooperative,mid,endogenous,124,883795,0.9333,35.7444
cooperative,mid,endogenous,125,805636,0.9333,30.8705
cooperative,mid,endogenous,126,813695,0.6,27.472
cooperative,mid,endogenous,127,58656,0.6333,22.3125
cooperative,mid,endogenous,128,240175,0.3667,18.961
cooperative,mid,endogenous,129,861723,0.5333,32.8383
cooperative,mid,endogenous,130,33660,0.8667,28.3905
cooperative,mid,endogenous,131,844152,0.6333,31.0501
cooperative,mid,endogenous,132,330777,0.8667,31.3446
cooperative,mid,endogenous,133,420652,0.4667,30.137
cooperative,mid,endogenous,134,280747,0.8,40.2842
cooperative,mid,endogenous,135,69404,0.8667,24.0345
cooperative,mid,endogenous,136,221232,0.6333,24.1473
cooperative,mid,endogenous,137,957493,0.4667,18.0574
cooperative,mid,endogenous,138,988713,0.8333,30.8371
cooperative,mid,endogenous,139,594732,0.9667,37.1533
cooperative,mid,endogenous,140,918939,0.8,37.2241
cooperative,mid,endogenous,141,752788,0.8667,36.4492
cooperative,mid,endogenous,142,329964,0.7667,24.5992
cooperative,mid,endogenous,143,222956,0.8333,39.2986
cooperative,mid,endogenous,144,687278,0.6333,27.2988
cooperative,mid,endogenous,145,523482,0.9333,26.467
cooperative,mid,endogenous,146,414851,0.7,20.1513
cooperative,mid,endogenous,147,927658,0.6333,26.268
cooperative,mid,endogenous,148,958973,0.9667,36.7817
cooperative,mid,endogenous,149,674080,0.5333,35.0296
cooperative,mid,endogenous,150,481142,0.7333,26.2059
cooperative,mid,endogenous,151,149812,0.9333,37.9544
cooperative,mid,endogenous,152,277747,0.7,33.6953
cooperative,mid,endogenous,153,146414,0.6,26.578
cooperative,mid,endogenous,154,258608,1.0,49.3697
cooperative,mid,endogenous,155,781178,0.9,36.2029
cooperative,mid,endogenous,156,588638,0.8,31.6559
cooperative,mid,endogenous,157,565159,0.9,24.4626
cooperative,mid,endogenous,158,275505,0.6333,33.0923
cooperative,mid,endogenous,159,783301,0.6,33.7858
cooperative,mid,endogenous,160,612983,0.8333,34.7344
cooperative,mid,endogenous,161,449246,0.8,37.741
cooperative,mid,endogenous,162,941436,0.5667,25.349
cooperative,mid,endogenous,163,611879,0.6333,30.0738
cooperative,mid,endogenous,164,418802,0.8667,32.6889
cooperative,mid,endogenous,165,379581,0.8333,40.752
cooperative,mid,endogenous,166,229975,0.7333,23.8361
cooperative,mid,endogenous,167,145052,0.8333,32.2033
cooperative,mid,endogenous,168,534278,0.8667,41.3545
cooperative,mid,endogenous,169,517489,0.4667,26.7832
cooperative,mid,endogenous,170,95326,0.6,29.5621
cooperative,mid,endogenous,171,792496,0.9,22.0683
cooperative,mid,endogenous,172,49406,0.6667,22.5145
cooperative,mid,endogenous,173,902932,0.9,36.7057
cooperative,mid,endogenous,174,114976,0.7333,25.2451
cooperative,mid,endogenous,175,160266,0.9333,32.4109
cooperative,mid,endogenous,176,657925,0.5667,25.6292
cooperative,mid,endogenous,177,167754,0.9667,37.0891
cooperative,mid,endogenous,178,830556,0.9,34.2859
cooperative,mid,endogenous,179,713537,0.6667,39.0787
cooperative,mid,endogenous,180,442667,0.7333,35.8951
cooperative,mid,endogenous,181,625381,0.7667,39.6775
cooperative,mid,endogenous,182,66614,0.8,38.1554
cooperative,mid,endogenous,183,403458,0.9,36.4944
cooperative,mid,endogenous,184,400157,1.0,37.3609
cooperative,mid,endogenous,185,624835,0.6667,26.902
cooperative,mid,endogenous,186,490786,0.6,29.0872
cooperative,mid,endogenous,187,554817,0.6,29.517
cooperative,mid,endogenous,188,263627,0.8333,32.2858
cooperative,mid,endogenous,189,580100,0.8667,28.3209
cooperative,mid,endogenous,190,902593,0.7667,34.7187
cooperative,mid,endogenous,191,988211,0.5,27.8291
cooperative,mid,endogenous,192,12039,0.9333,33.4545
cooperative,mid,endogenous,193,713329,1.0,37.2216
cooperative,mid,endogenous,194,755732,0.6,31.367
cooperative,mid,endogenous,195,120117,0.6333,36.3462
cooperative,mid,endogenous,196,714826,0.7333,22.8984
cooperative,mid,endogenous,197,927768,0.3667,27.292
cooperative,mid,endogenous,198,563055,0.6333,33.0737
cooperative,mid,endogenous,199,787353,0.8333,32.2558
cooperative,mid,exogenous,0,670488,1.0,34.9618
cooperative,mid,exogenous,1,116740,1.0,44.892
cooperative,mid,exogenous,2,26226,1.0,38.1541
cooperative,mid,exogenous,3,777573,1.0,35.6749
cooperative,mid,exogenous,4,288390,1.0,43.4978
cooperative,mid,exogenous,5,256788,1.0,27.6284
cooperative,mid,exogenous,6,234054,1.0,30.2843
cooperative,mid,exogenous,7,146317,1.0,41.681
cooperative,mid,exogenous,8,772247,1.0,40.1412
cooperative,mid,exogenous,9,107474,1.0,34.0315
cooperative,mid,exogenous,10,709571,1.0,44.9411
cooperative,mid,exogenous,11,776647,1.0,36.5235
cooperative,mid,exogenous,12,935519,1.0,29.0769
cooperative,mid,exogenous,13,571859,1.0,36.8188
cooperative,mid,exogenous,14,91162,1.0,29.7533
cooperative,mid,exogenous,15,619177,1.0,23.5167
cooperative,mid,exogenous,16,442418,1.0,33.8848
cooperative,mid,exogenous,17,33327,1.0,33.5746
cooperative,mid,exogenous,18,31245,1.0,42.5802
cooperative,mid,exogenous,19,98247,1.0,41.9375
cooperative,mid,exogenous,20,229259,1.0,35.1784
cooperative,mid,exogenous,21,243963,1.0,30.6241
cooperative,mid,exogenous,22,529904,1.0,34.9142
cooperative,mid,exogenous,23,631263,1.0,41.8673
cooperative,mid,exogenous,24,27825,1.0,19.7884
cooperative,mid,exogenous,25,588509,1.0,36.9915
cooperative,mid,exogenous,26,208497,1.0,29.5348
cooperative,mid,exogenous,27,750801,1.0,44.4031
cooperative,mid,exogenous,28,681454,1.0,41.1795
cooperative,mid,exogenous,29,735393,1.0,35.4206
cooperative,mid,exogenous,30,571413,1.0,32.4419
cooperative,mid,exogenous,31,439899,1.0,47.9569
cooperative,mid,exogenous,32,231149,1.0,22.2895
cooperative,mid,exogenous,33,471030,1.0,33.5551
cooperative,mid,exogenous,34,617890,1.0,30.425
cooperative,mid,exogenous,35,291705,1.0,50.9154
cooperative,mid,exogenous,36,848750,1.0,35.7253
cooperative,mid,exogenous,37,911528,1.0,35.4266
cooperative,mid,exogenous,38,6815,1.0,28.106
cooperative,mid,exogenous,39,795668,1.0,45.6005
cooperative,mid,exogenous,40,844963,1.0,33.6346
cooperative,mid,exogenous,41,167415,1.0,35.286
cooperative,mid,exogenous,42,732053,1.0,43.1163
cooperative,mid,exogenous,43,443144,1.0,34.3383
cooperative,mid,exogenous,44,356779,1.0,36.1094
cooperative,mid,exogenous,45,291370,1.0,45.0986
cooperative,mid,exogenous,46,163033,1.0,35.0488
cooperative,mid,exogenous,47,225773,1.0,37.0002
cooperative,mid,exogenous,48,800582,1.0,46.5763
cooperative,mid,exogenous,49,352945,1.0,35.6079
cooperative,mid,exogenous,50,107176,1.0,45.4057
cooperative,mid,exogenous,51,97252,1.0,37.4962
cooperative,mid,exogenous,52,398383,1.0,33.3089
cooperative,mid,exogenous,53,101415,1.0,22.4642
cooperative,mid,exogenous,54,376418,1.0,37.9344
cooperative,mid,exogenous,55,888663,1.0,32.0096
cooperative,mid,exogenous,56,360664,1.0,37.3483
cooperative,mid,exogenous,57,633053,1.0,39.2751
cooperative,mid,exogenous,58,277371,1.0,35.536
cooperative,mid,exogenous,59,846336,1.0,36.6042
cooperative,mid,exogenous,60,45562,1.0,31.5042
cooperative,mid,exogenous,61,765180,1.0,34.7294
cooperative,mid,exogenous,62,481742,1.0,33.7743
cooperative,mid,exogenous,63,562276,1.0,28.3686
cooperative,mid,exogenous,64,130890,1.0,36.3463
cooperative,mid,exogenous,65,967097,1.0,37.3389
cooperative,mid,exogenous,66,396923,1.0,26.3365
cooperative,mid,exogenous,67,82628,1.0,45.9174
cooperative,mid,exogenous,68,578857,1.0,38.3334
cooperative,mid,exogenous,69,307420,1.0,37.9997
cooperative,mid,exogenous,70,869694,1.0,45.2273
cooperative,mid,exogenous,71,659177,1.0,29.8608
cooperative,mid,exogenous,72,648565,1.0,22.3488
cooperative,mid,exogenous,73,928464,1.0,28.6073
cooperative,mid,exogenous,74,903566,1.0,24.9033
cooperative,mid,exogenous,75,379202,1.0,39.915
cooperative,mid,exogenous,76,605398,1.0,41.6608
cooperative,mid,exogenous,77,201630,1.0,27.9579
cooperative,mid,exogenous,78,738798,1.0,28.8957
cooperative,mid,exogenous,79,72934,1.0,34.4222
cooperative,mid,exogenous,80,48051,1.0,42.6696
cooperative,mid,exogenous,81,693385,1.0,30.0496
cooperative,mid,exogenous,82,238969,1.0,36.9025
cooperative,mid,exogenous,83,810621,1.0,28.3366
cooperative,mid,exogenous,84,303446,1.0,44.1681
cooperative,mid,exogenous,85,83668,1.0,29.6274
cooperative,mid,exogenous,86,896866,1.0,43.5173
cooperative,mid,exogenous,87,244099,1.0,41.2663
cooperative,mid,exogenous,88,908574,1.0,30.4753
cooperative,mid,exogenous,89,105908,1.0,34.4699
cooperative,mid,exogenous,90,398592,1.0,31.9379
cooperative,mid,exogenous,91,291477,1.0,39.5483
cooperative,mid,exogenous,92,475436,1.0,32.1511
cooperative,mid,exogenous,93,666564,1.0,48.2826
cooperative,mid,exogenous,94,874629,1.0,44.7998
cooperative,mid,exogenous,95,382555,1.0,28.1743
cooperative,mid,exogenous,96,170556,1.0,37.7274
cooperative,mid,exogenous,97,388163,1.0,30.1643
cooperative,mid,exogenous,98,372529,1.0,46.3221
cooperative,mid,exogenous,99,219685,1.0,44.1061
cooperative,mid,exogenous,100,702730,1.0,35.5738
cooperative,mid,exogenous,101,279947,1.0,39.0258
cooperative,mid,exogenous,102,735912,1.0,40.1688
cooperative,mid,exogenous,103,982154,1.0,44.2769
cooperative,mid,exogenous,104,716752,1.0,33.4904
cooperative,mid,exogenous,105,679515,1.0,33.6913
cooperative,mid,exogenous,106,74871,1.0,36.0974
cooperative,mid,exogenous,107,638721,1.0,31.7295
cooperative,mid,exogenous,108,665823,1.0,22.7652
cooperative,mid,exogenous,109,179452,1.0,33.6162
cooperative,mid,exogenous,110,560087,1.0,44.8468
cooperative,mid,exogenous,111,764545,1.0,40.717
cooperative,mid,exogenous,112,256703,1.0,26.6646
cooperative,mid,exogenous,113,171340,1.0,35.2371
cooperative,mid,exogenous,114,484715,1.0,42.7708
cooperative,mid,exogenous,115,397888,1.0,45.6269
cooperative,mid,exogenous,116,283061,1.0,29.3652
cooperative,mid,exogenous,117,970343,1.0,36.4259
cooperative,mid,exogenous,118,671089,1.0,40.3463
cooperative,mid,exogenous,119,721591,1.0,23.8576
cooperative,mid,exogenous,120,584005,1.0,33.9939
cooperative,mid,exogenous,121,230284,1.0,28.7507
cooperative,mid,exogenous,122,717871,1.0,43.5365
cooperative,mid,exogenous,123,340036,1.0,33.1798
cooperative,mid,exogenous,124,883795,1.0,36.0483
cooperative,mid,exogenous,125,805636,1.0,31.3288
cooperative,mid,exogenous,126,813695,1.0,37.3317
cooperative,mid,exogenous,127,58656,1.0,27.9182
cooperative,mid,exogenous,128,240175,1.0,21.1767
cooperative,mid,exogenous,129,861723,1.0,44.6767
cooperative,mid,exogenous,130,33660,1.0,31.6396
cooperative,mid,exogenous,131,844152,1.0,45.3775
cooperative,mid,exogenous,132,330777,1.0,33.0349
cooperative,mid,exogenous,133,420652,1.0,37.8576
cooperative,mid,exogenous,134,280747,1.0,39.6969
cooperative,mid,exogenous,135,69404,1.0,24.2626
cooperative,mid,exogenous,136,221232,1.0,30.1614
cooperative,mid,exogenous,137,957493,1.0,30.1722
cooperative,mid,exogenous,138,988713,1.0,33.6805
cooperative,mid,exogenous,139,594732,1.0,38.3
cooperative,mid,exogenous,140,918939,1.0,41.5883
cooperative,mid,exogenous,141,752788,1.0,37.6024
cooperative,mid,exogenous,142,329964,1.0,28.0249
cooperative,mid,exogenous,143,222956,1.0,41.8027
cooperative,mid,exogenous,144,687278,1.0,36.271
cooperative,mid,exogenous,145,523482,1.0,28.7499
cooperative,mid,exogenous,146,414851,1.0,25.4634
cooperative,mid,exogenous,147,927658,1.0,28.6989
cooperative,mid,exogenous,148,958973,1.0,37.8734
cooperative,mid,exogenous,149,674080,1.0,39.4512
cooperative,mid,exogenous,150,481142,1.0,28.5692
cooperative,mid,exogenous,151,149812,1.0,37.8986
cooperative,mid,exogenous,152,277747,1.0,37.2016
cooperative,mid,exogenous,153,146414,1.0,35.7565
cooperative,mid,exogenous,154,258608,1.0,49.5697
cooperative,mid,exogenous,155,781178,1.0,39.3232
cooperative,mid,exogenous,156,588638,1.0,35.2889
cooperative,mid,exogenous,157,565159,1.0,25.3121
cooperative,mid,exogenous,158,275505,1.0,36.4113
cooperative,mid,exogenous,159,783301,1.0,39.7489
cooperative,mid,exogenous,160,612983,1.0,36.6189
cooperative,mid,exogenous,161,449246,1.0,40.168
cooperative,mid,exogenous,162,941436,1.0,33.8122
cooperative,mid,exogenous,163,611879,1.0,39.8499
cooperative,mid,exogenous,164,418802,1.0,35.2303
cooperative,mid,exogenous,165,379581,1.0,42.5783
cooperative,mid,exogenous,166,229975,1.0,30.2298
cooperative,mid,exogenous,167,145052,1.0,34.6545
cooperative,mid,exogenous,168,534278,1.0,43.101
cooperative,mid,exogenous,169,517489,1.0,34.0634
cooperative,mid,exogenous,170,95326,1.0,36.4419
cooperative,mid,exogenous,171,792496,1.0,21.1167
cooperative,mid,exogenous,172,49406,1.0,25.9886
cooperative,mid,exogenous,173,902932,1.0,39.1811
cooperative,mid,exogenous,174,114976,1.0,30.0367
cooperative,mid,exogenous,175,160266,1.0,32.5038
cooperative,mid,exogenous,176,657925,1.0,43.4543
cooperative,mid,exogenous,177,167754,1.0,37.9544
cooperative,mid,exogenous,178,830556,1.0,36.5455
cooperative,mid,exogenous,179,713537,1.0,49.1128
cooperative,mid,exogenous,180,442667,1.0,44.6489
cooperative,mid,exogenous,181,625381,1.0,42.0539
cooperative,mid,exogenous,182,66614,1.0,39.2785
cooperative,mid,exogenous,183,403458,1.0,37.4047
cooperative,mid,exogenous,184,400157,1.0,37.7195
cooperative,mid,exogenous,185,624835,1.0,32.9239
cooperative,mid,exogenous,186,490786,1.0,38.4686
cooperative,mid,exogenous,187,554817,1.0,38.3731
cooperative,mid,exogenous,188,263627,1.0,34.9649
cooperative,mid,exogenous,189,580100,1.0,31.5409
cooperative,mid,exogenous,190,902593,1.0,38.8236
cooperative,mid,exogenous,191,988211,1.0,29.2851
cooperative,mid,exogenous,192,12039,1.0,34.3502
cooperative,mid,exogenous,193,713329,1.0,36.2922
cooperative,mid,exogenous,194,755732,1.0,43.4126
cooperative,mid,exogenous,195,120117,1.0,40.4688
cooperative,mid,exogenous,196,714826,1.0,27.2177
cooperative,mid,exogenous,197,927768,1.0,40.945
cooperative,mid,exogenous,198,563055,1.0,43.2621
cooperative,mid,exogenous,199,787353,1.0,33.8501
supplier_training,mid,endogenous,0,670488,0.3667,62.3047
supplier_training,mid,endogenous,1,116740,0.9,83.4265
supplier_training,mid,endogenous,2,26226,0.4667,59.8638
supplier_training,mid,endogenous,3,777573,0.9,85.8559
supplier_training,mid,endogenous,4,288390,0.7333,83.2676
supplier_training,mid,endogenous,5,256788,0.7667,76.1892
supplier_training,mid,endogenous,6,234054,0.5667,60.644
supplier_training,mid,endogenous,7,146317,0.8333,82.032
supplier_training,mid,endogenous,8,772247,0.6667,76.4434
supplier_training,mid,endogenous,9,107474,0.9667,93.1853
supplier_training,mid,endogenous,10,709571,0.6333,70.3888
supplier_training,mid,endogenous,11,776647,0.9,88.9951
supplier_training,mid,endogenous,12,935519,0.8333,82.1066
supplier_training,mid,endogenous,13,571859,0.8333,82.4008
supplier_training,mid,endogenous,14,91162,0.5333,52.3822
supplier_training,mid,endogenous,15,619177,0.6667,84.6844
supplier_training,mid,endogenous,16,442418,0.9667,90.2162
supplier_training,mid,endogenous,17,33327,0.9,89.7136
supplier_training,mid,endogenous,18,31245,0.9,86.9097
supplier_training,mid,endogenous,19,98247,0.9333,86.8537
supplier_training,mid,endogenous,20,229259,0.9667,91.3272
supplier_training,mid,endogenous,21,243963,0.7333,84.5359
supplier_training,mid,endogenous,22,529904,0.8,83.8811
supplier_training,mid,endogenous,23,631263,0.6667,76.3195
supplier_training,mid,endogenous,24,27825,0.5667,70.1965
supplier_training,mid,endogenous,25,588509,0.7333,79.9892
supplier_training,mid,endogenous,26,208497,0.7,83.5371
supplier_training,mid,endogenous,27,750801,0.8,85.554
supplier_training,mid,endogenous,28,681454,0.5,75.8216
supplier_training,mid,endogenous,29,735393,0.3,59.7498
supplier_training,mid,endogenous,30,571413,0.5333,73.8628
supplier_training,mid,endogenous,31,439899,0.7333,85.4585
supplier_training,mid,endogenous,32,231149,0.7,71.1796
supplier_training,mid,endogenous,33,471030,0.7,78.0259
supplier_training,mid,endogenous,34,617890,0.9667,90.0668
supplier_training,mid,endogenous,35,291705,0.4667,63.9625
supplier_training,mid,endogenous,36,848750,0.8667,84.0324
supplier_training,mid,endogenous,37,911528,0.8,81.2116
supplier_training,mid,endogenous,38,6815,0.8,84.3575
supplier_training,mid,endogenous,39,795668,0.8333,81.1591
supplier_training,mid,endogenous,40,844963,0.5667,76.0543
supplier_training,mid,endogenous,41,167415,0.9667,90.3632
supplier_training,mid,endogenous,42,732053,0.7667,84.2985
supplier_training,mid,endogenous,43,443144,0.6333,67.0494
supplier_training,mid,endogenous,44,356779,0.7,73.2192
supplier_training,mid,endogenous,45,291370,0.7667,88.3784
supplier_training,mid,endogenous,46,163033,0.5333,65.9684
supplier_training,mid,endogenous,47,225773,0.7,84.2233
supplier_training,mid,endogenous,48,800582,0.7333,74.1666
supplier_training,mid,endogenous,49,352945,0.7333,87.5432
supplier_training,mid,endogenous,50,107176,0.8,80.0456
supplier_training,mid,endogenous,51,97252,0.9,88.306
supplier_training,mid,endogenous,52,398383,0.7333,79.5944
supplier_training,mid,endogenous,53,101415,0.9667,90.907
supplier_training,mid,endogenous,54,376418,0.7,76.1757
supplier_training,mid,endogenous,55,888663,0.5,59.0709
supplier_training,mid,endogenous,56,360664,0.9667,89.9264
supplier_training,mid,endogenous,57,633053,0.8667,80.5244
supplier_training,mid,endogenous,58,277371,0.8667,82.7457
supplier_training,mid,endogenous,59,846336,0.9,85.9773
supplier_training,mid,endogenous,60,45562,0.8667,86.7649
supplier_training,mid,endogenous,61,765180,0.4333,56.6865
supplier_training,mid,endogenous,62,481742,0.7667,84.2555
supplier_training,mid,endogenous,63,562276,0.8667,80.7765
supplier_training,mid,endogenous,64,130890,0.5667,74.6593
supplier_training,mid,endogenous,65,967097,0.6667,81.844
supplier_training,mid,endogenous,66,396923,0.5333,59.7368
supplier_training,mid,endogenous,67,82628,0.8667,82.4892
supplier_training,mid,endogenous,68,578857,0.8,77.1666
supplier_training,mid,endogenous,69,307420,0.6,84.2916
supplier_training,mid,endogenous,70,869694,0.7,73.4058
supplier_training,mid,endogenous,71,659177,0.4667,74.2079
supplier_training,mid,endogenous,72,648565,0.5667,65.9697
supplier_training,mid,endogenous,73,928464,0.6,77.4596
supplier_training,mid,endogenous,74,903566,0.9667,93.2845
supplier_training,mid,endogenous,75,379202,0.2333,50.7671
supplier_training,mid,endogenous,76,605398,0.8667,89.7675
supplier_training,mid,endogenous,77,201630,0.9333,87.3889
supplier_training,mid,endogenous,78,738798,0.8,80.7305
supplier_training,mid,endogenous,79,72934,0.7667,81.6064
supplier_training,mid,endogenous,80,48051,0.5333,72.5693
supplier_training,mid,endogenous,81,693385,0.8,83.4902
supplier_training,mid,endogenous,82,238969,0.8333,88.0857
supplier_training,mid,endogenous,83,810621,0.5333,62.0568
supplier_training,mid,endogenous,84,303446,0.7667,75.7049
supplier_training,mid,endogenous,85,83668,0.6,84.7934
supplier_training,mid,endogenous,86,896866,0.7333,81.9696
supplier_training,mid,endogenous,87,244099,0.7667,83.451
supplier_training,mid,endogenous,88,908574,0.7667,77.9635
supplier_training,mid,endogenous,89,105908,0.7333,83.7325
supplier_training,mid,endogenous,90,398592,0.8333,85.5862
supplier_training,mid,endogenous,91,291477,0.9,86.7346
supplier_training,mid,endogenous,92,475436,0.6,67.823
supplier_training,mid,endogenous,93,666564,0.9333,90.92
supplier_training,mid,endogenous,94,874629,0.7,77.457
supplier_training,mid,endogenous,95,382555,0.8,78.1465
supplier_training,mid,endogenous,96,170556,0.7,73.997
supplier_training,mid,endogenous,97,388163,0.8,82.7375
supplier_training,mid,endogenous,98,372529,0.5667,82.8854
supplier_training,mid,endogenous,99,219685,0.9333,85.8082
supplier_training,mid,endogenous,100,702730,0.5333,73.5303
supplier_training,mid,endogenous,101,279947,0.5333,64.1718
supplier_training,mid,endogenous,102,735912,0.6,62.4672
supplier_training,mid,endogenous,103,982154,0.6667,80.776
supplier_training,mid,endogenous,104,716752,0.7,77.2425
supplier_training,mid,endogenous,105,679515,0.5,63.2194
supplier_training,mid,endogenous,106,74871,0.8667,85.1128
supplier_training,mid,endogenous,107,638721,0.9333,88.5982
supplier_training,mid,endogenous,108,665823,0.9,82.219
supplier_training,mid,endogenous,109,179452,0.3333,66.5141
supplier_training,mid,endogenous,110,560087,0.4667,60.9099
supplier_training,mid,endogenous,111,764545,0.9333,84.6924
supplier_training,mid,endogenous,112,256703,0.9333,86.5758
supplier_training,mid,endogenous,113,171340,0.6333,73.8753
supplier_training,mid,endogenous,114,484715,0.6333,78.5738
supplier_training,mid,endogenous,115,397888,0.7667,78.3767
supplier_training,mid,endogenous,116,283061,0.4333,60.3935
supplier_training,mid,endogenous,117,970343,0.5667,78.1777
supplier_training,mid,endogenous,118,671089,0.5667,63.7431
supplier_training,mid,endogenous,119,721591,0.3,73.0269
supplier_training,mid,endogenous,120,584005,0.8,81.1672
supplier_training,mid,endogenous,121,230284,0.5667,59.5718
supplier_training,mid,endogenous,122,717871,0.6333,68.8919
supplier_training,mid,endogenous,123,340036,0.7667,88.641
supplier_training,mid,endogenous,124,883795,0.8333,88.5145
supplier_training,mid,endogenous,125,805636,0.9333,91.1891
supplier_training,mid,endogenous,126,813695,0.6333,76.9239
supplier_training,mid,endogenous,127,58656,0.2333,55.2484
supplier_training,mid,endogenous,128,240175,0.4667,73.6008
supplier_training,mid,endogenous,129,861723,0.6333,75.2117
supplier_training,mid,endogenous,130,33660,0.9333,87.3383
supplier_training,mid,endogenous,131,844152,0.7,69.142
supplier_training,mid,endogenous,132,330777,0.5333,72.6025
supplier_training,mid,endogenous,133,420652,0.5333,76.423
supplier_training,mid,endogenous,134,280747,0.8333,90.9822
supplier_training,mid,endogenous,135,69404,0.8333,86.6202
supplier_training,mid,endogenous,136,221232,0.7667,74.4719
supplier_training,mid,endogenous,137,957493,0.5667,62.5739
supplier_training,mid,endogenous,138,988713,0.8333,82.9817
supplier_training,mid,endogenous,139,594732,0.9667,93.3145
supplier_training,mid,endogenous,140,918939,0.6667,73.2716
supplier_training,mid,endogenous,141,752788,0.8667,89.7789
supplier_training,mid,endogenous,142,329964,0.8,80.9446
supplier_training,mid,endogenous,143,222956,0.7333,74.3643
supplier_training,mid,endogenous,144,687278,0.5667,65.9599
supplier_training,mid,endogenous,145,523482,0.9333,87.7234
supplier_training,mid,endogenous,146,414851,0.4,53.8608
supplier_training,mid,endogenous,147,927658,0.7667,78.9477
supplier_training,mid,endogenous,148,958973,0.9667,88.6652
supplier_training,mid,endogenous,149,674080,0.8333,87.7636
supplier_training,mid,endogenous,150,481142,0.8,83.959
supplier_training,mid,endogenous,151,149812,0.9667,88.4133
supplier_training,mid,endogenous,152,277747,0.4,61.5229
supplier_training,mid,endogenous,153,146414,0.6,69.2876
supplier_training,mid,endogenous,154,258608,1.0,93.3555
supplier_training,mid,endogenous,155,781178,0.8667,81.0109
supplier_training,mid,endogenous,156,588638,0.9,91.3914
supplier_training,mid,endogenous,157,565159,0.8333,85.4511
supplier_training,mid,endogenous,158,275505,0.8333,89.6057
supplier_training,mid,endogenous,159,783301,0.6,76.973
supplier_training,mid,endogenous,160,612983,0.8333,82.175
supplier_training,mid,endogenous,161,449246,0.8667,89.7089
supplier_training,mid,endogenous,162,941436,0.7333,78.3707
supplier_training,mid,endogenous,163,611879,0.8,81.1072
supplier_training,mid,endogenous,164,418802,0.7333,74.0541
supplier_training,mid,endogenous,165,379581,0.7667,88.4876
supplier_training,mid,endogenous,166,229975,0.9333,90.2708
supplier_training,mid,endogenous,167,145052,0.9,86.3317
supplier_training,mid,endogenous,168,534278,0.8667,86.4355
supplier_training,mid,endogenous,169,517489,0.7,82.059
supplier_training,mid,endogenous,170,95326,0.6667,74.456
supplier_training,mid,endogenous,171,792496,0.9,87.0959
supplier_training,mid,endogenous,172,49406,0.7333,75.95
supplier_training,mid,endogenous,173,902932,0.9,87.2767
supplier_training,mid,endogenous,174,114976,0.7333,73.9747
supplier_training,mid,endogenous,175,160266,0.9,91.5362
supplier_training,mid,endogenous,176,657925,0.5,58.5519
supplier_training,mid,endogenous,177,167754,0.9667,90.3632
supplier_training,mid,endogenous,178,830556,0.9333,88.9506
supplier_training,mid,endogenous,179,713537,0.6667,71.1112
supplier_training,mid,endogenous,180,442667,0.8333,83.4656
supplier_training,mid,endogenous,181,625381,0.6667,81.0314
supplier_training,mid,endogenous,182,66614,0.5667,84.9727
supplier_training,mid,endogenous,183,403458,0.9,90.249
supplier_training,mid,endogenous,184,400157,1.0,91.3604
supplier_training,mid,endogenous,185,624835,0.7333,77.331
supplier_training,mid,endogenous,186,490786,0.6333,72.9018
supplier_training,mid,endogenous,187,554817,0.5667,70.09
supplier_training,mid,endogenous,188,263627,0.8,82.4647
supplier_training,mid,endogenous,189,580100,0.4667,46.7093
supplier_training,mid,endogenous,190,902593,0.8,86.2529
supplier_training,mid,endogenous,191,988211,0.6,85.2633
supplier_training,mid,endogenous,192,12039,0.8667,83.2543
supplier_training,mid,endogenous,193,713329,1.0,93.1421
supplier_training,mid,endogenous,194,755732,0.7,73.8553
supplier_training,mid,endogenous,195,120117,0.7333,82.748
supplier_training,mid,endogenous,196,714826,0.6,71.4654
supplier_training,mid,endogenous,197,927768,0.3667,59.213
supplier_training,mid,endogenous,198,563055,0.3333,51.1461
supplier_training,mid,endogenous,199,787353,0.6,77.6231
supplier_training,mid,exogenous,0,670488,1.0,91.9716
supplier_training,mid,exogenous,1,116740,1.0,91.4693
supplier_training,mid,exogenous,2,26226,1.0,90.4981
supplier_training,mid,exogenous,3,777573,1.0,91.3958
supplier_training,mid,exogenous,4,288390,1.0,90.8753
supplier_training,mid,exogenous,5,256788,1.0,94.1996
supplier_training,mid,exogenous,6,234054,1.0,91.1929
supplier_training,mid,exogenous,7,146317,1.0,92.0666
supplier_training,mid,exogenous,8,772247,1.0,92.2256
supplier_training,mid,exogenous,9,107474,1.0,94.1584
supplier_training,mid,exogenous,10,709571,1.0,95.0004
supplier_training,mid,exogenous,11,776647,1.0,93.1215
supplier_training,mid,exogenous,12,935519,1.0,92.0099
supplier_training,mid,exogenous,13,571859,1.0,93.0481
supplier_training,mid,exogenous,14,91162,1.0,91.9501
supplier_training,mid,exogenous,15,619177,1.0,90.3692
supplier_training,mid,exogenous,16,442418,1.0,90.4488
supplier_training,mid,exogenous,17,33327,1.0,95.6959
supplier_training,mid,exogenous,18,31245,1.0,92.9906
supplier_training,mid,exogenous,19,98247,1.0,92.3365
supplier_training,mid,exogenous,20,229259,1.0,93.8432
supplier_training,mid,exogenous,21,243963,1.0,93.7926
supplier_training,mid,exogenous,22,529904,1.0,94.599
supplier_training,mid,exogenous,23,631263,1.0,93.5335
supplier_training,mid,exogenous,24,27825,1.0,91.1029
supplier_training,mid,exogenous,25,588509,1.0,91.8024
supplier_training,mid,exogenous,26,208497,1.0,91.245
supplier_training,mid,exogenous,27,750801,1.0,91.7687
supplier_training,mid,exogenous,28,681454,1.0,93.1358
supplier_training,mid,exogenous,29,735393,1.0,92.2091
supplier_training,mid,exogenous,30,571413,1.0,92.8777
supplier_training,mid,exogenous,31,439899,1.0,94.2998
supplier_training,mid,exogenous,32,231149,1.0,89.2693
supplier_training,mid,exogenous,33,471030,1.0,91.7405
supplier_training,mid,exogenous,34,617890,1.0,92.5862
supplier_training,mid,exogenous,35,291705,1.0,95.1504
supplier_training,mid,exogenous,36,848750,1.0,91.9607
supplier_training,mid,exogenous,37,911528,1.0,92.3565
supplier_training,mid,exogenous,38,6815,1.0,92.2893
supplier_training,mid,exogenous,39,795668,1.0,92.3459
supplier_training,mid,exogenous,40,844963,1.0,92.9278
supplier_training,mid,exogenous,41,167415,1.0,93.1917
supplier_training,mid,exogenous,42,732053,1.0,93.1758
supplier_training,mid,exogenous,43,443144,1.0,91.501
supplier_training,mid,exogenous,44,356779,1.0,89.6904
supplier_training,mid,exogenous,45,291370,1.0,91.348
supplier_training,mid,exogenous,46,163033,1.0,93.7569
supplier_training,mid,exogenous,47,225773,1.0,91.1742
supplier_training,mid,exogenous,48,800582,1.0,92.5739
supplier_training,mid,exogenous,49,352945,1.0,93.2275
supplier_training,mid,exogenous,50,107176,1.0,92.0647
supplier_training,mid,exogenous,51,97252,1.0,91.2735
supplier_training,mid,exogenous,52,398383,1.0,92.2534
supplier_training,mid,exogenous,53,101415,1.0,91.031
supplier_training,mid,exogenous,54,376418,1.0,93.8657
supplier_training,mid,exogenous,55,888663,1.0,93.5014
supplier_training,mid,exogenous,56,360664,1.0,90.9955
supplier_training,mid,exogenous,57,633053,1.0,90.1757
supplier_training,mid,exogenous,58,277371,1.0,91.0775
supplier_training,mid,exogenous,59,846336,1.0,92.7625
supplier_training,mid,exogenous,60,45562,1.0,92.9447
supplier_training,mid,exogenous,61,765180,1.0,91.2661
supplier_training,mid,exogenous,62,481742,1.0,91.921
supplier_training,mid,exogenous,63,562276,1.0,90.4936
supplier_training,mid,exogenous,64,130890,1.0,92.7902
supplier_training,mid,exogenous,65,967097,1.0,93.1426
supplier_training,mid,exogenous,66,396923,1.0,90.7769
supplier_training,mid,exogenous,67,82628,1.0,91.6498
supplier_training,mid,exogenous,68,578857,1.0,91.426
supplier_training,mid,exogenous,69,307420,1.0,91.7998
supplier_training,mid,exogenous,70,869694,1.0,92.6716
supplier_training,mid,exogenous,71,659177,1.0,90.7054
supplier_training,mid,exogenous,72,648565,1.0,92.0928
supplier_training,mid,exogenous,73,928464,1.0,91.9966
supplier_training,mid,exogenous,74,903566,1.0,93.4498
supplier_training,mid,exogenous,75,379202,1.0,93.9426
supplier_training,mid,exogenous,76,605398,1.0,91.093
supplier_training,mid,exogenous,77,201630,1.0,90.2275
supplier_training,mid,exogenous,78,738798,1.0,90.4166
supplier_training,mid,exogenous,79,72934,1.0,91.9753
supplier_training,mid,exogenous,80,48051,1.0,93.5588
supplier_training,mid,exogenous,81,693385,1.0,90.1978
supplier_training,mid,exogenous,82,238969,1.0,94.4559
supplier_training,mid,exogenous,83,810621,1.0,91.7424
supplier_training,mid,exogenous,84,303446,1.0,92.0891
supplier_training,mid,exogenous,85,83668,1.0,93.6654
supplier_training,mid,exogenous,86,896866,1.0,90.5465
supplier_training,mid,exogenous,87,244099,1.0,92.1851
supplier_training,mid,exogenous,88,908574,1.0,91.8375
supplier_training,mid,exogenous,89,105908,1.0,92.5892
supplier_training,mid,exogenous,90,398592,1.0,92.9213
supplier_training,mid,exogenous,91,291477,1.0,92.0626
supplier_training,mid,exogenous,92,475436,1.0,92.9202
supplier_training,mid,exogenous,93,666564,1.0,93.3851
supplier_training,mid,exogenous,94,874629,1.0,94.5698
supplier_training,mid,exogenous,95,382555,1.0,91.9987
supplier_training,mid,exogenous,96,170556,1.0,92.7448
supplier_training,mid,exogenous,97,388163,1.0,90.7979
supplier_training,mid,exogenous,98,372529,1.0,93.1341
supplier_training,mid,exogenous,99,219685,1.0,91.2054
supplier_training,mid,exogenous,100,702730,1.0,92.2409
supplier_training,mid,exogenous,101,279947,1.0,91.2794
supplier_training,mid,exogenous,102,735912,1.0,91.4182
supplier_training,mid,exogenous,103,982154,1.0,93.9305
supplier_training,mid,exogenous,104,716752,1.0,92.2331
supplier_training,mid,exogenous,105,679515,1.0,91.9692
supplier_training,mid,exogenous,106,74871,1.0,93.9628
supplier_training,mid,exogenous,107,638721,1.0,93.4287
supplier_training,mid,exogenous,108,665823,1.0,90.9783
supplier_training,mid,exogenous,109,179452,1.0,92.1474
supplier_training,mid,exogenous,110,560087,1.0,94.2636
supplier_training,mid,exogenous,111,764545,1.0,89.7662
supplier_training,mid,exogenous,112,256703,1.0,91.4991
supplier_training,mid,exogenous,113,171340,1.0,92.3872
supplier_training,mid,exogenous,114,484715,1.0,92.7968
supplier_training,mid,exogenous,115,397888,1.0,92.8414
supplier_training,mid,exogenous,116,283061,1.0,93.2291
supplier_training,mid,exogenous,117,970343,1.0,91.7736
supplier_training,mid,exogenous,118,671089,1.0,92.1302
supplier_training,mid,exogenous,119,721591,1.0,91.0736
supplier_training,mid,exogenous,120,584005,1.0,93.0553
supplier_training,mid,exogenous,121,230284,1.0,91.2012
supplier_training,mid,exogenous,122,717871,1.0,93.5659
supplier_training,mid,exogenous,123,340036,1.0,91.1965
supplier_training,mid,exogenous,124,883795,1.0,92.1616
supplier_training,mid,exogenous,125,805636,1.0,93.1808
supplier_training,mid,exogenous,126,813695,1.0,92.4666
supplier_training,mid,exogenous,127,58656,1.0,92.7281
supplier_training,mid,exogenous,128,240175,1.0,92.7845
supplier_training,mid,exogenous,129,861723,1.0,92.2075
supplier_training,mid,exogenous,130,33660,1.0,92.8594
supplier_training,mid,exogenous,131,844152,1.0,92.9429
supplier_training,mid,exogenous,132,330777,1.0,92.0365
supplier_training,mid,exogenous,133,420652,1.0,93.3481
supplier_training,mid,exogenous,134,280747,1.0,92.4878
supplier_training,mid,exogenous,135,69404,1.0,93.6667
supplier_training,mid,exogenous,136,221232,1.0,91.7163
supplier_training,mid,exogenous,137,957493,1.0,92.3144
supplier_training,mid,exogenous,138,988713,1.0,92.5664
supplier_training,mid,exogenous,139,594732,1.0,93.2639
supplier_training,mid,exogenous,140,918939,1.0,93.6964
supplier_training,mid,exogenous,141,752788,1.0,93.5181
supplier_training,mid,exogenous,142,329964,1.0,90.9736
supplier_training,mid,exogenous,143,222956,1.0,93.4025
supplier_training,mid,exogenous,144,687278,1.0,92.8598
supplier_training,mid,exogenous,145,523482,1.0,92.0886
supplier_training,mid,exogenous,146,414851,1.0,92.435
supplier_training,mid,exogenous,147,927658,1.0,90.632
supplier_training,mid,exogenous,148,958973,1.0,91.7285
supplier_training,mid,exogenous,149,674080,1.0,92.7157
supplier_training,mid,exogenous,150,481142,1.0,92.3758
supplier_training,mid,exogenous,151,149812,1.0,91.2409
supplier_training,mid,exogenous,152,277747,1.0,90.8206
supplier_training,mid,exogenous,153,146414,1.0,91.9429
supplier_training,mid,exogenous,154,258608,1.0,93.3503
supplier_training,mid,exogenous,155,781178,1.0,90.4737
supplier_training,mid,exogenous,156,588638,1.0,94.0186
supplier_training,mid,exogenous,157,565159,1.0,92.2375
supplier_training,mid,exogenous,158,275505,1.0,93.0372
supplier_training,mid,exogenous,159,783301,1.0,92.96
supplier_training,mid,exogenous,160,612983,1.0,92.1183
supplier_training,mid,exogenous,161,449246,1.0,93.7814
supplier_training,mid,exogenous,162,941436,1.0,91.2892
supplier_training,mid,exogenous,163,611879,1.0,92.1502
supplier_training,mid,exogenous,164,418802,1.0,93.2095
supplier_training,mid,exogenous,165,379581,1.0,92.6477
supplier_training,mid,exogenous,166,229975,1.0,94.1288
supplier_training,mid,exogenous,167,145052,1.0,91.0818
supplier_training,mid,exogenous,168,534278,1.0,92.4847
supplier_training,mid,exogenous,169,517489,1.0,94.0526
supplier_training,mid,exogenous,170,95326,1.0,92.7699
supplier_training,mid,exogenous,171,792496,1.0,89.6478
supplier_training,mid,exogenous,172,49406,1.0,92.1817
supplier_training,mid,exogenous,173,902932,1.0,90.8742
supplier_training,mid,exogenous,174,114976,1.0,92.3001
supplier_training,mid,exogenous,175,160266,1.0,91.9139
supplier_training,mid,exogenous,176,657925,1.0,94.0901
supplier_training,mid,exogenous,177,167754,1.0,93.4724
supplier_training,mid,exogenous,178,830556,1.0,93.4856
supplier_training,mid,exogenous,179,713537,1.0,91.3947
supplier_training,mid,exogenous,180,442667,1.0,92.8909
supplier_training,mid,exogenous,181,625381,1.0,91.9111
supplier_training,mid,exogenous,182,66614,1.0,92.0636
supplier_training,mid,exogenous,183,403458,1.0,91.358
supplier_training,mid,exogenous,184,400157,1.0,91.4377
supplier_training,mid,exogenous,185,624835,1.0,91.7451
supplier_training,mid,exogenous,186,490786,1.0,91.8914
supplier_training,mid,exogenous,187,554817,1.0,93.6679
supplier_training,mid,exogenous,188,263627,1.0,92.115
supplier_training,mid,exogenous,189,580100,1.0,91.8316
supplier_training,mid,exogenous,190,902593,1.0,91.7501
supplier_training,mid,exogenous,191,988211,1.0,92.6022
supplier_training,mid,exogenous,192,12039,1.0,92.2466
supplier_training,mid,exogenous,193,713329,1.0,92.9573
supplier_training,mid,exogenous,194,755732,1.0,94.0236
supplier_training,mid,exogenous,195,120117,1.0,92.4685
supplier_training,mid,exogenous,196,714826,1.0,92.8986
supplier_training,mid,exogenous,197,927768,1.0,93.5695
supplier_training,mid,exogenous,198,563055,1.0,92.8266
supplier_training,mid,exogenous,199,787353,1.0,90.2994
cumulative_policy,mid,endogenous,0,670488,0.5333,87.3374
cumulative_policy,mid,endogenous,1,116740,0.8,102.0964
cumulative_policy,mid,endogenous,2,26226,0.9,114.261
cumulative_policy,mid,endogenous,3,777573,0.9667,117.0218
cumulative_policy,mid,endogenous,4,288390,0.8333,113.7568
cumulative_policy,mid,endogenous,5,256788,0.5,77.2916
cumulative_policy,mid,endogenous,6,234054,0.5,76.0636
cumulative_policy,mid,endogenous,7,146317,0.7667,107.7349
cumulative_policy,mid,endogenous,8,772247,0.6667,99.9127
cumulative_policy,mid,endogenous,9,107474,0.8,115.4362
cumulative_policy,mid,endogenous,10,709571,0.6,91.6947
cumulative_policy,mid,endogenous,11,776647,0.8333,111.9722
cumulative_policy,mid,endogenous,12,935519,0.8,107.9506
cumulative_policy,mid,endogenous,13,571859,0.8333,105.0583
cumulative_policy,mid,endogenous,14,91162,0.4,55.2268
cumulative_policy,mid,endogenous,15,619177,0.4333,107.6935
cumulative_policy,mid,endogenous,16,442418,0.9667,122.51
cumulative_policy,mid,endogenous,17,33327,0.9,111.3071
cumulative_policy,mid,endogenous,18,31245,0.9333,116.9619
cumulative_policy,mid,endogenous,19,98247,0.9333,114.7938
cumulative_policy,mid,endogenous,20,229259,0.9667,114.2264
cumulative_policy,mid,endogenous,21,243963,0.7667,107.1994
cumulative_policy,mid,endogenous,22,529904,0.6667,98.668
cumulative_policy,mid,endogenous,23,631263,0.4667,87.2178
cumulative_policy,mid,endogenous,24,27825,0.8333,104.3543
cumulative_policy,mid,endogenous,25,588509,0.8333,111.7363
cumulative_policy,mid,endogenous,26,208497,0.6333,107.0364
cumulative_policy,mid,endogenous,27,750801,0.7333,101.6325
cumulative_policy,mid,endogenous,28,681454,0.6667,104.2016
cumulative_policy,mid,endogenous,29,735393,0.4667,88.9309
cumulative_policy,mid,endogenous,30,571413,0.7,110.0518
cumulative_policy,mid,endogenous,31,439899,0.6333,103.9715
cumulative_policy,mid,endogenous,32,231149,0.7,102.7337
cumulative_policy,mid,endogenous,33,471030,0.6,90.822
cumulative_policy,mid,endogenous,34,617890,0.9667,116.472
cumulative_policy,mid,endogenous,35,291705,0.4,76.4944
cumulative_policy,mid,endogenous,36,848750,0.7,106.6784
cumulative_policy,mid,endogenous,37,911528,0.7667,112.5542
cumulative_policy,mid,endogenous,38,6815,0.7333,105.428
cumulative_policy,mid,endogenous,39,795668,0.8667,108.1509
cumulative_policy,mid,endogenous,40,844963,0.8333,105.3858
cumulative_policy,mid,endogenous,41,167415,0.8667,105.884
cumulative_policy,mid,endogenous,42,732053,0.8667,109.8675
cumulative_policy,mid,endogenous,43,443144,0.6333,99.1095
cumulative_policy,mid,endogenous,44,356779,0.8333,104.5648
cumulative_policy,mid,endogenous,45,291370,0.7667,118.0287
cumulative_policy,mid,endogenous,46,163033,0.6,101.9367
cumulative_policy,mid,endogenous,47,225773,0.6667,111.6303
cumulative_policy,mid,endogenous,48,800582,0.9333,116.1585
cumulative_policy,mid,endogenous,49,352945,0.8,113.0256
cumulative_policy,mid,endogenous,50,107176,0.8,105.982
cumulative_policy,mid,endogenous,51,97252,0.8,113.2082
cumulative_policy,mid,endogenous,52,398383,0.7667,98.6263
cumulative_policy,mid,endogenous,53,101415,0.9667,117.2934
cumulative_policy,mid,endogenous,54,376418,0.7333,104.1657
cumulative_policy,mid,endogenous,55,888663,0.5333,92.2921
cumulative_policy,mid,endogenous,56,360664,0.9667,119.1581
cumulative_policy,mid,endogenous,57,633053,0.3667,67.5609
cumulative_policy,mid,endogenous,58,277371,0.8667,113.8968
cumulative_policy,mid,endogenous,59,846336,0.9333,115.922
cumulative_policy,mid,endogenous,60,45562,0.8,107.211
cumulative_policy,mid,endogenous,61,765180,0.5333,82.109
cumulative_policy,mid,endogenous,62,481742,0.6667,103.4152
cumulative_policy,mid,endogenous,63,562276,0.7667,96.4798
cumulative_policy,mid,endogenous,64,130890,0.7333,107.9653
cumulative_policy,mid,endogenous,65,967097,0.7667,105.2706
cumulative_policy,mid,endogenous,66,396923,0.5333,83.6545
cumulative_policy,mid,endogenous,67,82628,0.9,113.1583
cumulative_policy,mid,endogenous,68,578857,0.8,102.7877
cumulative_policy,mid,endogenous,69,307420,0.5,101.2425
cumulative_policy,mid,endogenous,70,869694,0.7,91.752
cumulative_policy,mid,endogenous,71,659177,0.6667,94.7805
cumulative_policy,mid,endogenous,72,648565,0.6667,99.0184
cumulative_policy,mid,endogenous,73,928464,0.6667,105.8277
cumulative_policy,mid,endogenous,74,903566,0.9333,118.0654
cumulative_policy,mid,endogenous,75,379202,0.4,68.9813
cumulative_policy,mid,endogenous,76,605398,0.9667,120.5513
cumulative_policy,mid,endogenous,77,201630,0.9,113.6323
cumulative_policy,mid,endogenous,78,738798,0.6,95.1098
cumulative_policy,mid,endogenous,79,72934,0.8,109.2606
cumulative_policy,mid,endogenous,80,48051,0.5667,93.8679
cumulative_policy,mid,endogenous,81,693385,0.8667,114.4329
cumulative_policy,mid,endogenous,82,238969,0.9,116.5612
cumulative_policy,mid,endogenous,83,810621,0.5667,80.0914
cumulative_policy,mid,endogenous,84,303446,0.5,78.7371
cumulative_policy,mid,endogenous,85,83668,0.6,104.6268
cumulative_policy,mid,endogenous,86,896866,0.7,104.1437
cumulative_policy,mid,endogenous,87,244099,0.8667,118.3567
cumulative_policy,mid,endogenous,88,908574,0.8333,114.5141
cumulative_policy,mid,endogenous,89,105908,0.7667,110.8272
cumulative_policy,mid,endogenous,90,398592,0.7667,109.9608
cumulative_policy,mid,endogenous,91,291477,0.9667,119.8647
cumulative_policy,mid,endogenous,92,475436,0.3667,70.3508
cumulative_policy,mid,endogenous,93,666564,0.9333,120.8468
cumulative_policy,mid,endogenous,94,874629,0.4333,69.6718
cumulative_policy,mid,endogenous,95,382555,0.8,101.3879
cumulative_policy,mid,endogenous,96,170556,0.7,96.791
cumulative_policy,mid,endogenous,97,388163,0.8,104.1467
cumulative_policy,mid,endogenous,98,372529,0.5667,109.2834
cumulative_policy,mid,endogenous,99,219685,0.9333,116.436
cumulative_policy,mid,endogenous,100,702730,0.7,104.6635
cumulative_policy,mid,endogenous,101,279947,0.8,103.2498
cumulative_policy,mid,endogenous,102,735912,0.6667,90.0948
cumulative_policy,mid,endogenous,103,982154,0.8333,109.8038
cumulative_policy,mid,endogenous,104,716752,0.5667,91.8257
cumulative_policy,mid,endogenous,105,679515,0.5667,85.8968
cumulative_policy,mid,endogenous,106,74871,0.9333,114.4602
cumulative_policy,mid,endogenous,107,638721,0.9333,113.7215
cumulative_policy,mid,endogenous,108,665823,0.8667,102.6747
cumulative_policy,mid,endogenous,109,179452,0.5333,88.3232
cumulative_policy,mid,endogenous,110,560087,0.2333,52.8809
cumulative_policy,mid,endogenous,111,764545,0.9333,115.5518
cumulative_policy,mid,endogenous,112,256703,0.9333,111.2404
cumulative_policy,mid,endogenous,113,171340,0.5333,85.1916
cumulative_policy,mid,endogenous,114,484715,0.7,110.082
cumulative_policy,mid,endogenous,115,397888,0.5667,96.4222
cumulative_policy,mid,endogenous,116,283061,0.4333,77.5436
cumulative_policy,mid,endogenous,117,970343,0.3667,97.9372
cumulative_policy,mid,endogenous,118,671089,0.6333,87.1055
cumulative_policy,mid,endogenous,119,721591,0.5,72.7502
cumulative_policy,mid,endogenous,120,584005,0.5,81.7034
cumulative_policy,mid,endogenous,121,230284,0.8333,103.5347
cumulative_policy,mid,endogenous,122,717871,0.7333,97.5051
cumulative_policy,mid,endogenous,123,340036,0.7333,117.333
cumulative_policy,mid,endogenous,124,883795,0.9333,120.6921
cumulative_policy,mid,endogenous,125,805636,0.9333,114.2299
cumulative_policy,mid,endogenous,126,813695,0.6,93.5602
cumulative_policy,mid,endogenous,127,58656,0.6333,92.6521
cumulative_policy,mid,endogenous,128,240175,0.4333,100.4664
cumulative_policy,mid,endogenous,129,861723,0.5333,89.7656
cumulative_policy,mid,endogenous,130,33660,0.8667,104.2277
cumulative_policy,mid,endogenous,131,844152,0.6333,85.1224
cumulative_policy,mid,endogenous,132,330777,0.8667,113.5162
cumulative_policy,mid,endogenous,133,420652,0.4667,96.0644
cumulative_policy,mid,endogenous,134,280747,0.8,119.138
cumulative_policy,mid,endogenous,135,69404,0.8667,113.724
cumulative_policy,mid,endogenous,136,221232,0.6333,90.8636
cumulative_policy,mid,endogenous,137,957493,0.4667,69.5492
cumulative_policy,mid,endogenous,138,988713,0.8333,107.097
cumulative_policy,mid,endogenous,139,594732,0.9667,120.3718
cumulative_policy,mid,endogenous,140,918939,0.8,112.8657
cumulative_policy,mid,endogenous,141,752788,0.8667,116.8645
cumulative_policy,mid,endogenous,142,329964,0.7667,103.1267
cumulative_policy,mid,endogenous,143,222956,0.8333,103.5092
cumulative_policy,mid,endogenous,144,687278,0.6333,85.1018
cumulative_policy,mid,endogenous,145,523482,0.9333,114.5178
cumulative_policy,mid,endogenous,146,414851,0.7,92.0906
cumulative_policy,mid,endogenous,147,927658,0.6333,104.1433
cumulative_policy,mid,endogenous,148,958973,0.9667,114.0571
cumulative_policy,mid,endogenous,149,674080,0.5333,107.1913
cumulative_policy,mid,endogenous,150,481142,0.7333,105.5221
cumulative_policy,mid,endogenous,151,149812,0.9333,114.9984
cumulative_policy,mid,endogenous,152,277747,0.7,104.1437
cumulative_policy,mid,endogenous,153,146414,0.6,91.7282
cumulative_policy,mid,endogenous,154,258608,1.0,126.2806
cumulative_policy,mid,endogenous,155,781178,0.9,111.5651
cumulative_policy,mid,endogenous,156,588638,0.8,105.8917
cumulative_policy,mid,endogenous,157,565159,0.9,110.8773
cumulative_policy,mid,endogenous,158,275505,0.6333,111.1352
cumulative_policy,mid,endogenous,159,783301,0.6,100.3731
cumulative_policy,mid,endogenous,160,612983,0.8333,109.0359
cumulative_policy,mid,endogenous,161,449246,0.8,113.393
cumulative_policy,mid,endogenous,162,941436,0.5667,86.4219
cumulative_policy,mid,endogenous,163,611879,0.6333,93.2269
cumulative_policy,mid,endogenous,164,418802,0.8667,110.1792
cumulative_policy,mid,endogenous,165,379581,0.8333,115.902
cumulative_policy,mid,endogenous,166,229975,0.7333,95.55
cumulative_policy,mid,endogenous,167,145052,0.8333,109.3235
cumulative_policy,mid,endogenous,168,534278,0.8667,113.4423
cumulative_policy,mid,endogenous,169,517489,0.4667,91.7892
cumulative_policy,mid,endogenous,170,95326,0.6,91.3968
cumulative_policy,mid,endogenous,171,792496,0.9,115.3298
cumulative_policy,mid,endogenous,172,49406,0.6667,95.7197
cumulative_policy,mid,endogenous,173,902932,0.9,118.0135
cumulative_policy,mid,endogenous,174,114976,0.7333,98.3645
cumulative_policy,mid,endogenous,175,160266,0.9333,119.7828
cumulative_policy,mid,endogenous,176,657925,0.5667,82.5589
cumulative_policy,mid,endogenous,177,167754,0.9667,116.4871
cumulative_policy,mid,endogenous,178,830556,0.9,111.4052
cumulative_policy,mid,endogenous,179,713537,0.6667,97.7495
cumulative_policy,mid,endogenous,180,442667,0.7333,100.9958
cumulative_policy,mid,endogenous,181,625381,0.7667,114.1617
cumulative_policy,mid,endogenous,182,66614,0.8,117.2656
cumulative_policy,mid,endogenous,183,403458,0.9,118.814
cumulative_policy,mid,endogenous,184,400157,1.0,121.5709
cumulative_policy,mid,endogenous,185,624835,0.6667,102.5564
cumulative_policy,mid,endogenous,186,490786,0.6,91.722
cumulative_policy,mid,endogenous,187,554817,0.6,90.9584
cumulative_policy,mid,endogenous,188,263627,0.8333,112.0954
cumulative_policy,mid,endogenous,189,580100,0.8667,105.4501
cumulative_policy,mid,endogenous,190,902593,0.7667,112.4216
cumulative_policy,mid,endogenous,191,988211,0.5,108.7865
cumulative_policy,mid,endogenous,192,12039,0.9333,115.6474
cumulative_policy,mid,endogenous,193,713329,1.0,121.1497
cumulative_policy,mid,endogenous,194,755732,0.6,88.0652
cumulative_policy,mid,endogenous,195,120117,0.6333,108.6209
cumulative_policy,mid,endogenous,196,714826,0.7333,100.8251
cumulative_policy,mid,endogenous,197,927768,0.3667,81.9835
cumulative_policy,mid,endogenous,198,563055,0.6333,88.3755
cumulative_policy,mid,endogenous,199,787353,0.8333,114.5542
cumulative_policy,mid,exogenous,0,670488,1.0,121.5646
cumulative_policy,mid,exogenous,1,116740,1.0,121.8744
cumulative_policy,mid,exogenous,2,26226,1.0,120.38
cumulative_policy,mid,exogenous,3,777573,1.0,119.6568
cumulative_policy,mid,exogenous,4,288390,1.0,121.6311
cumulative_policy,mid,exogenous,5,256788,1.0,121.5027
cumulative_policy,mid,exogenous,6,234054,1.0,120.9882
cumulative_policy,mid,exogenous,7,146317,1.0,124.136
cumulative_policy,mid,exogenous,8,772247,1.0,119.2877
cumulative_policy,mid,exogenous,9,107474,1.0,120.5551
cumulative_policy,mid,exogenous,10,709571,1.0,121.762
cumulative_policy,mid,exogenous,11,776647,1.0,120.5239
cumulative_policy,mid,exogenous,12,935519,1.0,119.9019
cumulative_policy,mid,exogenous,13,571859,1.0,118.6205
cumulative_policy,mid,exogenous,14,91162,1.0,117.8876
cumulative_policy,mid,exogenous,15,619177,1.0,117.3622
cumulative_policy,mid,exogenous,16,442418,1.0,122.9877
cumulative_policy,mid,exogenous,17,33327,1.0,118.5331
cumulative_policy,mid,exogenous,18,31245,1.0,122.7829
cumulative_policy,mid,exogenous,19,98247,1.0,121.4069
cumulative_policy,mid,exogenous,20,229259,1.0,117.8526
cumulative_policy,mid,exogenous,21,243963,1.0,118.4356
cumulative_policy,mid,exogenous,22,529904,1.0,120.0109
cumulative_policy,mid,exogenous,23,631263,1.0,122.8256
cumulative_policy,mid,exogenous,24,27825,1.0,114.8867
cumulative_policy,mid,exogenous,25,588509,1.0,121.2511
cumulative_policy,mid,exogenous,26,208497,1.0,118.1414
cumulative_policy,mid,exogenous,27,750801,1.0,121.5986
cumulative_policy,mid,exogenous,28,681454,1.0,118.747
cumulative_policy,mid,exogenous,29,735393,1.0,121.9948
cumulative_policy,mid,exogenous,30,571413,1.0,116.6834
cumulative_policy,mid,exogenous,31,439899,1.0,122.8526
cumulative_policy,mid,exogenous,32,231149,1.0,116.1836
cumulative_policy,mid,exogenous,33,471030,1.0,118.1383
cumulative_policy,mid,exogenous,34,617890,1.0,119.6101
cumulative_policy,mid,exogenous,35,291705,1.0,125.0316
cumulative_policy,mid,exogenous,36,848750,1.0,120.0293
cumulative_policy,mid,exogenous,37,911528,1.0,121.5698
cumulative_policy,mid,exogenous,38,6815,1.0,119.5044
cumulative_policy,mid,exogenous,39,795668,1.0,120.0956
cumulative_policy,mid,exogenous,40,844963,1.0,118.8795
cumulative_policy,mid,exogenous,41,167415,1.0,121.0394
cumulative_policy,mid,exogenous,42,732053,1.0,118.4798
cumulative_policy,mid,exogenous,43,443144,1.0,119.3503
cumulative_policy,mid,exogenous,44,356779,1.0,118.5936
cumulative_policy,mid,exogenous,45,291370,1.0,119.9491
cumulative_policy,mid,exogenous,46,163033,1.0,119.2168
cumulative_policy,mid,exogenous,47,225773,1.0,120.3509
cumulative_policy,mid,exogenous,48,800582,1.0,122.7331
cumulative_policy,mid,exogenous,49,352945,1.0,118.713
cumulative_policy,mid,exogenous,50,107176,1.0,121.4939
cumulative_policy,mid,exogenous,51,97252,1.0,119.5018
cumulative_policy,mid,exogenous,52,398383,1.0,119.8999
cumulative_policy,mid,exogenous,53,101415,1.0,117.6141
cumulative_policy,mid,exogenous,54,376418,1.0,120.0798
cumulative_policy,mid,exogenous,55,888663,1.0,118.9356
cumulative_policy,mid,exogenous,56,360664,1.0,120.5204
cumulative_policy,mid,exogenous,57,633053,1.0,120.695
cumulative_policy,mid,exogenous,58,277371,1.0,121.6089
cumulative_policy,mid,exogenous,59,846336,1.0,122.0125
cumulative_policy,mid,exogenous,60,45562,1.0,118.5863
cumulative_policy,mid,exogenous,61,765180,1.0,120.0617
cumulative_policy,mid,exogenous,62,481742,1.0,119.9703
cumulative_policy,mid,exogenous,63,562276,1.0,116.6152
cumulative_policy,mid,exogenous,64,130890,1.0,117.9981
cumulative_policy,mid,exogenous,65,967097,1.0,120.9149
cumulative_policy,mid,exogenous,66,396923,1.0,121.0305
cumulative_policy,mid,exogenous,67,82628,1.0,121.7895
cumulative_policy,mid,exogenous,68,578857,1.0,120.4472
cumulative_policy,mid,exogenous,69,307420,1.0,120.8488
cumulative_policy,mid,exogenous,70,869694,1.0,122.1205
cumulative_policy,mid,exogenous,71,659177,1.0,119.8678
cumulative_policy,mid,exogenous,72,648565,1.0,119.4299
cumulative_policy,mid,exogenous,73,928464,1.0,119.8584
cumulative_policy,mid,exogenous,74,903566,1.0,118.1241
cumulative_policy,mid,exogenous,75,379202,1.0,120.9667
cumulative_policy,mid,exogenous,76,605398,1.0,121.3068
cumulative_policy,mid,exogenous,77,201630,1.0,118.0653
cumulative_policy,mid,exogenous,78,738798,1.0,117.2649
cumulative_policy,mid,exogenous,79,72934,1.0,121.9041
cumulative_policy,mid,exogenous,80,48051,1.0,120.153
cumulative_policy,mid,exogenous,81,693385,1.0,120.8484
cumulative_policy,mid,exogenous,82,238969,1.0,121.9773
cumulative_policy,mid,exogenous,83,810621,1.0,116.6076
cumulative_policy,mid,exogenous,84,303446,1.0,119.5257
cumulative_policy,mid,exogenous,85,83668,1.0,118.1947
cumulative_policy,mid,exogenous,86,896866,1.0,121.9734
cumulative_policy,mid,exogenous,87,244099,1.0,124.7195
cumulative_policy,mid,exogenous,88,908574,1.0,122.5147
cumulative_policy,mid,exogenous,89,105908,1.0,120.5901
cumulative_policy,mid,exogenous,90,398592,1.0,119.9033
cumulative_policy,mid,exogenous,91,291477,1.0,121.8508
cumulative_policy,mid,exogenous,92,475436,1.0,119.7761
cumulative_policy,mid,exogenous,93,666564,1.0,123.5988
cumulative_policy,mid,exogenous,94,874629,1.0,123.0475
cumulative_policy,mid,exogenous,95,382555,1.0,118.2626
cumulative_policy,mid,exogenous,96,170556,1.0,120.2225
cumulative_policy,mid,exogenous,97,388163,1.0,118.8723
cumulative_policy,mid,exogenous,98,372529,1.0,121.6008
cumulative_policy,mid,exogenous,99,219685,1.0,123.5139
cumulative_policy,mid,exogenous,100,702730,1.0,121.4057
cumulative_policy,mid,exogenous,101,279947,1.0,121.4583
cumulative_policy,mid,exogenous,102,735912,1.0,122.3303
cumulative_policy,mid,exogenous,103,982154,1.0,121.7376
cumulative_policy,mid,exogenous,104,716752,1.0,119.6444
cumulative_policy,mid,exogenous,105,679515,1.0,117.7971
cumulative_policy,mid,exogenous,106,74871,1.0,120.4894
cumulative_policy,mid,exogenous,107,638721,1.0,116.8842
cumulative_policy,mid,exogenous,108,665823,1.0,117.618
cumulative_policy,mid,exogenous,109,179452,1.0,120.8651
cumulative_policy,mid,exogenous,110,560087,1.0,122.5222
cumulative_policy,mid,exogenous,111,764545,1.0,122.3253
cumulative_policy,mid,exogenous,112,256703,1.0,116.853
cumulative_policy,mid,exogenous,113,171340,1.0,117.9482
cumulative_policy,mid,exogenous,114,484715,1.0,121.9419
cumulative_policy,mid,exogenous,115,397888,1.0,121.2659
cumulative_policy,mid,exogenous,116,283061,1.0,117.8096
cumulative_policy,mid,exogenous,117,970343,1.0,118.234
cumulative_policy,mid,exogenous,118,671089,1.0,119.6694
cumulative_policy,mid,exogenous,119,721591,1.0,117.6343
cumulative_policy,mid,exogenous,120,584005,1.0,119.3396
cumulative_policy,mid,exogenous,121,230284,1.0,118.2088
cumulative_policy,mid,exogenous,122,717871,1.0,121.211
cumulative_policy,mid,exogenous,123,340036,1.0,121.0032
cumulative_policy,mid,exogenous,124,883795,1.0,122.3454
cumulative_policy,mid,exogenous,125,805636,1.0,116.6187
cumulative_policy,mid,exogenous,126,813695,1.0,122.1745
cumulative_policy,mid,exogenous,127,58656,1.0,118.1206
cumulative_policy,mid,exogenous,128,240175,1.0,116.9407
cumulative_policy,mid,exogenous,129,861723,1.0,120.3535
cumulative_policy,mid,exogenous,130,33660,1.0,117.7402
cumulative_policy,mid,exogenous,131,844152,1.0,122.1556
cumulative_policy,mid,exogenous,132,330777,1.0,120.5392
cumulative_policy,mid,exogenous,133,420652,1.0,121.383
cumulative_policy,mid,exogenous,134,280747,1.0,120.9913
cumulative_policy,mid,exogenous,135,69404,1.0,116.7379
cumulative_policy,mid,exogenous,136,221232,1.0,119.4163
cumulative_policy,mid,exogenous,137,957493,1.0,117.2391
cumulative_policy,mid,exogenous,138,988713,1.0,119.3264
cumulative_policy,mid,exogenous,139,594732,1.0,120.4095
cumulative_policy,mid,exogenous,140,918939,1.0,124.3238
cumulative_policy,mid,exogenous,141,752788,1.0,121.4407
cumulative_policy,mid,exogenous,142,329964,1.0,120.8271
cumulative_policy,mid,exogenous,143,222956,1.0,118.4946
cumulative_policy,mid,exogenous,144,687278,1.0,118.1845
cumulative_policy,mid,exogenous,145,523482,1.0,120.2955
cumulative_policy,mid,exogenous,146,414851,1.0,118.9249
cumulative_policy,mid,exogenous,147,927658,1.0,120.5
cumulative_policy,mid,exogenous,148,958973,1.0,117.8374
cumulative_policy,mid,exogenous,149,674080,1.0,118.0759
cumulative_policy,mid,exogenous,150,481142,1.0,118.5863
cumulative_policy,mid,exogenous,151,149812,1.0,118.1599
cumulative_policy,mid,exogenous,152,277747,1.0,120.1031
cumulative_policy,mid,exogenous,153,146414,1.0,119.8046
cumulative_policy,mid,exogenous,154,258608,1.0,126.3548
cumulative_policy,mid,exogenous,155,781178,1.0,121.4759
cumulative_policy,mid,exogenous,156,588638,1.0,118.4277
cumulative_policy,mid,exogenous,157,565159,1.0,116.5755
cumulative_policy,mid,exogenous,158,275505,1.0,123.169
cumulative_policy,mid,exogenous,159,783301,1.0,120.4252
cumulative_policy,mid,exogenous,160,612983,1.0,121.3351
cumulative_policy,mid,exogenous,161,449246,1.0,119.9458
cumulative_policy,mid,exogenous,162,941436,1.0,120.0258
cumulative_policy,mid,exogenous,163,611879,1.0,121.1743
cumulative_policy,mid,exogenous,164,418802,1.0,121.1177
cumulative_policy,mid,exogenous,165,379581,1.0,120.8306
cumulative_policy,mid,exogenous,166,229975,1.0,118.8945
cumulative_policy,mid,exogenous,167,145052,1.0,120.0683
cumulative_policy,mid,exogenous,168,534278,1.0,120.9524
cumulative_policy,mid,exogenous,169,517489,1.0,120.5219
cumulative_policy,mid,exogenous,170,95326,1.0,119.5527
cumulative_policy,mid,exogenous,171,792496,1.0,118.5731
cumulative_policy,mid,exogenous,172,49406,1.0,119.5005
cumulative_policy,mid,exogenous,173,902932,1.0,123.4584
cumulative_policy,mid,exogenous,174,114976,1.0,120.1713
cumulative_policy,mid,exogenous,175,160266,1.0,120.0521
cumulative_policy,mid,exogenous,176,657925,1.0,122.8145
cumulative_policy,mid,exogenous,177,167754,1.0,120.3608
cumulative_policy,mid,exogenous,178,830556,1.0,118.7399
cumulative_policy,mid,exogenous,179,713537,1.0,121.8627
cumulative_policy,mid,exogenous,180,442667,1.0,123.5975
cumulative_policy,mid,exogenous,181,625381,1.0,123.9738
cumulative_policy,mid,exogenous,182,66614,1.0,122.229
cumulative_policy,mid,exogenous,183,403458,1.0,120.6116
cumulative_policy,mid,exogenous,184,400157,1.0,121.6305
cumulative_policy,mid,exogenous,185,624835,1.0,119.5314
cumulative_policy,mid,exogenous,186,490786,1.0,121.2259
cumulative_policy,mid,exogenous,187,554817,1.0,122.6406
cumulative_policy,mid,exogenous,188,263627,1.0,121.7559
cumulative_policy,mid,exogenous,189,580100,1.0,120.5192
cumulative_policy,mid,exogenous,190,902593,1.0,121.6296
cumulative_policy,mid,exogenous,191,988211,1.0,119.0285
cumulative_policy,mid,exogenous,192,12039,1.0,120.9661
cumulative_policy,mid,exogenous,193,713329,1.0,121.145
cumulative_policy,mid,exogenous,194,755732,1.0,122.7622
cumulative_policy,mid,exogenous,195,120117,1.0,124.1454
cumulative_policy,mid,exogenous,196,714826,1.0,121.5802
cumulative_policy,mid,exogenous,197,927768,1.0,120.0185
cumulative_policy,mid,exogenous,198,563055,1.0,121.676
cumulative_policy,mid,exogenous,199,787353,1.0,119.8976
baseline,high,endogenous,0,670488,0.1667,-5.8351
baseline,high,endogenous,1,116740,0.0667,-4.0085
baseline,high,endogenous,2,26226,0.1,-5.4263
baseline,high,endogenous,3,777573,0.2,-5.447
baseline,high,endogenous,4,288390,0.1,-6.1435
baseline,high,endogenous,5,256788,0.1,-0.7542
baseline,high,endogenous,6,234054,0.0333,-5.4596
baseline,high,endogenous,7,146317,0.1667,-4.3818
baseline,high,endogenous,8,772247,0.0667,-4.8632
baseline,high,endogenous,9,107474,0.2333,-0.0652
baseline,high,endogenous,10,709571,0.1667,1.5378
baseline,high,endogenous,11,776647,0.2,-3.2026
baseline,high,endogenous,12,935519,0.1333,-2.5431
baseline,high,endogenous,13,571859,0.1,-4.0369
baseline,high,endogenous,14,91162,0.1,-2.1153
baseline,high,endogenous,15,619177,0.1,-6.4668
baseline,high,endogenous,16,442418,0.2,-5.8068
baseline,high,endogenous,17,33327,0.2,2.5343
baseline,high,endogenous,18,31245,0.2,-2.6628
baseline,high,endogenous,19,98247,0.0333,-4.6092
baseline,high,endogenous,20,229259,0.1,-1.0446
baseline,high,endogenous,21,243963,0.1,-3.2101
baseline,high,endogenous,22,529904,0.1,-2.0719
baseline,high,endogenous,23,631263,0.1,-3.0073
baseline,high,endogenous,24,27825,0.0333,-4.7264
baseline,high,endogenous,25,588509,0.0667,-4.8687
baseline,high,endogenous,26,208497,0.1333,-4.3877
baseline,high,endogenous,27,750801,0.1667,-3.8225
baseline,high,endogenous,28,681454,0.1333,-2.5861
baseline,high,endogenous,29,735393,0.1333,-4.1152
baseline,high,endogenous,30,571413,0.0333,-2.5262
baseline,high,endogenous,31,439899,0.0333,-2.1223
baseline,high,endogenous,32,231149,0.0333,-5.6126
baseline,high,endogenous,33,471030,0.0333,-4.6484
baseline,high,endogenous,34,617890,0.1667,-4.0299
baseline,high,endogenous,35,291705,0.0333,-1.8103
baseline,high,endogenous,36,848750,0.2,-3.8727
baseline,high,endogenous,37,911528,0.2,-5.835
baseline,high,endogenous,38,6815,0.3,-2.7293
baseline,high,endogenous,39,795668,0.2333,-5.0298
baseline,high,endogenous,40,844963,0.1667,-4.5922
baseline,high,endogenous,41,167415,0.2,-2.1825
baseline,high,endogenous,42,732053,0.0667,-3.9443
baseline,high,endogenous,43,443144,0.1,-4.236
baseline,high,endogenous,44,356779,0.0667,-7.5272
baseline,high,endogenous,45,291370,0.1333,-4.7237
baseline,high,endogenous,46,163033,0.1333,-1.3974
baseline,high,endogenous,47,225773,0.2,-5.4202
baseline,high,endogenous,48,800582,0.1333,-4.9399
baseline,high,endogenous,49,352945,0.1,-2.2766
baseline,high,endogenous,50,107176,0.1,-4.8922
baseline,high,endogenous,51,97252,0.0667,-5.6626
baseline,high,endogenous,52,398383,0.1333,-3.4537
baseline,high,endogenous,53,101415,0.0667,-4.3271
baseline,high,endogenous,54,376418,0.1333,-1.2756
baseline,high,endogenous,55,888663,0.0667,-3.0763
baseline,high,endogenous,56,360664,0.0,-4.9766
baseline,high,endogenous,57,633053,0.0667,-5.0266
baseline,high,endogenous,58,277371,0.1667,-4.7712
baseline,high,endogenous,59,846336,0.0667,-2.4658
baseline,high,endogenous,60,45562,0.1333,-2.9841
baseline,high,endogenous,61,765180,0.0667,-4.3925
baseline,high,endogenous,62,481742,0.2333,-4.5251
baseline,high,endogenous,63,562276,0.1333,-5.1905
baseline,high,endogenous,64,130890,0.1667,-2.6145
baseline,high,endogenous,65,967097,0.3333,-1.9644
baseline,high,endogenous,66,396923,0.1,-5.5301
baseline,high,endogenous,67,82628,0.0667,-4.2675
baseline,high,endogenous,68,578857,0.1333,-5.2045
baseline,high,endogenous,69,307420,0.1667,-4.7123
baseline,high,endogenous,70,869694,0.0667,-3.2988
baseline,high,endogenous,71,659177,0.0667,-4.7649
baseline,high,endogenous,72,648565,0.1,-3.7382
baseline,high,endogenous,73,928464,0.1333,-4.5143
baseline,high,endogenous,74,903566,0.1333,-1.5132
baseline,high,endogenous,75,379202,0.1,-2.0562
baseline,high,endogenous,76,605398,0.1333,-4.7028
baseline,high,endogenous,77,201630,0.0333,-5.2975
baseline,high,endogenous,78,738798,0.0333,-5.5376
baseline,high,endogenous,79,72934,0.1333,-4.7942
baseline,high,endogenous,80,48051,0.2333,-3.7319
baseline,high,endogenous,81,693385,0.0667,-5.7867
baseline,high,endogenous,82,238969,0.0,-1.6615
baseline,high,endogenous,83,810621,0.0333,-4.9054
baseline,high,endogenous,84,303446,0.1,-4.0446
baseline,high,endogenous,85,83668,0.3,-2.0292
baseline,high,endogenous,86,896866,0.1,-5.4875
baseline,high,endogenous,87,244099,0.1,-4.9242
baseline,high,endogenous,88,908574,0.2,-5.1318
baseline,high,endogenous,89,105908,0.1,-4.0812
baseline,high,endogenous,90,398592,0.1,-3.7409
baseline,high,endogenous,91,291477,0.2,-5.14
baseline,high,endogenous,92,475436,0.0333,-2.986
baseline,high,endogenous,93,666564,0.1,-3.6706
baseline,high,endogenous,94,874629,0.1,-1.4716
baseline,high,endogenous,95,382555,0.1,-3.4277
baseline,high,endogenous,96,170556,0.1667,-5.4731
baseline,high,endogenous,97,388163,0.0333,-4.492
baseline,high,endogenous,98,372529,0.2667,-4.0348
baseline,high,endogenous,99,219685,0.0333,-5.0286
baseline,high,endogenous,100,702730,0.1,-3.84
baseline,high,endogenous,101,279947,0.0667,-4.3072
baseline,high,endogenous,102,735912,0.1333,-5.107
baseline,high,endogenous,103,982154,0.2333,-2.3147
baseline,high,endogenous,104,716752,0.0667,-3.5136
baseline,high,endogenous,105,679515,0.1333,-4.8056
baseline,high,endogenous,106,74871,0.1,-2.1302
baseline,high,endogenous,107,638721,0.1667,-1.4089
baseline,high,endogenous,108,665823,0.1,-4.6441
baseline,high,endogenous,109,179452,0.1333,-4.2712
baseline,high,endogenous,110,560087,0.1,-0.4925
baseline,high,endogenous,111,764545,0.0667,-5.79
baseline,high,endogenous,112,256703,0.1333,-3.0979
baseline,high,endogenous,113,171340,0.0,-4.3396
baseline,high,endogenous,114,484715,0.2333,-2.6651
baseline,high,endogenous,115,397888,0.1,-3.8791
baseline,high,endogenous,116,283061,0.1,-2.8901
baseline,high,endogenous,117,970343,0.1,-4.3741
baseline,high,endogenous,118,671089,0.0667,-3.3067
baseline,high,endogenous,119,721591,0.1333,-3.4281
baseline,high,endogenous,120,584005,0.0333,-3.2523
baseline,high,endogenous,121,230284,0.0667,-4.0975
baseline,high,endogenous,122,717871,0.1,-2.9833
baseline,high,endogenous,123,340036,0.1,-4.6831
baseline,high,endogenous,124,883795,0.1667,-4.9843
baseline,high,endogenous,125,805636,0.1333,-2.4988
baseline,high,endogenous,126,813695,0.0667,-3.7829
baseline,high,endogenous,127,58656,0.1333,-4.7785
baseline,high,endogenous,128,240175,0.0667,-1.9878
baseline,high,endogenous,129,861723,0.1667,-5.648
baseline,high,endogenous,130,33660,0.1333,-3.6679
baseline,high,endogenous,131,844152,0.3,-3.8741
baseline,high,endogenous,132,330777,0.0667,-5.2586
baseline,high,endogenous,133,420652,0.1667,-1.9712
baseline,high,endogenous,134,280747,0.0667,-3.0914
baseline,high,endogenous,135,69404,0.1667,-0.7191
baseline,high,endogenous,136,221232,0.1,-5.853
baseline,high,endogenous,137,957493,0.0,-4.9665
baseline,high,endogenous,138,988713,0.1333,-2.3109
baseline,high,endogenous,139,594732,0.1333,-2.6139
baseline,high,endogenous,140,918939,0.1333,-2.6085
baseline,high,endogenous,141,752788,0.0667,-1.2007
baseline,high,endogenous,142,329964,0.1667,-4.3937
baseline,high,endogenous,143,222956,0.0667,-2.2989
baseline,high,endogenous,144,687278,0.0667,-4.3794
baseline,high,endogenous,145,523482,0.1333,-3.0896
baseline,high,endogenous,146,414851,0.1,-3.6158
baseline,high,endogenous,147,927658,0.0333,-4.8785
baseline,high,endogenous,148,958973,0.0667,-5.057
baseline,high,endogenous,149,674080,0.1,-3.2289
baseline,high,endogenous,150,481142,0.2,-2.1755
baseline,high,endogenous,151,149812,0.1333,-4.7474
baseline,high,endogenous,152,277747,0.0667,-5.5393
baseline,high,endogenous,153,146414,0.1,-4.2697
baseline,high,endogenous,154,258608,0.2667,-1.2966
baseline,high,endogenous,155,781178,0.0333,-4.5295
baseline,high,endogenous,156,588638,0.2,-2.3753
baseline,high,endogenous,157,565159,0.1,-3.2339
baseline,high,endogenous,158,275505,0.1333,-2.4424
baseline,high,endogenous,159,783301,0.0667,-5.0046
baseline,high,endogenous,160,612983,0.2667,-4.3219
baseline,high,endogenous,161,449246,0.2,-2.6444
baseline,high,endogenous,162,941436,0.0667,-5.2653
baseline,high,endogenous,163,611879,0.0667,-3.6162
baseline,high,endogenous,164,418802,0.1,-2.6605
baseline,high,endogenous,165,379581,0.1333,-6.0653
baseline,high,endogenous,166,229975,0.1333,-1.3228
baseline,high,endogenous,167,145052,0.0667,-5.0956
baseline,high,endogenous,168,534278,0.1,-3.8083
baseline,high,endogenous,169,517489,0.0667,-2.7111
baseline,high,endogenous,170,95326,0.3,-3.4328
baseline,high,endogenous,171,792496,0.0333,-5.4599
baseline,high,endogenous,172,49406,0.0333,-3.824
baseline,high,endogenous,173,902932,0.1,-4.8443
baseline,high,endogenous,174,114976,0.1333,-4.7677
baseline,high,endogenous,175,160266,0.1,-4.4568
baseline,high,endogenous,176,657925,0.1,-0.642
baseline,high,endogenous,177,167754,0.3,-3.0894
baseline,high,endogenous,178,830556,0.1333,-3.7359
baseline,high,endogenous,179,713537,0.2333,-6.5725
baseline,high,endogenous,180,442667,0.2333,-3.7015
baseline,high,endogenous,181,625381,0.0667,-5.2212
baseline,high,endogenous,182,66614,0.1667,-4.5178
baseline,high,endogenous,183,403458,0.0,-4.3289
baseline,high,endogenous,184,400157,0.1,-5.1569
baseline,high,endogenous,185,624835,0.2,-3.3777
baseline,high,endogenous,186,490786,0.1333,-4.038
baseline,high,endogenous,187,554817,0.1333,-1.9294
baseline,high,endogenous,188,263627,0.1,-3.9774
baseline,high,endogenous,189,580100,0.0,-4.1952
baseline,high,endogenous,190,902593,0.1,-5.2367
baseline,high,endogenous,191,988211,0.1667,-4.9556
baseline,high,endogenous,192,12039,0.2,-3.2991
baseline,high,endogenous,193,713329,0.2333,-0.9678
baseline,high,endogenous,194,755732,0.0333,-1.9274
baseline,high,endogenous,195,120117,0.0667,-3.3858
baseline,high,endogenous,196,714826,0.1,-3.1475
baseline,high,endogenous,197,927768,0.1667,-3.5536
baseline,high,endogenous,198,563055,0.1333,-3.2536
baseline,high,endogenous,199,787353,0.0667,-5.6697
baseline,high,exogenous,0,670488,1.0,-40.2593
baseline,high,exogenous,1,116740,1.0,-47.0008
baseline,high,exogenous,2,26226,1.0,-54.6871
baseline,high,exogenous,3,777573,1.0,-45.4553
baseline,high,exogenous,4,288390,1.0,-50.2607
baseline,high,exogenous,5,256788,1.0,-15.8195
baseline,high,exogenous,6,234054,1.0,-47.2566
baseline,high,exogenous,7,146317,1.0,-42.3559
baseline,high,exogenous,8,772247,1.0,-41.1094
baseline,high,exogenous,9,107474,1.0,-19.999
baseline,high,exogenous,10,709571,1.0,-11.2734
baseline,high,exogenous,11,776647,1.0,-32.75
baseline,high,exogenous,12,935519,1.0,-33.8125
baseline,high,exogenous,13,571859,1.0,-33.9224
baseline,high,exogenous,14,91162,1.0,-37.5763
baseline,high,exogenous,15,619177,1.0,-55.6916
baseline,high,exogenous,16,442418,1.0,-54.4909
baseline,high,exogenous,17,33327,1.0,-7.6574
baseline,high,exogenous,18,31245,1.0,-30.8421
baseline,high,exogenous,19,98247,1.0,-37.4533
baseline,high,exogenous,20,229259,1.0,-22.4389
baseline,high,exogenous,21,243963,1.0,-27.877
baseline,high,exogenous,22,529904,1.0,-21.6155
baseline,high,exogenous,23,631263,1.0,-29.7851
baseline,high,exogenous,24,27825,1.0,-48.3574
baseline,high,exogenous,25,588509,1.0,-44.8191
baseline,high,exogenous,26,208497,1.0,-46.8144
baseline,high,exogenous,27,750801,1.0,-42.1661
baseline,high,exogenous,28,681454,1.0,-31.7682
baseline,high,exogenous,29,735393,1.0,-41.0276
baseline,high,exogenous,30,571413,1.0,-32.2913
baseline,high,exogenous,31,439899,1.0,-23.6257
baseline,high,exogenous,32,231149,1.0,-64.9448
baseline,high,exogenous,33,471030,1.0,-41.5119
baseline,high,exogenous,34,617890,1.0,-36.3328
baseline,high,exogenous,35,291705,1.0,-14.0202
baseline,high,exogenous,36,848750,1.0,-41.0882
baseline,high,exogenous,37,911528,1.0,-40.5422
baseline,high,exogenous,38,6815,1.0,-33.7424
baseline,high,exogenous,39,795668,1.0,-39.7621
baseline,high,exogenous,40,844963,1.0,-36.2069
baseline,high,exogenous,41,167415,1.0,-30.1648
baseline,high,exogenous,42,732053,1.0,-31.2803
baseline,high,exogenous,43,443144,1.0,-41.029
baseline,high,exogenous,44,356779,1.0,-61.762
baseline,high,exogenous,45,291370,1.0,-47.3435
baseline,high,exogenous,46,163033,1.0,-22.7918
baseline,high,exogenous,47,225773,1.0,-46.5828
baseline,high,exogenous,48,800582,1.0,-38.1622
baseline,high,exogenous,49,352945,1.0,-29.1665
baseline,high,exogenous,50,107176,1.0,-40.9575
baseline,high,exogenous,51,97252,1.0,-49.2347
baseline,high,exogenous,52,398383,1.0,-38.9387
baseline,high,exogenous,53,101415,1.0,-51.0238
baseline,high,exogenous,54,376418,1.0,-23.0553
baseline,high,exogenous,55,888663,1.0,-28.8836
baseline,high,exogenous,56,360664,1.0,-49.6993
baseline,high,exogenous,57,633053,1.0,-54.7114
baseline,high,exogenous,58,277371,1.0,-49.212
baseline,high,exogenous,59,846336,1.0,-26.6728
baseline,high,exogenous,60,45562,1.0,-31.4219
baseline,high,exogenous,61,765180,1.0,-47.2745
baseline,high,exogenous,62,481742,1.0,-41.5153
baseline,high,exogenous,63,562276,1.0,-53.4733
baseline,high,exogenous,64,130890,1.0,-31.5977
baseline,high,exogenous,65,967097,1.0,-31.0599
baseline,high,exogenous,66,396923,1.0,-52.149
baseline,high,exogenous,67,82628,1.0,-44.2842
baseline,high,exogenous,68,578857,1.0,-48.7892
baseline,high,exogenous,69,307420,1.0,-42.3646
baseline,high,exogenous,70,869694,1.0,-33.1605
baseline,high,exogenous,71,659177,1.0,-48.742
baseline,high,exogenous,72,648565,1.0,-39.05
baseline,high,exogenous,73,928464,1.0,-43.7533
baseline,high,exogenous,74,903566,1.0,-24.9433
baseline,high,exogenous,75,379202,1.0,-24.9541
baseline,high,exogenous,76,605398,1.0,-47.24
baseline,high,exogenous,77,201630,1.0,-56.0651
baseline,high,exogenous,78,738798,1.0,-57.2244
baseline,high,exogenous,79,72934,1.0,-42.4194
baseline,high,exogenous,80,48051,1.0,-29.5299
baseline,high,exogenous,81,693385,1.0,-56.1207
baseline,high,exogenous,82,238969,1.0,-20.0989
baseline,high,exogenous,83,810621,1.0,-43.3238
baseline,high,exogenous,84,303446,1.0,-39.8771
baseline,high,exogenous,85,83668,1.0,-26.0632
baseline,high,exogenous,86,896866,1.0,-54.9669
baseline,high,exogenous,87,244099,1.0,-40.0035
baseline,high,exogenous,88,908574,1.0,-41.9127
baseline,high,exogenous,89,105908,1.0,-39.0268
baseline,high,exogenous,90,398592,1.0,-32.6819
baseline,high,exogenous,91,291477,1.0,-40.9318
baseline,high,exogenous,92,475436,1.0,-31.9472
baseline,high,exogenous,93,666564,1.0,-28.9095
baseline,high,exogenous,94,874629,1.0,-18.0182
baseline,high,exogenous,95,382555,1.0,-38.7112
baseline,high,exogenous,96,170556,1.0,-36.7749
baseline,high,exogenous,97,388163,1.0,-50.0845
baseline,high,exogenous,98,372529,1.0,-30.4859
baseline,high,exogenous,99,219685,1.0,-49.8936
baseline,high,exogenous,100,702730,1.0,-38.3529
baseline,high,exogenous,101,279947,1.0,-47.1888
baseline,high,exogenous,102,735912,1.0,-46.797
baseline,high,exogenous,103,982154,1.0,-25.6804
baseline,high,exogenous,104,716752,1.0,-34.9943
baseline,high,exogenous,105,679515,1.0,-43.5086
baseline,high,exogenous,106,74871,1.0,-23.1101
baseline,high,exogenous,107,638721,1.0,-26.91
baseline,high,exogenous,108,665823,1.0,-50.0495
baseline,high,exogenous,109,179452,1.0,-41.1693
baseline,high,exogenous,110,560087,1.0,-18.9447
baseline,high,exogenous,111,764545,1.0,-58.6415
baseline,high,exogenous,112,256703,1.0,-40.3559
baseline,high,exogenous,113,171340,1.0,-35.4998
baseline,high,exogenous,114,484715,1.0,-32.7716
baseline,high,exogenous,115,397888,1.0,-30.9509
baseline,high,exogenous,116,283061,1.0,-30.3554
baseline,high,exogenous,117,970343,1.0,-42.7784
baseline,high,exogenous,118,671089,1.0,-39.8788
baseline,high,exogenous,119,721591,1.0,-45.0618
baseline,high,exogenous,120,584005,1.0,-32.9492
baseline,high,exogenous,121,230284,1.0,-50.8534
baseline,high,exogenous,122,717871,1.0,-29.703
baseline,high,exogenous,123,340036,1.0,-46.6392
baseline,high,exogenous,124,883795,1.0,-40.8213
baseline,high,exogenous,125,805636,1.0,-29.4968
baseline,high,exogenous,126,813695,1.0,-33.3555
baseline,high,exogenous,127,58656,1.0,-37.2701
baseline,high,exogenous,128,240175,1.0,-30.9088
baseline,high,exogenous,129,861723,1.0,-42.4006
baseline,high,exogenous,130,33660,1.0,-34.2346
baseline,high,exogenous,131,844152,1.0,-34.2974
baseline,high,exogenous,132,330777,1.0,-41.1677
baseline,high,exogenous,133,420652,1.0,-27.2931
baseline,high,exogenous,134,280747,1.0,-37.0425
baseline,high,exogenous,135,69404,1.0,-24.7115
baseline,high,exogenous,136,221232,1.0,-45.5092
baseline,high,exogenous,137,957493,1.0,-39.8893
baseline,high,exogenous,138,988713,1.0,-34.1502
baseline,high,exogenous,139,594732,1.0,-29.8449
baseline,high,exogenous,140,918939,1.0,-28.3485
baseline,high,exogenous,141,752788,1.0,-22.4788
baseline,high,exogenous,142,329964,1.0,-49.7961
baseline,high,exogenous,143,222956,1.0,-24.8315
baseline,high,exogenous,144,687278,1.0,-34.322
baseline,high,exogenous,145,523482,1.0,-36.0776
baseline,high,exogenous,146,414851,1.0,-36.5352
baseline,high,exogenous,147,927658,1.0,-53.8787
baseline,high,exogenous,148,958973,1.0,-44.54
baseline,high,exogenous,149,674080,1.0,-33.146
baseline,high,exogenous,150,481142,1.0,-37.1364
baseline,high,exogenous,151,149812,1.0,-46.8755
baseline,high,exogenous,152,277747,1.0,-51.0314
baseline,high,exogenous,153,146414,1.0,-41.7834
baseline,high,exogenous,154,258608,1.0,-28.4173
baseline,high,exogenous,155,781178,1.0,-52.3884
baseline,high,exogenous,156,588638,1.0,-25.3721
baseline,high,exogenous,157,565159,1.0,-41.1672
baseline,high,exogenous,158,275505,1.0,-28.508
baseline,high,exogenous,159,783301,1.0,-35.9617
baseline,high,exogenous,160,612983,1.0,-38.5286
baseline,high,exogenous,161,449246,1.0,-25.2232
baseline,high,exogenous,162,941436,1.0,-48.6592
baseline,high,exogenous,163,611879,1.0,-36.9324
baseline,high,exogenous,164,418802,1.0,-27.6679
baseline,high,exogenous,165,379581,1.0,-39.456
baseline,high,exogenous,166,229975,1.0,-21.7624
baseline,high,exogenous,167,145052,1.0,-49.484
baseline,high,exogenous,168,534278,1.0,-35.7604
baseline,high,exogenous,169,517489,1.0,-22.2836
baseline,high,exogenous,170,95326,1.0,-33.5297
baseline,high,exogenous,171,792496,1.0,-62.467
baseline,high,exogenous,172,49406,1.0,-36.412
baseline,high,exogenous,173,902932,1.0,-51.5589
baseline,high,exogenous,174,114976,1.0,-40.0007
baseline,high,exogenous,175,160266,1.0,-43.0152
baseline,high,exogenous,176,657925,1.0,-22.2329
baseline,high,exogenous,177,167754,1.0,-29.759
baseline,high,exogenous,178,830556,1.0,-32.5455
baseline,high,exogenous,179,713537,1.0,-47.7312
baseline,high,exogenous,180,442667,1.0,-35.7495
baseline,high,exogenous,181,625381,1.0,-42.265
baseline,high,exogenous,182,66614,1.0,-40.1038
baseline,high,exogenous,183,403458,1.0,-45.1731
baseline,high,exogenous,184,400157,1.0,-46.3528
baseline,high,exogenous,185,624835,1.0,-40.3718
baseline,high,exogenous,186,490786,1.0,-37.1864
baseline,high,exogenous,187,554817,1.0,-23.9609
baseline,high,exogenous,188,263627,1.0,-38.5225
baseline,high,exogenous,189,580100,1.0,-44.2154
baseline,high,exogenous,190,902593,1.0,-44.0941
baseline,high,exogenous,191,988211,1.0,-37.6857
baseline,high,exogenous,192,12039,1.0,-38.685
baseline,high,exogenous,193,713329,1.0,-29.6594
baseline,high,exogenous,194,755732,1.0,-19.7911
baseline,high,exogenous,195,120117,1.0,-34.5911
baseline,high,exogenous,196,714826,1.0,-34.0857
baseline,high,exogenous,197,927768,1.0,-30.0999
baseline,high,exogenous,198,563055,1.0,-33.2433
baseline,high,exogenous,199,787353,1.0,-56.1904
supply_quota,high,endogenous,0,670488,0.0667,-1.6112
supply_quota,high,endogenous,1,116740,0.1333,-0.5756
supply_quota,high,endogenous,2,26226,0.0667,-1.621
supply_quota,high,endogenous,3,777573,0.0333,-1.4451
supply_quota,high,endogenous,4,288390,0.1333,-2.2489
supply_quota,high,endogenous,5,256788,0.2,9.326
supply_quota,high,endogenous,6,234054,0.0667,3.3463
supply_quota,high,endogenous,7,146317,0.1,2.4812
supply_quota,high,endogenous,8,772247,0.0667,0.6751
supply_quota,high,endogenous,9,107474,0.1333,4.7554
supply_quota,high,endogenous,10,709571,0.1667,4.8847
supply_quota,high,endogenous,11,776647,0.0333,2.3186
supply_quota,high,endogenous,12,935519,0.0667,3.9296
supply_quota,high,endogenous,13,571859,0.1,0.7565
supply_quota,high,endogenous,14,91162,0.0333,0.4856
supply_quota,high,endogenous,15,619177,0.0667,-2.0866
supply_quota,high,endogenous,16,442418,0.1,-1.126
supply_quota,high,endogenous,17,33327,0.3,10.5551
supply_quota,high,endogenous,18,31245,0.1667,3.9351
supply_quota,high,endogenous,19,98247,0.0,-0.7277
supply_quota,high,endogenous,20,229259,0.1333,2.904
supply_quota,high,endogenous,21,243963,0.1333,8.0106
supply_quota,high,endogenous,22,529904,0.1667,4.5592
supply_quota,high,endogenous,23,631263,0.1667,4.6766
supply_quota,high,endogenous,24,27825,0.0333,-2.4564
supply_quota,high,endogenous,25,588509,0.1,2.8895
supply_quota,high,endogenous,26,208497,0.0667,0.9498
supply_quota,high,endogenous,27,750801,0.1333,-1.3378
supply_quota,high,endogenous,28,681454,0.1,1.8088
supply_quota,high,endogenous,29,735393,0.1,2.1031
supply_quota,high,endogenous,30,571413,0.1,6.645
supply_quota,high,endogenous,31,439899,0.1667,5.3997
supply_quota,high,endogenous,32,231149,0.0667,-1.7074
supply_quota,high,endogenous,33,471030,0.0333,-1.979
supply_quota,high,endogenous,34,617890,0.1,4.1584
supply_quota,high,endogenous,35,291705,0.1,3.5331
supply_quota,high,endogenous,36,848750,0.0667,-0.43
supply_quota,high,endogenous,37,911528,0.1333,1.3726
supply_quota,high,endogenous,38,6815,0.1667,2.28
supply_quota,high,endogenous,39,795668,0.2333,4.6685
supply_quota,high,endogenous,40,844963,0.2,3.5938
supply_quota,high,endogenous,41,167415,0.1,3.8106
supply_quota,high,endogenous,42,732053,0.0667,1.9777
supply_quota,high,endogenous,43,443144,0.1667,-2.0724
supply_quota,high,endogenous,44,356779,0.1333,-2.007
supply_quota,high,endogenous,45,291370,0.1333,0.1043
supply_quota,high,endogenous,46,163033,0.1,0.9303
supply_quota,high,endogenous,47,225773,0.1667,4.2562
supply_quota,high,endogenous,48,800582,0.1667,0.4429
supply_quota,high,endogenous,49,352945,0.3,11.5425
supply_quota,high,endogenous,50,107176,0.0333,-0.8558
supply_quota,high,endogenous,51,97252,0.1,1.1932
supply_quota,high,endogenous,52,398383,0.1,-0.1223
supply_quota,high,endogenous,53,101415,0.1667,1.9563
supply_quota,high,endogenous,54,376418,0.1,6.8539
supply_quota,high,endogenous,55,888663,0.1667,3.8912
supply_quota,high,endogenous,56,360664,0.1,-1.2006
supply_quota,high,endogenous,57,633053,0.0667,0.0574
supply_quota,high,endogenous,58,277371,0.1,2.7774
supply_quota,high,endogenous,59,846336,0.1,3.7214
supply_quota,high,endogenous,60,45562,0.0667,2.0771
supply_quota,high,endogenous,61,765180,0.0333,0.9225
supply_quota,high,endogenous,62,481742,0.2,1.2829
supply_quota,high,endogenous,63,562276,0.0667,0.7349
supply_quota,high,endogenous,64,130890,0.1,0.3022
supply_quota,high,endogenous,65,967097,0.3667,8.7084
supply_quota,high,endogenous,66,396923,0.0667,0.1646
supply_quota,high,endogenous,67,82628,0.1,2.921
supply_quota,high,endogenous,68,578857,0.1,-3.1048
supply_quota,high,endogenous,69,307420,0.1,0.5485
supply_quota,high,endogenous,70,869694,0.1,1.4593
supply_quota,high,endogenous,71,659177,0.1,-1.6766
supply_quota,high,endogenous,72,648565,0.0667,1.6539
supply_quota,high,endogenous,73,928464,0.1667,4.9606
supply_quota,high,endogenous,74,903566,0.0333,3.174
supply_quota,high,endogenous,75,379202,0.1667,5.7571
supply_quota,high,endogenous,76,605398,0.1333,1.7373
supply_quota,high,endogenous,77,201630,0.0333,-3.4193
supply_quota,high,endogenous,78,738798,0.0667,-3.0004
supply_quota,high,endogenous,79,72934,0.1,6.6217
supply_quota,high,endogenous,80,48051,0.1667,2.3337
supply_quota,high,endogenous,81,693385,0.2,-0.4196
supply_quota,high,endogenous,82,238969,0.1333,4.4468
supply_quota,high,endogenous,83,810621,0.1333,3.7498
supply_quota,high,endogenous,84,303446,0.0667,1.2768
supply_quota,high,endogenous,85,83668,0.1667,2.1929
supply_quota,high,endogenous,86,896866,0.1,-1.3865
supply_quota,high,endogenous,87,244099,0.1333,1.8292
supply_quota,high,endogenous,88,908574,0.1667,9.5009
supply_quota,high,endogenous,89,105908,0.0667,1.6
supply_quota,high,endogenous,90,398592,0.1333,3.5705
supply_quota,high,endogenous,91,291477,0.1667,2.2681
supply_quota,high,endogenous,92,475436,0.0333,0.1804
supply_quota,high,endogenous,93,666564,0.1333,-1.7082
supply_quota,high,endogenous,94,874629,0.1,7.1132
supply_quota,high,endogenous,95,382555,0.1,4.727
supply_quota,high,endogenous,96,170556,0.2333,3.5519
supply_quota,high,endogenous,97,388163,0.0333,-0.629
supply_quota,high,endogenous,98,372529,0.2667,4.8532
supply_quota,high,endogenous,99,219685,0.1667,2.6697
supply_quota,high,endogenous,100,702730,0.1333,4.0427
supply_quota,high,endogenous,101,279947,0.0,-0.68
supply_quota,high,endogenous,102,735912,0.0667,-0.2876
supply_quota,high,endogenous,103,982154,0.1,5.0622
supply_quota,high,endogenous,104,716752,0.1,0.2027
supply_quota,high,endogenous,105,679515,0.0333,2.5445
supply_quota,high,endogenous,106,74871,0.1,4.3881
supply_quota,high,endogenous,107,638721,0.1667,7.076
supply_quota,high,endogenous,108,665823,0.1333,-1.0976
supply_quota,high,endogenous,109,179452,0.0333,2.2503
supply_quota,high,endogenous,110,560087,0.2,5.806
supply_quota,high,endogenous,111,764545,0.1,-1.7194
supply_quota,high,endogenous,112,256703,0.1667,0.1822
supply_quota,high,endogenous,113,171340,0.0667,0.1134
supply_quota,high,endogenous,114,484715,0.1333,1.8248
supply_quota,high,endogenous,115,397888,0.1,7.6027
supply_quota,high,endogenous,116,283061,0.1,1.4431
supply_quota,high,endogenous,117,970343,0.1667,2.1373
supply_quota,high,endogenous,118,671089,0.0333,-0.5146
supply_quota,high,endogenous,119,721591,0.1,2.4424
supply_quota,high,endogenous,120,584005,0.0667,-0.8313
supply_quota,high,endogenous,121,230284,0.1333,6.5672
supply_quota,high,endogenous,122,717871,0.1,3.7736
supply_quota,high,endogenous,123,340036,0.0667,1.1646
supply_quota,high,endogenous,124,883795,0.2,-0.589
supply_quota,high,endogenous,125,805636,0.1667,3.3305
supply_quota,high,endogenous,126,813695,0.1333,3.6126
supply_quota,high,endogenous,127,58656,0.1,0.6491
supply_quota,high,endogenous,128,240175,0.1333,4.3749
supply_quota,high,endogenous,129,861723,0.1333,-0.6892
supply_quota,high,endogenous,130,33660,0.1333,-0.6736
supply_quota,high,endogenous,131,844152,0.2,0.4872
supply_quota,high,endogenous,132,330777,0.0333,-0.1647
supply_quota,high,endogenous,133,420652,0.0333,4.0958
supply_quota,high,endogenous,134,280747,0.1333,1.0148
supply_quota,high,endogenous,135,69404,0.1667,4.5055
supply_quota,high,endogenous,136,221232,0.1333,-0.9289
supply_quota,high,endogenous,137,957493,0.0,2.3691
supply_quota,high,endogenous,138,988713,0.1,6.0878
supply_quota,high,endogenous,139,594732,0.2,1.6024
supply_quota,high,endogenous,140,918939,0.2,3.2528
supply_quota,high,endogenous,141,752788,0.3,2.5788
supply_quota,high,endogenous,142,329964,0.2,1.2911
supply_quota,high,endogenous,143,222956,0.1333,2.023
supply_quota,high,endogenous,144,687278,0.1333,0.8066
supply_quota,high,endogenous,145,523482,0.1,4.8528
supply_quota,high,endogenous,146,414851,0.0667,-2.5381
supply_quota,high,endogenous,147,927658,0.0667,1.1743
supply_quota,high,endogenous,148,958973,0.0667,0.062
supply_quota,high,endogenous,149,674080,0.1333,-0.2345
supply_quota,high,endogenous,150,481142,0.1333,4.7311
supply_quota,high,endogenous,151,149812,0.1333,-1.243
supply_quota,high,endogenous,152,277747,0.1333,0.422
supply_quota,high,endogenous,153,146414,0.0,1.1894
supply_quota,high,endogenous,154,258608,0.2333,0.6982
supply_quota,high,endogenous,155,781178,0.0667,-1.8857
supply_quota,high,endogenous,156,588638,0.1,-0.1112
supply_quota,high,endogenous,157,565159,0.1,0.1942
supply_quota,high,endogenous,158,275505,0.2,4.8733
supply_quota,high,endogenous,159,783301,0.2,1.3418
supply_quota,high,endogenous,160,612983,0.2667,-1.4002
supply_quota,high,endogenous,161,449246,0.1333,-0.6916
supply_quota,high,endogenous,162,941436,0.1,-0.5266
supply_quota,high,endogenous,163,611879,0.0333,-1.5582
supply_quota,high,endogenous,164,418802,0.1,3.9817
supply_quota,high,endogenous,165,379581,0.1333,0.6318
supply_quota,high,endogenous,166,229975,0.1,2.4876
supply_quota,high,endogenous,167,145052,0.1333,1.3552
supply_quota,high,endogenous,168,534278,0.0667,1.5145
supply_quota,high,endogenous,169,517489,0.2333,11.8369
supply_quota,high,endogenous,170,95326,0.2333,2.211
supply_quota,high,endogenous,171,792496,0.0667,-1.7195
supply_quota,high,endogenous,172,49406,0.0667,2.3703
supply_quota,high,endogenous,173,902932,0.1333,1.7628
supply_quota,high,endogenous,174,114976,0.1333,2.9947
supply_quota,high,endogenous,175,160266,0.0667,-3.3718
supply_quota,high,endogenous,176,657925,0.0333,3.79
supply_quota,high,endogenous,177,167754,0.2333,8.3571
supply_quota,high,endogenous,178,830556,0.2333,5.2705
supply_quota,high,endogenous,179,713537,0.1667,-0.5588
supply_quota,high,endogenous,180,442667,0.2333,4.7127
supply_quota,high,endogenous,181,625381,0.0333,0.7709
supply_quota,high,endogenous,182,66614,0.2,1.6033
supply_quota,high,endogenous,183,403458,0.1333,1.2945
supply_quota,high,endogenous,184,400157,0.1667,4.3027
supply_quota,high,endogenous,185,624835,0.1667,2.0053
supply_quota,high,endogenous,186,490786,0.0333,2.84
supply_quota,high,endogenous,187,554817,0.2667,7.6987
supply_quota,high,endogenous,188,263627,0.1,0.3862
supply_quota,high,endogenous,189,580100,0.0,0.7357
supply_quota,high,endogenous,190,902593,0.1333,-1.6627
supply_quota,high,endogenous,191,988211,0.2,0.5674
supply_quota,high,endogenous,192,12039,0.0667,2.2818
supply_quota,high,endogenous,193,713329,0.2667,6.6217
supply_quota,high,endogenous,194,755732,0.0667,3.1332
supply_quota,high,endogenous,195,120117,0.1,1.678
supply_quota,high,endogenous,196,714826,0.0667,0.6987
supply_quota,high,endogenous,197,927768,0.1,2.3183
supply_quota,high,endogenous,198,563055,0.1,1.7226
supply_quota,high,endogenous,199,787353,0.0667,-2.9791
supply_quota,high,exogenous,0,670488,1.0,-14.3767
supply_quota,high,exogenous,1,116740,1.0,-23.5567
supply_quota,high,exogenous,2,26226,1.0,-28.1236
supply_quota,high,exogenous,3,777573,1.0,-12.9477
supply_quota,high,exogenous,4,288390,1.0,-27.6333
supply_quota,high,exogenous,5,256788,1.0,13.8206
supply_quota,high,exogenous,6,234054,1.0,2.748
supply_quota,high,exogenous,7,146317,1.0,-7.8209
supply_quota,high,exogenous,8,772247,1.0,-6.3622
supply_quota,high,exogenous,9,107474,1.0,10.0443
supply_quota,high,exogenous,10,709571,1.0,2.6325
supply_quota,high,exogenous,11,776647,1.0,1.5682
supply_quota,high,exogenous,12,935519,1.0,4.7633
supply_quota,high,exogenous,13,571859,1.0,-8.7036
supply_quota,high,exogenous,14,91162,1.0,-13.3337
supply_quota,high,exogenous,15,619177,1.0,-27.2145
supply_quota,high,exogenous,16,442418,1.0,-21.9215
supply_quota,high,exogenous,17,33327,1.0,11.8231
supply_quota,high,exogenous,18,31245,1.0,-5.5115
supply_quota,high,exogenous,19,98247,1.0,-10.4999
supply_quota,high,exogenous,20,229259,1.0,-6.5054
supply_quota,high,exogenous,21,243963,1.0,19.5786
supply_quota,high,exogenous,22,529904,1.0,3.007
supply_quota,high,exogenous,23,631263,1.0,-1.2273
supply_quota,high,exogenous,24,27825,1.0,-25.8582
supply_quota,high,exogenous,25,588509,1.0,-3.064
supply_quota,high,exogenous,26,208497,1.0,-10.6252
supply_quota,high,exogenous,27,750801,1.0,-28.727
supply_quota,high,exogenous,28,681454,1.0,-5.1919
supply_quota,high,exogenous,29,735393,1.0,-6.0939
supply_quota,high,exogenous,30,571413,1.0,8.4829
supply_quota,high,exogenous,31,439899,1.0,8.0918
supply_quota,high,exogenous,32,231149,1.0,-24.0663
supply_quota,high,exogenous,33,471030,1.0,-17.9354
supply_quota,high,exogenous,34,617890,1.0,6.5475
supply_quota,high,exogenous,35,291705,1.0,6.2069
supply_quota,high,exogenous,36,848750,1.0,-13.5701
supply_quota,high,exogenous,37,911528,1.0,-9.5623
supply_quota,high,exogenous,38,6815,1.0,-10.9932
supply_quota,high,exogenous,39,795668,1.0,-0.5618
supply_quota,high,exogenous,40,844963,1.0,-5.3027
supply_quota,high,exogenous,41,167415,1.0,3.3535
supply_quota,high,exogenous,42,732053,1.0,-4.8806
supply_quota,high,exogenous,43,443144,1.0,-28.3615
supply_quota,high,exogenous,44,356779,1.0,-29.8749
supply_quota,high,exogenous,45,291370,1.0,-19.7864
supply_quota,high,exogenous,46,163033,1.0,-8.8156
supply_quota,high,exogenous,47,225773,1.0,0.7832
supply_quota,high,exogenous,48,800582,1.0,-14.4054
supply_quota,high,exogenous,49,352945,1.0,14.7162
supply_quota,high,exogenous,50,107176,1.0,-13.6659
supply_quota,high,exogenous,51,97252,1.0,-7.9573
supply_quota,high,exogenous,52,398383,1.0,-19.8001
supply_quota,high,exogenous,53,101415,1.0,-13.8609
supply_quota,high,exogenous,54,376418,1.0,10.5598
supply_quota,high,exogenous,55,888663,1.0,1.7478
supply_quota,high,exogenous,56,360664,1.0,-25.4798
supply_quota,high,exogenous,57,633053,1.0,-19.9045
supply_quota,high,exogenous,58,277371,1.0,-5.5615
supply_quota,high,exogenous,59,846336,1.0,1.0812
supply_quota,high,exogenous,60,45562,1.0,-4.5214
supply_quota,high,exogenous,61,765180,1.0,-5.8476
supply_quota,high,exogenous,62,481742,1.0,-13.6262
supply_quota,high,exogenous,63,562276,1.0,-13.9714
supply_quota,high,exogenous,64,130890,1.0,-13.3799
supply_quota,high,exogenous,65,967097,1.0,0.1986
supply_quota,high,exogenous,66,396923,1.0,-20.2262
supply_quota,high,exogenous,67,82628,1.0,0.9614
supply_quota,high,exogenous,68,578857,1.0,-34.1575
supply_quota,high,exogenous,69,307420,1.0,-11.8825
supply_quota,high,exogenous,70,869694,1.0,-7.9603
supply_quota,high,exogenous,71,659177,1.0,-24.6799
supply_quota,high,exogenous,72,648565,1.0,-4.4684
supply_quota,high,exogenous,73,928464,1.0,1.267
supply_quota,high,exogenous,74,903566,1.0,10.4511
supply_quota,high,exogenous,75,379202,1.0,1.6187
supply_quota,high,exogenous,76,605398,1.0,-10.0107
supply_quota,high,exogenous,77,201630,1.0,-30.5184
supply_quota,high,exogenous,78,738798,1.0,-33.9441
supply_quota,high,exogenous,79,72934,1.0,9.1892
supply_quota,high,exogenous,80,48051,1.0,-6.1184
supply_quota,high,exogenous,81,693385,1.0,-26.6025
supply_quota,high,exogenous,82,238969,1.0,1.4992
supply_quota,high,exogenous,83,810621,1.0,-0.18
supply_quota,high,exogenous,84,303446,1.0,-6.3373
supply_quota,high,exogenous,85,83668,1.0,-4.3146
supply_quota,high,exogenous,86,896866,1.0,-27.5912
supply_quota,high,exogenous,87,244099,1.0,-10.0282
supply_quota,high,exogenous,88,908574,1.0,9.7114
supply_quota,high,exogenous,89,105908,1.0,-3.6218
supply_quota,high,exogenous,90,398592,1.0,2.2562
supply_quota,high,exogenous,91,291477,1.0,-4.2907
supply_quota,high,exogenous,92,475436,1.0,-8.5885
supply_quota,high,exogenous,93,666564,1.0,-20.5829
supply_quota,high,exogenous,94,874629,1.0,15.3996
supply_quota,high,exogenous,95,382555,1.0,11.1487
supply_quota,high,exogenous,96,170556,1.0,-5.0282
supply_quota,high,exogenous,97,388163,1.0,-11.4026
supply_quota,high,exogenous,98,372529,1.0,-0.7091
supply_quota,high,exogenous,99,219685,1.0,-6.1949
supply_quota,high,exogenous,100,702730,1.0,8.7298
supply_quota,high,exogenous,101,279947,1.0,-10.8775
supply_quota,high,exogenous,102,735912,1.0,-13.2944
supply_quota,high,exogenous,103,982154,1.0,8.6549
supply_quota,high,exogenous,104,716752,1.0,-18.043
supply_quota,high,exogenous,105,679515,1.0,-3.4562
supply_quota,high,exogenous,106,74871,1.0,8.9105
supply_quota,high,exogenous,107,638721,1.0,2.9759
supply_quota,high,exogenous,108,665823,1.0,-24.7018
supply_quota,high,exogenous,109,179452,1.0,-0.1608
supply_quota,high,exogenous,110,560087,1.0,3.6279
supply_quota,high,exogenous,111,764545,1.0,-27.8341
supply_quota,high,exogenous,112,256703,1.0,-21.1246
supply_quota,high,exogenous,113,171340,1.0,-12.8858
supply_quota,high,exogenous,114,484715,1.0,-5.6392
supply_quota,high,exogenous,115,397888,1.0,14.7854
supply_quota,high,exogenous,116,283061,1.0,-9.1276
supply_quota,high,exogenous,117,970343,1.0,-9.4442
supply_quota,high,exogenous,118,671089,1.0,-17.0173
supply_quota,high,exogenous,119,721591,1.0,-10.2835
supply_quota,high,exogenous,120,584005,1.0,-14.3317
supply_quota,high,exogenous,121,230284,1.0,2.9821
supply_quota,high,exogenous,122,717871,1.0,0.6908
supply_quota,high,exogenous,123,340036,1.0,-10.2359
supply_quota,high,exogenous,124,883795,1.0,-18.9918
supply_quota,high,exogenous,125,805636,1.0,-7.0118
supply_quota,high,exogenous,126,813695,1.0,1.8295
supply_quota,high,exogenous,127,58656,1.0,-10.1419
supply_quota,high,exogenous,128,240175,1.0,4.2632
supply_quota,high,exogenous,129,861723,1.0,-20.5259
supply_quota,high,exogenous,130,33660,1.0,-20.3476
supply_quota,high,exogenous,131,844152,1.0,-17.9686
supply_quota,high,exogenous,132,330777,1.0,-8.4941
supply_quota,high,exogenous,133,420652,1.0,8.518
supply_quota,high,exogenous,134,280747,1.0,-14.0172
supply_quota,high,exogenous,135,69404,1.0,-1.6536
supply_quota,high,exogenous,136,221232,1.0,-19.195
supply_quota,high,exogenous,137,957493,1.0,-0.0843
supply_quota,high,exogenous,138,988713,1.0,9.1921
supply_quota,high,exogenous,139,594732,1.0,-13.8334
supply_quota,high,exogenous,140,918939,1.0,-5.5855
supply_quota,high,exogenous,141,752788,1.0,-17.2066
supply_quota,high,exogenous,142,329964,1.0,-21.7545
supply_quota,high,exogenous,143,222956,1.0,-8.306
supply_quota,high,exogenous,144,687278,1.0,-13.4825
supply_quota,high,exogenous,145,523482,1.0,2.0121
supply_quota,high,exogenous,146,414851,1.0,-27.3343
supply_quota,high,exogenous,147,927658,1.0,-6.0103
supply_quota,high,exogenous,148,958973,1.0,-8.0248
supply_quota,high,exogenous,149,674080,1.0,-18.7162
supply_quota,high,exogenous,150,481142,1.0,-8.7499
supply_quota,high,exogenous,151,149812,1.0,-23.7087
supply_quota,high,exogenous,152,277747,1.0,-20.2891
supply_quota,high,exogenous,153,146414,1.0,-2.1719
supply_quota,high,exogenous,154,258608,1.0,-19.952
supply_quota,high,exogenous,155,781178,1.0,-33.5313
supply_quota,high,exogenous,156,588638,1.0,-12.3645
supply_quota,high,exogenous,157,565159,1.0,-15.7389
supply_quota,high,exogenous,158,275505,1.0,-2.2301
supply_quota,high,exogenous,159,783301,1.0,-8.9989
supply_quota,high,exogenous,160,612983,1.0,-26.9775
supply_quota,high,exogenous,161,449246,1.0,-16.4474
supply_quota,high,exogenous,162,941436,1.0,-16.7545
supply_quota,high,exogenous,163,611879,1.0,-17.6142
supply_quota,high,exogenous,164,418802,1.0,2.5172
supply_quota,high,exogenous,165,379581,1.0,-13.4796
supply_quota,high,exogenous,166,229975,1.0,-0.5832
supply_quota,high,exogenous,167,145052,1.0,-8.8346
supply_quota,high,exogenous,168,534278,1.0,-2.4404
supply_quota,high,exogenous,169,517489,1.0,20.6379
supply_quota,high,exogenous,170,95326,1.0,-13.2211
supply_quota,high,exogenous,171,792496,1.0,-24.5434
supply_quota,high,exogenous,172,49406,1.0,-1.9286
supply_quota,high,exogenous,173,902932,1.0,-13.4882
supply_quota,high,exogenous,174,114976,1.0,-6.0808
supply_quota,high,exogenous,175,160266,1.0,-29.5369
supply_quota,high,exogenous,176,657925,1.0,4.6428
supply_quota,high,exogenous,177,167754,1.0,8.441
supply_quota,high,exogenous,178,830556,1.0,-1.5202
supply_quota,high,exogenous,179,713537,1.0,-23.5003
supply_quota,high,exogenous,180,442667,1.0,-2.5256
supply_quota,high,exogenous,181,625381,1.0,-1.2328
supply_quota,high,exogenous,182,66614,1.0,-9.8293
supply_quota,high,exogenous,183,403458,1.0,-14.9163
supply_quota,high,exogenous,184,400157,1.0,-1.9016
supply_quota,high,exogenous,185,624835,1.0,-11.1203
supply_quota,high,exogenous,186,490786,1.0,-1.5054
supply_quota,high,exogenous,187,554817,1.0,4.9961
supply_quota,high,exogenous,188,263627,1.0,-10.0838
supply_quota,high,exogenous,189,580100,1.0,-2.0722
supply_quota,high,exogenous,190,902593,1.0,-26.0902
supply_quota,high,exogenous,191,988211,1.0,-15.0709
supply_quota,high,exogenous,192,12039,1.0,-3.4227
supply_quota,high,exogenous,193,713329,1.0,-1.4865
supply_quota,high,exogenous,194,755732,1.0,1.1232
supply_quota,high,exogenous,195,120117,1.0,-2.9461
supply_quota,high,exogenous,196,714826,1.0,-7.0678
supply_quota,high,exogenous,197,927768,1.0,-4.1223
supply_quota,high,exogenous,198,563055,1.0,-9.7745
supply_quota,high,exogenous,199,787353,1.0,-34.7265
producer_signal,high,endogenous,0,670488,0.1333,-1.8003
producer_signal,high,endogenous,1,116740,0.0333,-2.0088
producer_signal,high,endogenous,2,26226,0.1,-2.9069
producer_signal,high,endogenous,3,777573,0.1667,-1.2617
producer_signal,high,endogenous,4,288390,0.2,-2.2613
producer_signal,high,endogenous,5,256788,0.2,4.21
producer_signal,high,endogenous,6,234054,0.0667,-5.0663
producer_signal,high,endogenous,7,146317,0.1333,-0.6883
producer_signal,high,endogenous,8,772247,0.1,-1.1001
producer_signal,high,endogenous,9,107474,0.2333,5.7741
producer_signal,high,endogenous,10,709571,0.2333,7.0977
producer_signal,high,endogenous,11,776647,0.2,1.3818
producer_signal,high,endogenous,12,935519,0.1,0.5263
producer_signal,high,endogenous,13,571859,0.0667,-0.9198
producer_signal,high,endogenous,14,91162,0.1333,1.5513
producer_signal,high,endogenous,15,619177,0.0667,-3.8477
producer_signal,high,endogenous,16,442418,0.1333,-2.0941
producer_signal,high,endogenous,17,33327,0.4333,12.2476
producer_signal,high,endogenous,18,31245,0.1333,1.5973
producer_signal,high,endogenous,19,98247,0.1333,-0.4409
producer_signal,high,endogenous,20,229259,0.1333,4.2798
producer_signal,high,endogenous,21,243963,0.1667,1.5323
producer_signal,high,endogenous,22,529904,0.2,3.6429
producer_signal,high,endogenous,23,631263,0.2,2.8069
producer_signal,high,endogenous,24,27825,0.0667,-2.3954
producer_signal,high,endogenous,25,588509,0.0667,-2.4644
producer_signal,high,endogenous,26,208497,0.0667,-2.4783
producer_signal,high,endogenous,27,750801,0.1333,0.2384
producer_signal,high,endogenous,28,681454,0.1667,1.8517
producer_signal,high,endogenous,29,735393,0.1,-0.7847
producer_signal,high,endogenous,30,571413,0.0667,0.5218
producer_signal,high,endogenous,31,439899,0.1667,0.9473
producer_signal,high,endogenous,32,231149,0.0333,-5.2696
producer_signal,high,endogenous,33,471030,0.0667,-2.4875
producer_signal,high,endogenous,34,617890,0.2,0.686
producer_signal,high,endogenous,35,291705,0.3333,4.2812
producer_signal,high,endogenous,36,848750,0.0333,-2.5178
producer_signal,high,endogenous,37,911528,0.1333,-2.2176
producer_signal,high,endogenous,38,6815,0.1667,0.9127
producer_signal,high,endogenous,39,795668,0.1333,-2.1641
producer_signal,high,endogenous,40,844963,0.1667,0.1862
producer_signal,high,endogenous,41,167415,0.4,1.3699
producer_signal,high,endogenous,42,732053,0.2333,-0.3575
producer_signal,high,endogenous,43,443144,0.1667,-0.0511
producer_signal,high,endogenous,44,356779,0.2,-3.8117
producer_signal,high,endogenous,45,291370,0.0,-2.964
producer_signal,high,endogenous,46,163033,0.1,2.5785
producer_signal,high,endogenous,47,225773,0.0333,-3.2049
producer_signal,high,endogenous,48,800582,0.0667,-1.876
producer_signal,high,endogenous,49,352945,0.3,3.2704
producer_signal,high,endogenous,50,107176,0.1667,-1.1343
producer_signal,high,endogenous,51,97252,0.1333,-2.7646
producer_signal,high,endogenous,52,398383,0.0,-2.229
producer_signal,high,endogenous,53,101415,0.1667,-1.0965
producer_signal,high,endogenous,54,376418,0.1667,3.1422
producer_signal,high,endogenous,55,888663,0.0667,-0.8675
producer_signal,high,endogenous,56,360664,0.1667,-1.8611
producer_signal,high,endogenous,57,633053,0.1333,-2.0722
producer_signal,high,endogenous,58,277371,0.1,-1.5987
producer_signal,high,endogenous,59,846336,0.0667,0.0961
producer_signal,high,endogenous,60,45562,0.1667,0.7962
producer_signal,high,endogenous,61,765180,0.2,-1.2025
producer_signal,high,endogenous,62,481742,0.2333,-0.4259
producer_signal,high,endogenous,63,562276,0.0667,-2.8999
producer_signal,high,endogenous,64,130890,0.2,2.1588
producer_signal,high,endogenous,65,967097,0.2667,4.6663
producer_signal,high,endogenous,66,396923,0.1667,-2.349
producer_signal,high,endogenous,67,82628,0.1,-2.2615
producer_signal,high,endogenous,68,578857,0.0,-3.1592
producer_signal,high,endogenous,69,307420,0.1667,-0.4068
producer_signal,high,endogenous,70,869694,0.0667,-1.3625
producer_signal,high,endogenous,71,659177,0.1,-1.9875
producer_signal,high,endogenous,72,648565,0.1333,0.7355
producer_signal,high,endogenous,73,928464,0.2667,-1.0843
producer_signal,high,endogenous,74,903566,0.1,0.8834
producer_signal,high,endogenous,75,379202,0.3,3.1807
producer_signal,high,endogenous,76,605398,0.1,-1.9601
producer_signal,high,endogenous,77,201630,0.0333,-5.08
producer_signal,high,endogenous,78,738798,0.0667,-3.7769
producer_signal,high,endogenous,79,72934,0.1,-3.122
producer_signal,high,endogenous,80,48051,0.1,-0.1191
producer_signal,high,endogenous,81,693385,0.1,-2.8472
producer_signal,high,endogenous,82,238969,0.3333,7.2648
producer_signal,high,endogenous,83,810621,0.0667,-3.0878
producer_signal,high,endogenous,84,303446,0.0333,-2.5365
producer_signal,high,endogenous,85,83668,0.2,2.2793
producer_signal,high,endogenous,86,896866,0.0667,-3.6361
producer_signal,high,endogenous,87,244099,0.1,-1.5382
producer_signal,high,endogenous,88,908574,0.1333,-1.9172
producer_signal,high,endogenous,89,105908,0.0333,-3.69
producer_signal,high,endogenous,90,398592,0.0667,-1.32
producer_signal,high,endogenous,91,291477,0.2333,-0.4403
producer_signal,high,endogenous,92,475436,0.1333,-0.6692
producer_signal,high,endogenous,93,666564,0.2,0.9941
producer_signal,high,endogenous,94,874629,0.2,2.8838
producer_signal,high,endogenous,95,382555,0.1333,0.1888
producer_signal,high,endogenous,96,170556,0.2667,0.8448
producer_signal,high,endogenous,97,388163,0.0667,-2.9789
producer_signal,high,endogenous,98,372529,0.3,1.7565
producer_signal,high,endogenous,99,219685,0.0333,-3.0771
producer_signal,high,endogenous,100,702730,0.1,-1.699
producer_signal,high,endogenous,101,279947,0.1,-1.9626
producer_signal,high,endogenous,102,735912,0.0667,-3.3133
producer_signal,high,endogenous,103,982154,0.0667,1.1139
producer_signal,high,endogenous,104,716752,0.1,0.3783
producer_signal,high,endogenous,105,679515,0.1667,-2.0623
producer_signal,high,endogenous,106,74871,0.2667,3.156
producer_signal,high,endogenous,107,638721,0.4,3.5409
producer_signal,high,endogenous,108,665823,0.1,-2.3127
producer_signal,high,endogenous,109,179452,0.1,-1.7413
producer_signal,high,endogenous,110,560087,0.1667,5.3345
producer_signal,high,endogenous,111,764545,0.1333,-3.068
producer_signal,high,endogenous,112,256703,0.0667,-3.0014
producer_signal,high,endogenous,113,171340,0.1667,-0.4848
producer_signal,high,endogenous,114,484715,0.1,-1.4198
producer_signal,high,endogenous,115,397888,0.1333,-0.071
producer_signal,high,endogenous,116,283061,0.1667,0.8234
producer_signal,high,endogenous,117,970343,0.1333,-2.0622
producer_signal,high,endogenous,118,671089,0.1333,-0.4739
producer_signal,high,endogenous,119,721591,0.0667,-1.0627
producer_signal,high,endogenous,120,584005,0.1333,1.0451
producer_signal,high,endogenous,121,230284,0.0333,-2.6129
producer_signal,high,endogenous,122,717871,0.1,-1.1428
producer_signal,high,endogenous,123,340036,0.2,-0.9157
producer_signal,high,endogenous,124,883795,0.0333,-2.4141
producer_signal,high,endogenous,125,805636,0.2667,1.1627
producer_signal,high,endogenous,126,813695,0.1,-0.3643
producer_signal,high,endogenous,127,58656,0.2,0.1784
producer_signal,high,endogenous,128,240175,0.1667,1.4145
producer_signal,high,endogenous,129,861723,0.1333,-1.3663
producer_signal,high,endogenous,130,33660,0.2333,1.7053
producer_signal,high,endogenous,131,844152,0.2333,1.8122
producer_signal,high,endogenous,132,330777,0.0667,-3.7832
producer_signal,high,endogenous,133,420652,0.1667,1.3887
producer_signal,high,endogenous,134,280747,0.1,-0.8379
producer_signal,high,endogenous,135,69404,0.1,1.2801
producer_signal,high,endogenous,136,221232,0.1667,-2.5967
producer_signal,high,endogenous,137,957493,0.0,-1.8925
producer_signal,high,endogenous,138,988713,0.2,2.3141
producer_signal,high,endogenous,139,594732,0.1667,1.4311
producer_signal,high,endogenous,140,918939,0.1333,-0.2588
producer_signal,high,endogenous,141,752788,0.1333,3.6331
producer_signal,high,endogenous,142,329964,0.1667,-0.5535
producer_signal,high,endogenous,143,222956,0.0333,1.1231
producer_signal,high,endogenous,144,687278,0.0333,-1.8274
producer_signal,high,endogenous,145,523482,0.1667,1.2425
producer_signal,high,endogenous,146,414851,0.1667,-0.3854
producer_signal,high,endogenous,147,927658,0.0667,-3.0362
producer_signal,high,endogenous,148,958973,0.0667,-2.8082
producer_signal,high,endogenous,149,674080,0.1333,1.0094
producer_signal,high,endogenous,150,481142,0.1333,1.3805
producer_signal,high,endogenous,151,149812,0.1667,-1.8581
producer_signal,high,endogenous,152,277747,0.1333,-3.04
producer_signal,high,endogenous,153,146414,0.1333,-0.6354
producer_signal,high,endogenous,154,258608,0.2,2.8702
producer_signal,high,endogenous,155,781178,0.0333,-2.8201
producer_signal,high,endogenous,156,588638,0.1,1.5242
producer_signal,high,endogenous,157,565159,0.1,-0.4852
producer_signal,high,endogenous,158,275505,0.1,1.1173
producer_signal,high,endogenous,159,783301,0.1333,-3.084
producer_signal,high,endogenous,160,612983,0.3333,2.3975
producer_signal,high,endogenous,161,449246,0.2333,3.1973
producer_signal,high,endogenous,162,941436,0.1333,-2.3227
producer_signal,high,endogenous,163,611879,0.1,-0.125
producer_signal,high,endogenous,164,418802,0.0667,-0.3695
producer_signal,high,endogenous,165,379581,0.1333,-1.3826
producer_signal,high,endogenous,166,229975,0.2,2.8159
producer_signal,high,endogenous,167,145052,0.1667,-2.6225
producer_signal,high,endogenous,168,534278,0.1333,-3.3288
producer_signal,high,endogenous,169,517489,0.3667,3.9746
producer_signal,high,endogenous,170,95326,0.1667,1.7381
producer_signal,high,endogenous,171,792496,0.0667,-4.2541
producer_signal,high,endogenous,172,49406,0.0333,-2.3451
producer_signal,high,endogenous,173,902932,0.1333,-2.8057
producer_signal,high,endogenous,174,114976,0.1667,-0.2441
producer_signal,high,endogenous,175,160266,0.0667,-2.8129
producer_signal,high,endogenous,176,657925,0.1667,4.3461
producer_signal,high,endogenous,177,167754,0.1333,0.5478
producer_signal,high,endogenous,178,830556,0.2,0.0645
producer_signal,high,endogenous,179,713537,0.1667,-2.1193
producer_signal,high,endogenous,180,442667,0.2,0.774
producer_signal,high,endogenous,181,625381,0.0333,-3.1833
producer_signal,high,endogenous,182,66614,0.0667,-2.1171
producer_signal,high,endogenous,183,403458,0.1333,-1.5012
producer_signal,high,endogenous,184,400157,0.1333,-1.9334
producer_signal,high,endogenous,185,624835,0.1667,0.5643
producer_signal,high,endogenous,186,490786,0.1,-1.1533
producer_signal,high,endogenous,187,554817,0.1667,2.7575
producer_signal,high,endogenous,188,263627,0.0333,-2.1272
producer_signal,high,endogenous,189,580100,0.1333,-1.3995
producer_signal,high,endogenous,190,902593,0.0667,-2.4319
producer_signal,high,endogenous,191,988211,0.1333,-1.1907
producer_signal,high,endogenous,192,12039,0.1333,-0.4084
producer_signal,high,endogenous,193,713329,0.2,3.4593
producer_signal,high,endogenous,194,755732,0.1333,1.2344
producer_signal,high,endogenous,195,120117,0.2,1.8491
producer_signal,high,endogenous,196,714826,0.1333,0.6421
producer_signal,high,endogenous,197,927768,0.0667,0.3835
producer_signal,high,endogenous,198,563055,0.1,0.3619
producer_signal,high,endogenous,199,787353,0.0667,-2.9715
producer_signal,high,exogenous,0,670488,1.0,-21.6707
producer_signal,high,exogenous,1,116740,1.0,-28.4594
producer_signal,high,exogenous,2,26226,1.0,-36.1641
producer_signal,high,exogenous,3,777573,1.0,-26.895
producer_signal,high,exogenous,4,288390,1.0,-31.6439
producer_signal,high,exogenous,5,256788,1.0,2.7215
producer_signal,high,exogenous,6,234054,1.0,-28.7713
producer_signal,high,exogenous,7,146317,1.0,-23.8052
producer_signal,high,exogenous,8,772247,1.0,-22.5303
producer_signal,high,exogenous,9,107474,1.0,-1.3828
producer_signal,high,exogenous,10,709571,1.0,7.3325
producer_signal,high,exogenous,11,776647,1.0,-14.2182
producer_signal,high,exogenous,12,935519,1.0,-15.2899
producer_signal,high,exogenous,13,571859,1.0,-15.3155
producer_signal,high,exogenous,14,91162,1.0,-19.1093
producer_signal,high,exogenous,15,619177,1.0,-37.1875
producer_signal,high,exogenous,16,442418,1.0,-35.9487
producer_signal,high,exogenous,17,33327,1.0,10.9119
producer_signal,high,exogenous,18,31245,1.0,-12.2543
producer_signal,high,exogenous,19,98247,1.0,-18.9308
producer_signal,high,exogenous,20,229259,1.0,-3.8788
producer_signal,high,exogenous,21,243963,1.0,-9.2979
producer_signal,high,exogenous,22,529904,1.0,-3.0078
producer_signal,high,exogenous,23,631263,1.0,-11.2152
producer_signal,high,exogenous,24,27825,1.0,-29.9184
producer_signal,high,exogenous,25,588509,1.0,-26.3054
producer_signal,high,exogenous,26,208497,1.0,-28.3009
producer_signal,high,exogenous,27,750801,1.0,-23.6246
producer_signal,high,exogenous,28,681454,1.0,-13.1802
producer_signal,high,exogenous,29,735393,1.0,-22.4393
producer_signal,high,exogenous,30,571413,1.0,-13.7778
producer_signal,high,exogenous,31,439899,1.0,-5.0472
producer_signal,high,exogenous,32,231149,1.0,-46.4687
producer_signal,high,exogenous,33,471030,1.0,-23.0265
producer_signal,high,exogenous,34,617890,1.0,-17.8003
producer_signal,high,exogenous,35,291705,1.0,4.5869
producer_signal,high,exogenous,36,848750,1.0,-22.5278
producer_signal,high,exogenous,37,911528,1.0,-21.9633
producer_signal,high,exogenous,38,6815,1.0,-15.1821
producer_signal,high,exogenous,39,795668,1.0,-21.1556
producer_signal,high,exogenous,40,844963,1.0,-17.6371
producer_signal,high,exogenous,41,167415,1.0,-11.5872
producer_signal,high,exogenous,42,732053,1.0,-12.7577
producer_signal,high,exogenous,43,443144,1.0,-22.4777
producer_signal,high,exogenous,44,356779,1.0,-43.2108
producer_signal,high,exogenous,45,291370,1.0,-28.8114
producer_signal,high,exogenous,46,163033,1.0,-4.2409
producer_signal,high,exogenous,47,225773,1.0,-28.0414
producer_signal,high,exogenous,48,800582,1.0,-19.556
producer_signal,high,exogenous,49,352945,1.0,-10.6061
producer_signal,high,exogenous,50,107176,1.0,-22.3968
producer_signal,high,exogenous,51,97252,1.0,-30.6647
producer_signal,high,exogenous,52,398383,1.0,-20.4438
producer_signal,high,exogenous,53,101415,1.0,-32.5008
producer_signal,high,exogenous,54,376418,1.0,-4.5047
producer_signal,high,exogenous,55,888663,1.0,-10.3331
producer_signal,high,exogenous,56,360664,1.0,-31.1579
producer_signal,high,exogenous,57,633053,1.0,-36.1796
producer_signal,high,exogenous,58,277371,1.0,-30.6804
producer_signal,high,exogenous,59,846336,1.0,-8.1781
producer_signal,high,exogenous,60,45562,1.0,-12.8429
producer_signal,high,exogenous,61,765180,1.0,-28.7425
producer_signal,high,exogenous,62,481742,1.0,-22.9557
producer_signal,high,exogenous,63,562276,1.0,-34.9697
producer_signal,high,exogenous,64,130890,1.0,-13.0658
producer_signal,high,exogenous,65,967097,1.0,-12.4626
producer_signal,high,exogenous,66,396923,1.0,-33.6164
producer_signal,high,exogenous,67,82628,1.0,-25.7242
producer_signal,high,exogenous,68,578857,1.0,-30.2201
producer_signal,high,exogenous,69,307420,1.0,-23.8038
producer_signal,high,exogenous,70,869694,1.0,-14.6192
producer_signal,high,exogenous,71,659177,1.0,-30.2476
producer_signal,high,exogenous,72,648565,1.0,-20.5458
producer_signal,high,exogenous,73,928464,1.0,-25.1653
producer_signal,high,exogenous,74,903566,1.0,-6.4212
producer_signal,high,exogenous,75,379202,1.0,-6.4127
producer_signal,high,exogenous,76,605398,1.0,-28.6708
producer_signal,high,exogenous,77,201630,1.0,-37.5796
producer_signal,high,exogenous,78,738798,1.0,-38.7483
producer_signal,high,exogenous,79,72934,1.0,-23.8684
producer_signal,high,exogenous,80,48051,1.0,-10.8844
producer_signal,high,exogenous,81,693385,1.0,-37.5611
producer_signal,high,exogenous,82,238969,1.0,-1.5102
producer_signal,high,exogenous,83,810621,1.0,-24.857
producer_signal,high,exogenous,84,303446,1.0,-21.3358
producer_signal,high,exogenous,85,83668,1.0,-7.4752
producer_signal,high,exogenous,86,896866,1.0,-36.444
producer_signal,high,exogenous,87,244099,1.0,-21.4147
producer_signal,high,exogenous,88,908574,1.0,-23.3428
producer_signal,high,exogenous,89,105908,1.0,-20.4573
producer_signal,high,exogenous,90,398592,1.0,-14.0841
producer_signal,high,exogenous,91,291477,1.0,-22.3255
producer_signal,high,exogenous,92,475436,1.0,-13.4057
producer_signal,high,exogenous,93,666564,1.0,-10.3869
producer_signal,high,exogenous,94,874629,1.0,0.6078
producer_signal,high,exogenous,95,382555,1.0,-20.189
producer_signal,high,exogenous,96,170556,1.0,-18.1869
producer_signal,high,exogenous,97,388163,1.0,-31.5901
producer_signal,high,exogenous,98,372529,1.0,-11.8598
producer_signal,high,exogenous,99,219685,1.0,-31.3239
producer_signal,high,exogenous,100,702730,1.0,-19.7833
producer_signal,high,exogenous,101,279947,1.0,-28.7225
producer_signal,high,exogenous,102,735912,1.0,-28.2837
producer_signal,high,exogenous,103,982154,1.0,-7.0921
producer_signal,high,exogenous,104,716752,1.0,-16.4247
producer_signal,high,exogenous,105,679515,1.0,-24.93
producer_signal,high,exogenous,106,74871,1.0,-4.4745
producer_signal,high,exogenous,107,638721,1.0,-8.3585
producer_signal,high,exogenous,108,665823,1.0,-31.5366
producer_signal,high,exogenous,109,179452,1.0,-22.6377
producer_signal,high,exogenous,110,560087,1.0,-0.2999
producer_signal,high,exogenous,111,764545,1.0,-40.1381
producer_signal,high,exogenous,112,256703,1.0,-21.8886
producer_signal,high,exogenous,113,171340,1.0,-17.0143
producer_signal,high,exogenous,114,484715,1.0,-14.2304
producer_signal,high,exogenous,115,397888,1.0,-12.4
producer_signal,high,exogenous,116,283061,1.0,-11.7675
producer_signal,high,exogenous,117,970343,1.0,-24.2372
producer_signal,high,exogenous,118,671089,1.0,-21.3097
producer_signal,high,exogenous,119,721591,1.0,-26.5761
producer_signal,high,exogenous,120,584005,1.0,-14.3986
producer_signal,high,exogenous,121,230284,1.0,-32.34
producer_signal,high,exogenous,122,717871,1.0,-11.1617
producer_signal,high,exogenous,123,340036,1.0,-28.0882
producer_signal,high,exogenous,124,883795,1.0,-22.2243
producer_signal,high,exogenous,125,805636,1.0,-10.9742
producer_signal,high,exogenous,126,813695,1.0,-14.8044
producer_signal,high,exogenous,127,58656,1.0,-18.6818
producer_signal,high,exogenous,128,240175,1.0,-12.3859
producer_signal,high,exogenous,129,861723,1.0,-23.7938
producer_signal,high,exogenous,130,33660,1.0,-15.6468
producer_signal,high,exogenous,131,844152,1.0,-15.7093
producer_signal,high,exogenous,132,330777,1.0,-22.608
producer_signal,high,exogenous,133,420652,1.0,-8.7419
producer_signal,high,exogenous,134,280747,1.0,-18.5013
producer_signal,high,exogenous,135,69404,1.0,-6.2456
producer_signal,high,exogenous,136,221232,1.0,-26.9583
producer_signal,high,exogenous,137,957493,1.0,-21.385
producer_signal,high,exogenous,138,988713,1.0,-15.6091
producer_signal,high,exogenous,139,594732,1.0,-11.2661
producer_signal,high,exogenous,140,918939,1.0,-9.7689
producer_signal,high,exogenous,141,752788,1.0,-3.9183
producer_signal,high,exogenous,142,329964,1.0,-31.2733
producer_signal,high,exogenous,143,222956,1.0,-6.2804
producer_signal,high,exogenous,144,687278,1.0,-15.762
producer_signal,high,exogenous,145,523482,1.0,-17.5734
producer_signal,high,exogenous,146,414851,1.0,-18.031
producer_signal,high,exogenous,147,927658,1.0,-35.3467
producer_signal,high,exogenous,148,958973,1.0,-26.0269
producer_signal,high,exogenous,149,674080,1.0,-14.6235
producer_signal,high,exogenous,150,481142,1.0,-18.614
producer_signal,high,exogenous,151,149812,1.0,-28.3338
producer_signal,high,exogenous,152,277747,1.0,-32.5179
producer_signal,high,exogenous,153,146414,1.0,-23.2603
producer_signal,high,exogenous,154,258608,1.0,-9.8382
producer_signal,high,exogenous,155,781178,1.0,-33.8944
producer_signal,high,exogenous,156,588638,1.0,-6.7556
producer_signal,high,exogenous,157,565159,1.0,-22.7004
producer_signal,high,exogenous,158,275505,1.0,-9.9297
producer_signal,high,exogenous,159,783301,1.0,-17.3541
producer_signal,high,exogenous,160,612983,1.0,-19.9405
producer_signal,high,exogenous,161,449246,1.0,-6.6251
producer_signal,high,exogenous,162,941436,1.0,-30.1372
producer_signal,high,exogenous,163,611879,1.0,-18.4099
producer_signal,high,exogenous,164,418802,1.0,-9.0888
producer_signal,high,exogenous,165,379581,1.0,-20.8482
producer_signal,high,exogenous,166,229975,1.0,-3.2215
producer_signal,high,exogenous,167,145052,1.0,-30.9332
producer_signal,high,exogenous,168,534278,1.0,-17.2372
producer_signal,high,exogenous,169,517489,1.0,-3.7052
producer_signal,high,exogenous,170,95326,1.0,-14.9506
producer_signal,high,exogenous,171,792496,1.0,-43.963
producer_signal,high,exogenous,172,49406,1.0,-17.908
producer_signal,high,exogenous,173,902932,1.0,-33.0456
producer_signal,high,exogenous,174,114976,1.0,-21.4407
producer_signal,high,exogenous,175,160266,1.0,-24.4929
producer_signal,high,exogenous,176,657925,1.0,-3.6352
producer_signal,high,exogenous,177,167754,1.0,-11.1517
producer_signal,high,exogenous,178,830556,1.0,-13.9385
producer_signal,high,exogenous,179,713537,1.0,-29.1422
producer_signal,high,exogenous,180,442667,1.0,-17.1796
producer_signal,high,exogenous,181,625381,1.0,-23.724
producer_signal,high,exogenous,182,66614,1.0,-21.4872
producer_signal,high,exogenous,183,403458,1.0,-26.6315
producer_signal,high,exogenous,184,400157,1.0,-27.801
producer_signal,high,exogenous,185,624835,1.0,-21.8587
producer_signal,high,exogenous,186,490786,1.0,-18.6448
producer_signal,high,exogenous,187,554817,1.0,-5.4008
producer_signal,high,exogenous,188,263627,1.0,-19.9813
producer_signal,high,exogenous,189,580100,1.0,-25.6644
producer_signal,high,exogenous,190,902593,1.0,-25.5154
producer_signal,high,exogenous,191,988211,1.0,-19.097
producer_signal,high,exogenous,192,12039,1.0,-20.1341
producer_signal,high,exogenous,193,713329,1.0,-11.0995
producer_signal,high,exogenous,194,755732,1.0,-1.24
producer_signal,high,exogenous,195,120117,1.0,-16.0219
producer_signal,high,exogenous,196,714826,1.0,-15.5344
producer_signal,high,exogenous,197,927768,1.0,-11.4927
producer_signal,high,exogenous,198,563055,1.0,-14.6546
producer_signal,high,exogenous,199,787353,1.0,-37.6583
cooperative,high,endogenous,0,670488,0.1,-4.1337
cooperative,high,endogenous,1,116740,0.1,0.2736
cooperative,high,endogenous,2,26226,0.0667,-1.9761
cooperative,high,endogenous,3,777573,0.0333,-3.2355
cooperative,high,endogenous,4,288390,0.3,-0.1769
cooperative,high,endogenous,5,256788,0.0333,-4.5858
cooperative,high,endogenous,6,234054,0.0333,-5.2603
cooperative,high,endogenous,7,146317,0.1667,-0.7674
cooperative,high,endogenous,8,772247,0.0667,-2.2643
cooperative,high,endogenous,9,107474,0.2,-3.0941
cooperative,high,endogenous,10,709571,0.2,1.9259
cooperative,high,endogenous,11,776647,0.2333,-2.3557
cooperative,high,endogenous,12,935519,0.0667,-4.3743
cooperative,high,endogenous,13,571859,0.1333,-2.9906
cooperative,high,endogenous,14,91162,0.0667,-2.4262
cooperative,high,endogenous,15,619177,0.0667,-5.6307
cooperative,high,endogenous,16,442418,0.1667,-2.9009
cooperative,high,endogenous,17,33327,0.0333,-4.4152
cooperative,high,endogenous,18,31245,0.1667,-0.9847
cooperative,high,endogenous,19,98247,0.0,-2.9037
cooperative,high,endogenous,20,229259,0.1667,-1.7359
cooperative,high,endogenous,21,243963,0.1333,-4.4754
cooperative,high,endogenous,22,529904,0.0667,-2.9299
cooperative,high,endogenous,23,631263,0.1,-1.8311
cooperative,high,endogenous,24,27825,0.0333,-5.4772
cooperative,high,endogenous,25,588509,0.0667,-4.1391
cooperative,high,endogenous,26,208497,0.1,-3.4685
cooperative,high,endogenous,27,750801,0.1667,0.1885
cooperative,high,endogenous,28,681454,0.1333,-1.4937
cooperative,high,endogenous,29,735393,0.0333,-4.0079
cooperative,high,endogenous,30,571413,0.0333,-3.6273
cooperative,high,endogenous,31,439899,0.1,0.5248
cooperative,high,endogenous,32,231149,0.0333,-6.0273
cooperative,high,endogenous,33,471030,0.0333,-3.0399
cooperative,high,endogenous,34,617890,0.1,-2.4496
cooperative,high,endogenous,35,291705,0.0667,-0.2121
cooperative,high,endogenous,36,848750,0.1667,-1.7813
cooperative,high,endogenous,37,911528,0.2333,-1.2569
cooperative,high,endogenous,38,6815,0.2,-4.3316
cooperative,high,endogenous,39,795668,0.1667,-0.615
cooperative,high,endogenous,40,844963,0.1667,-3.6481
cooperative,high,endogenous,41,167415,0.1333,-2.6681
cooperative,high,endogenous,42,732053,0.0667,-1.0771
cooperative,high,endogenous,43,443144,0.1667,-3.0947
cooperative,high,endogenous,44,356779,0.1,-2.1981
cooperative,high,endogenous,45,291370,0.1333,1.4577
cooperative,high,endogenous,46,163033,0.1,-3.5603
cooperative,high,endogenous,47,225773,0.1333,-1.8088
cooperative,high,endogenous,48,800582,0.2333,0.1064
cooperative,high,endogenous,49,352945,0.1667,-3.3268
cooperative,high,endogenous,50,107176,0.0333,-1.5532
cooperative,high,endogenous,51,97252,0.0,-4.1651
cooperative,high,endogenous,52,398383,0.0667,-3.7396
cooperative,high,endogenous,53,101415,0.0667,-4.6066
cooperative,high,endogenous,54,376418,0.1667,-2.2569
cooperative,high,endogenous,55,888663,0.0667,-3.7346
cooperative,high,endogenous,56,360664,0.0667,-3.0685
cooperative,high,endogenous,57,633053,0.1333,-1.5045
cooperative,high,endogenous,58,277371,0.0667,-3.3928
cooperative,high,endogenous,59,846336,0.0333,-2.852
cooperative,high,endogenous,60,45562,0.1667,-3.6435
cooperative,high,endogenous,61,765180,0.1,-3.4345
cooperative,high,endogenous,62,481742,0.1333,-4.1862
cooperative,high,endogenous,63,562276,0.1,-3.4067
cooperative,high,endogenous,64,130890,0.1667,-1.4405
cooperative,high,endogenous,65,967097,0.1667,-2.0044
cooperative,high,endogenous,66,396923,0.0333,-4.4977
cooperative,high,endogenous,67,82628,0.0667,0.6226
cooperative,high,endogenous,68,578857,0.0667,-2.0183
cooperative,high,endogenous,69,307420,0.2,-2.5221
cooperative,high,endogenous,70,869694,0.1,0.2467
cooperative,high,endogenous,71,659177,0.1333,-5.3011
cooperative,high,endogenous,72,648565,0.0667,-6.3241
cooperative,high,endogenous,73,928464,0.1333,-4.1717
cooperative,high,endogenous,74,903566,0.0667,-4.2178
cooperative,high,endogenous,75,379202,0.2,-0.9514
cooperative,high,endogenous,76,605398,0.0667,-2.9512
cooperative,high,endogenous,77,201630,0.1333,-4.3183
cooperative,high,endogenous,78,738798,0.0333,-4.6859
cooperative,high,endogenous,79,72934,0.1667,-2.155
cooperative,high,endogenous,80,48051,0.1667,-0.3495
cooperative,high,endogenous,81,693385,0.1,-3.667
cooperative,high,endogenous,82,238969,0.1,-2.9786
cooperative,high,endogenous,83,810621,0.0333,-4.5369
cooperative,high,endogenous,84,303446,0.0667,-1.0724
cooperative,high,endogenous,85,83668,0.2667,-5.6467
cooperative,high,endogenous,86,896866,0.2,1.4322
cooperative,high,endogenous,87,244099,0.0667,-3.2905
cooperative,high,endogenous,88,908574,0.1667,-3.4696
cooperative,high,endogenous,89,105908,0.1,-4.1928
cooperative,high,endogenous,90,398592,0.0667,-2.9397
cooperative,high,endogenous,91,291477,0.1,-3.8171
cooperative,high,endogenous,92,475436,0.0,-3.6718
cooperative,high,endogenous,93,666564,0.1,-1.1416
cooperative,high,endogenous,94,874629,0.1333,-0.7001
cooperative,high,endogenous,95,382555,0.1333,-2.3153
cooperative,high,endogenous,96,170556,0.2667,-2.352
cooperative,high,endogenous,97,388163,0.1333,-4.2949
cooperative,high,endogenous,98,372529,0.1667,0.5413
cooperative,high,endogenous,99,219685,0.2,0.1689
cooperative,high,endogenous,100,702730,0.2333,-2.3082
cooperative,high,endogenous,101,279947,0.0333,-2.8528
cooperative,high,endogenous,102,735912,0.1,-2.8192
cooperative,high,endogenous,103,982154,0.1333,-2.4044
cooperative,high,endogenous,104,716752,0.0667,-3.4113
cooperative,high,endogenous,105,679515,0.1,-3.8389
cooperative,high,endogenous,106,74871,0.2,-2.8413
cooperative,high,endogenous,107,638721,0.1,-3.4989
cooperative,high,endogenous,108,665823,0.0667,-4.3913
cooperative,high,endogenous,109,179452,0.0667,-3.7625
cooperative,high,endogenous,110,560087,0.1,-1.3562
cooperative,high,endogenous,111,764545,0.0667,-2.6128
cooperative,high,endogenous,112,256703,0.0333,-3.6776
cooperative,high,endogenous,113,171340,0.0333,-3.4011
cooperative,high,endogenous,114,484715,0.1,-2.0985
cooperative,high,endogenous,115,397888,0.1,0.3961
cooperative,high,endogenous,116,283061,0.1,-3.2825
cooperative,high,endogenous,117,970343,0.1,-2.8916
cooperative,high,endogenous,118,671089,0.0333,-2.5197
cooperative,high,endogenous,119,721591,0.0333,-3.7942
cooperative,high,endogenous,120,584005,0.1,-2.9924
cooperative,high,endogenous,121,230284,0.0667,-3.0498
cooperative,high,endogenous,122,717871,0.0333,-3.0757
cooperative,high,endogenous,123,340036,0.1333,-3.4002
cooperative,high,endogenous,124,883795,0.0667,-2.7541
cooperative,high,endogenous,125,805636,0.0667,-4.5202
cooperative,high,endogenous,126,813695,0.0667,-3.5697
cooperative,high,endogenous,127,58656,0.1333,-6.039
cooperative,high,endogenous,128,240175,0.1333,-4.2832
cooperative,high,endogenous,129,861723,0.1333,-0.8902
cooperative,high,endogenous,130,33660,0.0667,-3.6968
cooperative,high,endogenous,131,844152,0.3333,0.8353
cooperative,high,endogenous,132,330777,0.1333,-3.6703
cooperative,high,endogenous,133,420652,0.0667,-2.9503
cooperative,high,endogenous,134,280747,0.1333,-2.4978
cooperative,high,endogenous,135,69404,0.0667,-4.707
cooperative,high,endogenous,136,221232,0.1333,-3.5565
cooperative,high,endogenous,137,957493,0.0667,-3.91
cooperative,high,endogenous,138,988713,0.2333,-2.9295
cooperative,high,endogenous,139,594732,0.2667,-2.6437
cooperative,high,endogenous,140,918939,0.1333,-1.8893
cooperative,high,endogenous,141,752788,0.1667,-1.53
cooperative,high,endogenous,142,329964,0.1,-5.371
cooperative,high,endogenous,143,222956,0.0667,-1.9742
cooperative,high,endogenous,144,687278,0.0333,-3.6951
cooperative,high,endogenous,145,523482,0.1333,-4.0387
cooperative,high,endogenous,146,414851,0.0333,-3.6838
cooperative,high,endogenous,147,927658,0.1333,-4.6299
cooperative,high,endogenous,148,958973,0.0333,-2.4058
cooperative,high,endogenous,149,674080,0.0667,-2.3456
cooperative,high,endogenous,150,481142,0.1667,-3.5792
cooperative,high,endogenous,151,149812,0.1667,-3.0605
cooperative,high,endogenous,152,277747,0.1333,-0.8636
cooperative,high,endogenous,153,146414,0.0667,-2.9937
cooperative,high,endogenous,154,258608,0.1,1.5236
cooperative,high,endogenous,155,781178,0.0667,-2.1355
cooperative,high,endogenous,156,588638,0.1333,-3.9295
cooperative,high,endogenous,157,565159,0.0667,-3.8752
cooperative,high,endogenous,158,275505,0.1667,-3.6154
cooperative,high,endogenous,159,783301,0.1667,-1.6989
cooperative,high,endogenous,160,612983,0.2,-3.0324
cooperative,high,endogenous,161,449246,0.2,-1.7524
cooperative,high,endogenous,162,941436,0.1,-3.4467
cooperative,high,endogenous,163,611879,0.0667,-1.7079
cooperative,high,endogenous,164,418802,0.0667,-4.046
cooperative,high,endogenous,165,379581,0.1,-2.7617
cooperative,high,endogenous,166,229975,0.0667,-4.4466
cooperative,high,endogenous,167,145052,0.1667,-4.1543
cooperative,high,endogenous,168,534278,0.0333,-2.0914
cooperative,high,endogenous,169,517489,0.1,-2.9055
cooperative,high,endogenous,170,95326,0.2667,-1.7558
cooperative,high,endogenous,171,792496,0.1,-4.9757
cooperative,high,endogenous,172,49406,0.0333,-5.0856
cooperative,high,endogenous,173,902932,0.0667,-1.8316
cooperative,high,endogenous,174,114976,0.1,-3.9989
cooperative,high,endogenous,175,160266,0.0667,-4.5963
cooperative,high,endogenous,176,657925,0.2,0.4481
cooperative,high,endogenous,177,167754,0.2667,-2.2397
cooperative,high,endogenous,178,830556,0.1,-2.6372
cooperative,high,endogenous,179,713537,0.2667,1.8712
cooperative,high,endogenous,180,442667,0.2333,2.6057
cooperative,high,endogenous,181,625381,0.1333,0.5893
cooperative,high,endogenous,182,66614,0.1333,-1.9858
cooperative,high,endogenous,183,403458,0.0667,-4.2617
cooperative,high,endogenous,184,400157,0.2,-2.7483
cooperative,high,endogenous,185,624835,0.1333,-2.2273
cooperative,high,endogenous,186,490786,0.1,-2.2422
cooperative,high,endogenous,187,554817,0.2,-3.0418
cooperative,high,endogenous,188,263627,0.1667,-2.9127
cooperative,high,endogenous,189,580100,0.1667,-3.2853
cooperative,high,endogenous,190,902593,0.1,-3.621
cooperative,high,endogenous,191,988211,0.1,-4.1166
cooperative,high,endogenous,192,12039,0.1333,-3.6461
cooperative,high,endogenous,193,713329,0.2,-3.0238
cooperative,high,endogenous,194,755732,0.0667,-1.8982
cooperative,high,endogenous,195,120117,0.1,-2.0185
cooperative,high,endogenous,196,714826,0.1,-3.7066
cooperative,high,endogenous,197,927768,0.1667,-1.0758
cooperative,high,endogenous,198,563055,0.0667,-2.0567
cooperative,high,endogenous,199,787353,0.1667,-2.1997
cooperative,high,exogenous,0,670488,1.0,-34.3441
cooperative,high,exogenous,1,116740,1.0,-18.0574
cooperative,high,exogenous,2,26226,1.0,-26.3904
cooperative,high,exogenous,3,777573,1.0,-30.9905
cooperative,high,exogenous,4,288390,1.0,-17.4578
cooperative,high,exogenous,5,256788,1.0,-44.4979
cooperative,high,exogenous,6,234054,1.0,-46.1632
cooperative,high,exogenous,7,146317,1.0,-25.9458
cooperative,high,exogenous,8,772247,1.0,-25.3076
cooperative,high,exogenous,9,107474,1.0,-31.7725
cooperative,high,exogenous,10,709571,1.0,-15.2014
cooperative,high,exogenous,11,776647,1.0,-32.7766
cooperative,high,exogenous,12,935519,1.0,-42.7882
cooperative,high,exogenous,13,571859,1.0,-29.1665
cooperative,high,exogenous,14,91162,1.0,-38.5958
cooperative,high,exogenous,15,619177,1.0,-53.5028
cooperative,high,exogenous,16,442418,1.0,-34.4147
cooperative,high,exogenous,17,33327,1.0,-36.3647
cooperative,high,exogenous,18,31245,1.0,-21.1998
cooperative,high,exogenous,19,98247,1.0,-24.4438
cooperative,high,exogenous,20,229259,1.0,-29.6203
cooperative,high,exogenous,21,243963,1.0,-40.3641
cooperative,high,exogenous,22,529904,1.0,-33.882
cooperative,high,exogenous,23,631263,1.0,-22.7421
cooperative,high,exogenous,24,27825,1.0,-56.9138
cooperative,high,exogenous,25,588509,1.0,-33.6359
cooperative,high,exogenous,26,208497,1.0,-39.9728
cooperative,high,exogenous,27,750801,1.0,-20.3779
cooperative,high,exogenous,28,681454,1.0,-20.9488
cooperative,high,exogenous,29,735393,1.0,-34.0539
cooperative,high,exogenous,30,571413,1.0,-34.5618
cooperative,high,exogenous,31,439899,1.0,-11.6698
cooperative,high,exogenous,32,231149,1.0,-54.5327
cooperative,high,exogenous,33,471030,1.0,-35.2715
cooperative,high,exogenous,34,617890,1.0,-36.2864
cooperative,high,exogenous,35,291705,1.0,-8.7353
cooperative,high,exogenous,36,848750,1.0,-32.8217
cooperative,high,exogenous,37,911528,1.0,-31.2657
cooperative,high,exogenous,38,6815,1.0,-43.9287
cooperative,high,exogenous,39,795668,1.0,-14.5197
cooperative,high,exogenous,40,844963,1.0,-34.4697
cooperative,high,exogenous,41,167415,1.0,-34.4767
cooperative,high,exogenous,42,732053,1.0,-21.2469
cooperative,high,exogenous,43,443144,1.0,-35.2201
cooperative,high,exogenous,44,356779,1.0,-28.7804
cooperative,high,exogenous,45,291370,1.0,-14.5057
cooperative,high,exogenous,46,163033,1.0,-34.8105
cooperative,high,exogenous,47,225773,1.0,-29.7582
cooperative,high,exogenous,48,800582,1.0,-16.2217
cooperative,high,exogenous,49,352945,1.0,-32.919
cooperative,high,exogenous,50,107176,1.0,-16.5825
cooperative,high,exogenous,51,97252,1.0,-31.4123
cooperative,high,exogenous,52,398383,1.0,-37.0167
cooperative,high,exogenous,53,101415,1.0,-51.1244
cooperative,high,exogenous,54,376418,1.0,-28.0561
cooperative,high,exogenous,55,888663,1.0,-39.2981
cooperative,high,exogenous,56,360664,1.0,-32.8719
cooperative,high,exogenous,57,633053,1.0,-27.8747
cooperative,high,exogenous,58,277371,1.0,-32.8656
cooperative,high,exogenous,59,846336,1.0,-31.6073
cooperative,high,exogenous,60,45562,1.0,-37.3114
cooperative,high,exogenous,61,765180,1.0,-34.7519
cooperative,high,exogenous,62,481742,1.0,-34.8311
cooperative,high,exogenous,63,562276,1.0,-40.3784
cooperative,high,exogenous,64,130890,1.0,-28.4185
cooperative,high,exogenous,65,967097,1.0,-31.3565
cooperative,high,exogenous,66,396923,1.0,-46.6444
cooperative,high,exogenous,67,82628,1.0,-11.4729
cooperative,high,exogenous,68,578857,1.0,-27.1247
cooperative,high,exogenous,69,307420,1.0,-28.3118
cooperative,high,exogenous,70,869694,1.0,-16.3688
cooperative,high,exogenous,71,659177,1.0,-44.2408
cooperative,high,exogenous,72,648565,1.0,-55.7527
cooperative,high,exogenous,73,928464,1.0,-42.353
cooperative,high,exogenous,74,903566,1.0,-48.2543
cooperative,high,exogenous,75,379202,1.0,-26.0908
cooperative,high,exogenous,76,605398,1.0,-22.7558
cooperative,high,exogenous,77,201630,1.0,-46.7754
cooperative,high,exogenous,78,738798,1.0,-43.9892
cooperative,high,exogenous,79,72934,1.0,-31.744
cooperative,high,exogenous,80,48051,1.0,-16.0374
cooperative,high,exogenous,81,693385,1.0,-40.6539
cooperative,high,exogenous,82,238969,1.0,-32.0713
cooperative,high,exogenous,83,810621,1.0,-45.4612
cooperative,high,exogenous,84,303446,1.0,-16.4884
cooperative,high,exogenous,85,83668,1.0,-41.0445
cooperative,high,exogenous,86,896866,1.0,-21.2282
cooperative,high,exogenous,87,244099,1.0,-26.3784
cooperative,high,exogenous,88,908574,1.0,-40.6429
cooperative,high,exogenous,89,105908,1.0,-33.4178
cooperative,high,exogenous,90,398592,1.0,-34.9689
cooperative,high,exogenous,91,291477,1.0,-26.9834
cooperative,high,exogenous,92,475436,1.0,-36.4817
cooperative,high,exogenous,93,666564,1.0,-14.7036
cooperative,high,exogenous,94,874629,1.0,-15.6245
cooperative,high,exogenous,95,382555,1.0,-41.1599
cooperative,high,exogenous,96,170556,1.0,-27.6315
cooperative,high,exogenous,97,388163,1.0,-40.6434
cooperative,high,exogenous,98,372529,1.0,-13.2533
cooperative,high,exogenous,99,219685,1.0,-20.248
cooperative,high,exogenous,100,702730,1.0,-35.6429
cooperative,high,exogenous,101,279947,1.0,-27.2242
cooperative,high,exogenous,102,735912,1.0,-28.6569
cooperative,high,exogenous,103,982154,1.0,-20.2597
cooperative,high,exogenous,104,716752,1.0,-35.4122
cooperative,high,exogenous,105,679515,1.0,-33.9272
cooperative,high,exogenous,106,74871,1.0,-29.5341
cooperative,high,exogenous,107,638721,1.0,-36.9284
cooperative,high,exogenous,108,665823,1.0,-50.8087
cooperative,high,exogenous,109,179452,1.0,-37.9538
cooperative,high,exogenous,110,560087,1.0,-17.3218
cooperative,high,exogenous,111,764545,1.0,-24.7034
cooperative,high,exogenous,112,256703,1.0,-45.9005
cooperative,high,exogenous,113,171340,1.0,-32.3499
cooperative,high,exogenous,114,484715,1.0,-22.6324
cooperative,high,exogenous,115,397888,1.0,-14.0497
cooperative,high,exogenous,116,283061,1.0,-37.3104
cooperative,high,exogenous,117,970343,1.0,-30.6348
cooperative,high,exogenous,118,671089,1.0,-25.7405
cooperative,high,exogenous,119,721591,1.0,-49.2288
cooperative,high,exogenous,120,584005,1.0,-32.2442
cooperative,high,exogenous,121,230284,1.0,-40.4806
cooperative,high,exogenous,122,717871,1.0,-21.6384
cooperative,high,exogenous,123,340036,1.0,-36.7291
cooperative,high,exogenous,124,883795,1.0,-31.1537
cooperative,high,exogenous,125,805636,1.0,-41.8618
cooperative,high,exogenous,126,813695,1.0,-30.9507
cooperative,high,exogenous,127,58656,1.0,-43.2583
cooperative,high,exogenous,128,240175,1.0,-54.7928
cooperative,high,exogenous,129,861723,1.0,-18.078
cooperative,high,exogenous,130,33660,1.0,-37.7231
cooperative,high,exogenous,131,844152,1.0,-20.2339
cooperative,high,exogenous,132,330777,1.0,-37.6647
cooperative,high,exogenous,133,420652,1.0,-30.1752
cooperative,high,exogenous,134,280747,1.0,-29.7807
cooperative,high,exogenous,135,69404,1.0,-50.452
cooperative,high,exogenous,136,221232,1.0,-42.1325
cooperative,high,exogenous,137,957493,1.0,-41.2391
cooperative,high,exogenous,138,988713,1.0,-38.4437
cooperative,high,exogenous,139,594732,1.0,-29.9559
cooperative,high,exogenous,140,918939,1.0,-25.072
cooperative,high,exogenous,141,752788,1.0,-30.0936
cooperative,high,exogenous,142,329964,1.0,-47.3734
cooperative,high,exogenous,143,222956,1.0,-24.0093
cooperative,high,exogenous,144,687278,1.0,-30.7524
cooperative,high,exogenous,145,523482,1.0,-42.5839
cooperative,high,exogenous,146,414851,1.0,-45.5413
cooperative,high,exogenous,147,927658,1.0,-44.1852
cooperative,high,exogenous,148,958973,1.0,-28.1166
cooperative,high,exogenous,149,674080,1.0,-25.0955
cooperative,high,exogenous,150,481142,1.0,-42.697
cooperative,high,exogenous,151,149812,1.0,-30.4465
cooperative,high,exogenous,152,277747,1.0,-27.5456
cooperative,high,exogenous,153,146414,1.0,-35.4253
cooperative,high,exogenous,154,258608,1.0,-8.185
cooperative,high,exogenous,155,781178,1.0,-28.5739
cooperative,high,exogenous,156,588638,1.0,-30.4788
cooperative,high,exogenous,157,565159,1.0,-51.4121
cooperative,high,exogenous,158,275505,1.0,-32.9846
cooperative,high,exogenous,159,783301,1.0,-24.9979
cooperative,high,exogenous,160,612983,1.0,-33.1692
cooperative,high,exogenous,161,449246,1.0,-26.0815
cooperative,high,exogenous,162,941436,1.0,-33.811
cooperative,high,exogenous,163,611879,1.0,-23.8775
cooperative,high,exogenous,164,418802,1.0,-34.0503
cooperative,high,exogenous,165,379581,1.0,-22.9792
cooperative,high,exogenous,166,229975,1.0,-43.7274
cooperative,high,exogenous,167,145052,1.0,-35.9229
cooperative,high,exogenous,168,534278,1.0,-18.8047
cooperative,high,exogenous,169,517489,1.0,-32.2027
cooperative,high,exogenous,170,95326,1.0,-28.3086
cooperative,high,exogenous,171,792496,1.0,-56.109
cooperative,high,exogenous,172,49406,1.0,-50.6484
cooperative,high,exogenous,173,902932,1.0,-28.6625
cooperative,high,exogenous,174,114976,1.0,-40.6225
cooperative,high,exogenous,175,160266,1.0,-37.9927
cooperative,high,exogenous,176,657925,1.0,-18.243
cooperative,high,exogenous,177,167754,1.0,-27.9239
cooperative,high,exogenous,178,830556,1.0,-27.9518
cooperative,high,exogenous,179,713537,1.0,-10.7596
cooperative,high,exogenous,180,442667,1.0,-14.4966
cooperative,high,exogenous,181,625381,1.0,-19.2156
cooperative,high,exogenous,182,66614,1.0,-26.1314
cooperative,high,exogenous,183,403458,1.0,-31.2587
cooperative,high,exogenous,184,400157,1.0,-30.4192
cooperative,high,exogenous,185,624835,1.0,-36.6662
cooperative,high,exogenous,186,490786,1.0,-26.7087
cooperative,high,exogenous,187,554817,1.0,-31.7666
cooperative,high,exogenous,188,263627,1.0,-34.2063
cooperative,high,exogenous,189,580100,1.0,-41.3226
cooperative,high,exogenous,190,902593,1.0,-29.2512
cooperative,high,exogenous,191,988211,1.0,-40.1082
cooperative,high,exogenous,192,12039,1.0,-34.7573
cooperative,high,exogenous,193,713329,1.0,-33.7112
cooperative,high,exogenous,194,755732,1.0,-21.4431
cooperative,high,exogenous,195,120117,1.0,-25.3975
cooperative,high,exogenous,196,714826,1.0,-44.1302
cooperative,high,exogenous,197,927768,1.0,-21.11
cooperative,high,exogenous,198,563055,1.0,-20.056
cooperative,high,exogenous,199,787353,1.0,-35.8643
supplier_training,high,endogenous,0,670488,0.5667,52.6056
supplier_training,high,endogenous,1,116740,0.6,47.0256
supplier_training,high,endogenous,2,26226,0.3,27.7271
supplier_training,high,endogenous,3,777573,0.3667,33.3545
supplier_training,high,endogenous,4,288390,0.4333,43.452
supplier_training,high,endogenous,5,256788,0.4667,44.6618
supplier_training,high,endogenous,6,234054,0.3333,31.5298
supplier_training,high,endogenous,7,146317,0.5333,48.3853
supplier_training,high,endogenous,8,772247,0.5,42.0769
supplier_training,high,endogenous,9,107474,0.4333,39.3006
supplier_training,high,endogenous,10,709571,0.4667,47.7329
supplier_training,high,endogenous,11,776647,0.9,75.7416
supplier_training,high,endogenous,12,935519,0.6333,55.6088
supplier_training,high,endogenous,13,571859,0.3,27.0975
supplier_training,high,endogenous,14,91162,0.5667,45.3477
supplier_training,high,endogenous,15,619177,0.5,37.9774
supplier_training,high,endogenous,16,442418,0.6,46.4343
supplier_training,high,endogenous,17,33327,0.9,78.5561
supplier_training,high,endogenous,18,31245,0.8,65.9385
supplier_training,high,endogenous,19,98247,0.5333,43.1387
supplier_training,high,endogenous,20,229259,0.8,66.7611
supplier_training,high,endogenous,21,243963,0.7333,61.7447
supplier_training,high,endogenous,22,529904,0.7,62.9378
supplier_training,high,endogenous,23,631263,0.5333,50.1404
supplier_training,high,endogenous,24,27825,0.5667,49.177
supplier_training,high,endogenous,25,588509,0.6,48.3027
supplier_training,high,endogenous,26,208497,0.6667,59.7366
supplier_training,high,endogenous,27,750801,0.6667,55.7637
supplier_training,high,endogenous,28,681454,0.5,51.2101
supplier_training,high,endogenous,29,735393,0.4667,48.5724
supplier_training,high,endogenous,30,571413,0.7333,62.2548
supplier_training,high,endogenous,31,439899,0.6,51.6953
supplier_training,high,endogenous,32,231149,0.5,43.8892
supplier_training,high,endogenous,33,471030,0.2667,22.7826
supplier_training,high,endogenous,34,617890,0.7,56.1309
supplier_training,high,endogenous,35,291705,0.2667,36.8454
supplier_training,high,endogenous,36,848750,0.5333,42.5763
supplier_training,high,endogenous,37,911528,0.5333,43.9966
supplier_training,high,endogenous,38,6815,0.5667,56.9908
supplier_training,high,endogenous,39,795668,0.6667,54.8614
supplier_training,high,endogenous,40,844963,0.8333,68.5933
supplier_training,high,endogenous,41,167415,0.8333,67.5348
supplier_training,high,endogenous,42,732053,0.5333,47.1632
supplier_training,high,endogenous,43,443144,0.4,43.3397
supplier_training,high,endogenous,44,356779,0.3,27.047
supplier_training,high,endogenous,45,291370,0.5,39.8776
supplier_training,high,endogenous,46,163033,0.4,42.6748
supplier_training,high,endogenous,47,225773,0.7,58.8083
supplier_training,high,endogenous,48,800582,0.3667,32.0854
supplier_training,high,endogenous,49,352945,0.5667,61.0292
supplier_training,high,endogenous,50,107176,0.3333,45.5602
supplier_training,high,endogenous,51,97252,0.7667,61.5184
supplier_training,high,endogenous,52,398383,0.7333,58.6272
supplier_training,high,endogenous,53,101415,0.2667,20.2287
supplier_training,high,endogenous,54,376418,0.7,64.5552
supplier_training,high,endogenous,55,888663,0.5333,47.056
supplier_training,high,endogenous,56,360664,0.4333,34.2358
supplier_training,high,endogenous,57,633053,0.4,31.2548
supplier_training,high,endogenous,58,277371,0.4667,37.1255
supplier_training,high,endogenous,59,846336,0.4667,46.8202
supplier_training,high,endogenous,60,45562,0.8,67.2603
supplier_training,high,endogenous,61,765180,0.4333,39.2357
supplier_training,high,endogenous,62,481742,0.7,57.7716
supplier_training,high,endogenous,63,562276,0.4667,38.4513
supplier_training,high,endogenous,64,130890,0.5,55.0359
supplier_training,high,endogenous,65,967097,0.6,49.742
supplier_training,high,endogenous,66,396923,0.3667,35.4698
supplier_training,high,endogenous,67,82628,0.5333,47.6156
supplier_training,high,endogenous,68,578857,0.5667,46.7073
supplier_training,high,endogenous,69,307420,0.5333,46.7302
supplier_training,high,endogenous,70,869694,0.5667,45.9772
supplier_training,high,endogenous,71,659177,0.4,35.2865
supplier_training,high,endogenous,72,648565,0.3667,43.3873
supplier_training,high,endogenous,73,928464,0.5,47.9336
supplier_training,high,endogenous,74,903566,0.9667,80.3935
supplier_training,high,endogenous,75,379202,0.6,56.054
supplier_training,high,endogenous,76,605398,0.4,31.4872
supplier_training,high,endogenous,77,201630,0.5667,43.5594
supplier_training,high,endogenous,78,738798,0.4333,34.5811
supplier_training,high,endogenous,79,72934,0.3333,36.6848
supplier_training,high,endogenous,80,48051,0.5,57.7557
supplier_training,high,endogenous,81,693385,0.4,36.7902
supplier_training,high,endogenous,82,238969,0.8333,75.9027
supplier_training,high,endogenous,83,810621,0.3333,35.0293
supplier_training,high,endogenous,84,303446,0.4,41.0408
supplier_training,high,endogenous,85,83668,0.6667,67.0095
supplier_training,high,endogenous,86,896866,0.6,46.0311
supplier_training,high,endogenous,87,244099,0.6667,58.1625
supplier_training,high,endogenous,88,908574,0.5333,46.6009
supplier_training,high,endogenous,89,105908,0.8,69.3595
supplier_training,high,endogenous,90,398592,0.4667,41.2131
supplier_training,high,endogenous,91,291477,0.6333,52.5061
supplier_training,high,endogenous,92,475436,0.3333,33.199
supplier_training,high,endogenous,93,666564,0.9333,77.9112
supplier_training,high,endogenous,94,874629,0.4333,52.4209
supplier_training,high,endogenous,95,382555,0.3333,31.7253
supplier_training,high,endogenous,96,170556,0.4667,50.9429
supplier_training,high,endogenous,97,388163,0.5667,45.1452
supplier_training,high,endogenous,98,372529,0.5667,65.3672
supplier_training,high,endogenous,99,219685,0.4,31.151
supplier_training,high,endogenous,100,702730,0.4667,42.5362
supplier_training,high,endogenous,101,279947,0.3667,33.9183
supplier_training,high,endogenous,102,735912,0.4333,38.0089
supplier_training,high,endogenous,103,982154,0.7333,64.7259
supplier_training,high,endogenous,104,716752,0.4667,51.2023
supplier_training,high,endogenous,105,679515,0.4333,47.7987
supplier_training,high,endogenous,106,74871,0.8667,73.0343
supplier_training,high,endogenous,107,638721,0.8,65.2114
supplier_training,high,endogenous,108,665823,0.4,30.0216
supplier_training,high,endogenous,109,179452,0.4,54.0005
supplier_training,high,endogenous,110,560087,0.5333,47.9709
supplier_training,high,endogenous,111,764545,0.2,18.046
supplier_training,high,endogenous,112,256703,0.5667,46.8981
supplier_training,high,endogenous,113,171340,0.5667,50.7601
supplier_training,high,endogenous,114,484715,0.6667,55.7349
supplier_training,high,endogenous,115,397888,0.6,50.2806
supplier_training,high,endogenous,116,283061,0.5,44.9332
supplier_training,high,endogenous,117,970343,0.5667,46.56
supplier_training,high,endogenous,118,671089,0.4,35.337
supplier_training,high,endogenous,119,721591,0.2667,22.513
supplier_training,high,endogenous,120,584005,0.4333,43.8141
supplier_training,high,endogenous,121,230284,0.2333,21.2473
supplier_training,high,endogenous,122,717871,0.5,43.3237
supplier_training,high,endogenous,123,340036,0.6,47.0571
supplier_training,high,endogenous,124,883795,0.6,53.0253
supplier_training,high,endogenous,125,805636,0.6333,51.4121
supplier_training,high,endogenous,126,813695,0.4667,39.7954
supplier_training,high,endogenous,127,58656,0.4667,45.3997
supplier_training,high,endogenous,128,240175,0.6333,61.5158
supplier_training,high,endogenous,129,861723,0.5,44.2713
supplier_training,high,endogenous,130,33660,0.5333,44.8445
supplier_training,high,endogenous,131,844152,0.6333,52.8783
supplier_training,high,endogenous,132,330777,0.8,65.8288
supplier_training,high,endogenous,133,420652,0.4667,52.166
supplier_training,high,endogenous,134,280747,0.6333,52.1288
supplier_training,high,endogenous,135,69404,0.8333,74.2283
supplier_training,high,endogenous,136,221232,0.6667,54.0407
supplier_training,high,endogenous,137,957493,0.6667,55.7687
supplier_training,high,endogenous,138,988713,0.5333,48.9419
supplier_training,high,endogenous,139,594732,0.9667,80.3835
supplier_training,high,endogenous,140,918939,0.6667,61.2711
supplier_training,high,endogenous,141,752788,0.6333,66.2722
supplier_training,high,endogenous,142,329964,0.6,49.7508
supplier_training,high,endogenous,143,222956,0.7,57.4982
supplier_training,high,endogenous,144,687278,0.5667,54.0569
supplier_training,high,endogenous,145,523482,0.7,58.5823
supplier_training,high,endogenous,146,414851,0.6333,54.6988
supplier_training,high,endogenous,147,927658,0.4,30.9245
supplier_training,high,endogenous,148,958973,0.2,25.2784
supplier_training,high,endogenous,149,674080,0.5667,56.7696
supplier_training,high,endogenous,150,481142,0.6,50.5537
supplier_training,high,endogenous,151,149812,0.5667,45.1409
supplier_training,high,endogenous,152,277747,0.4333,48.6104
supplier_training,high,endogenous,153,146414,0.5333,48.0391
supplier_training,high,endogenous,154,258608,0.9667,78.2646
supplier_training,high,endogenous,155,781178,0.3,25.3763
supplier_training,high,endogenous,156,588638,0.9,78.6723
supplier_training,high,endogenous,157,565159,0.4333,42.2617
supplier_training,high,endogenous,158,275505,0.7,71.2355
supplier_training,high,endogenous,159,783301,0.5333,62.9394
supplier_training,high,endogenous,160,612983,0.5667,45.2507
supplier_training,high,endogenous,161,449246,0.6667,59.6975
supplier_training,high,endogenous,162,941436,0.5,41.8433
supplier_training,high,endogenous,163,611879,0.4333,48.7542
supplier_training,high,endogenous,164,418802,0.7333,62.4242
supplier_training,high,endogenous,165,379581,0.7667,64.1603
supplier_training,high,endogenous,166,229975,0.8667,72.9912
supplier_training,high,endogenous,167,145052,0.5333,47.0791
supplier_training,high,endogenous,168,534278,0.8,66.9055
supplier_training,high,endogenous,169,517489,0.6667,67.72
supplier_training,high,endogenous,170,95326,0.5667,54.5935
supplier_training,high,endogenous,171,792496,0.4333,34.0909
supplier_training,high,endogenous,172,49406,0.7333,63.3664
supplier_training,high,endogenous,173,902932,0.4,33.5831
supplier_training,high,endogenous,174,114976,0.5,47.6825
supplier_training,high,endogenous,175,160266,0.6333,49.9913
supplier_training,high,endogenous,176,657925,0.2667,30.3801
supplier_training,high,endogenous,177,167754,0.9,72.4751
supplier_training,high,endogenous,178,830556,0.8333,70.0761
supplier_training,high,endogenous,179,713537,0.6333,56.4223
supplier_training,high,endogenous,180,442667,0.6333,51.5402
supplier_training,high,endogenous,181,625381,0.6667,67.6895
supplier_training,high,endogenous,182,66614,0.3667,33.0267
supplier_training,high,endogenous,183,403458,0.5667,46.6839
supplier_training,high,endogenous,184,400157,0.7667,59.9039
supplier_training,high,endogenous,185,624835,0.6,49.325
supplier_training,high,endogenous,186,490786,0.4667,46.5056
supplier_training,high,endogenous,187,554817,0.4,43.3927
supplier_training,high,endogenous,188,263627,0.5667,51.5873
supplier_training,high,endogenous,189,580100,0.5,40.0584
supplier_training,high,endogenous,190,902593,0.4,34.7726
supplier_training,high,endogenous,191,988211,0.7,63.3989
supplier_training,high,endogenous,192,12039,0.6,51.611
supplier_training,high,endogenous,193,713329,0.7333,59.6932
supplier_training,high,endogenous,194,755732,0.3,30.9575
supplier_training,high,endogenous,195,120117,0.6333,54.4798
supplier_training,high,endogenous,196,714826,0.7333,63.188
supplier_training,high,endogenous,197,927768,0.6,58.2204
supplier_training,high,endogenous,198,563055,0.5333,49.5204
supplier_training,high,endogenous,199,787353,0.2333,17.2338
supplier_training,high,exogenous,0,670488,1.0,78.2941
supplier_training,high,exogenous,1,116740,1.0,77.2499
supplier_training,high,exogenous,2,26226,1.0,75.9031
supplier_training,high,exogenous,3,777573,1.0,77.1577
supplier_training,high,exogenous,4,288390,1.0,76.8015
supplier_training,high,exogenous,5,256788,1.0,82.2475
supplier_training,high,exogenous,6,234054,1.0,76.9236
supplier_training,high,exogenous,7,146317,1.0,78.3859
supplier_training,high,exogenous,8,772247,1.0,78.4543
supplier_training,high,exogenous,9,107474,1.0,82.1035
supplier_training,high,exogenous,10,709571,1.0,83.7588
supplier_training,high,exogenous,11,776647,1.0,79.7366
supplier_training,high,exogenous,12,935519,1.0,79.0964
supplier_training,high,exogenous,13,571859,1.0,79.8694
supplier_training,high,exogenous,14,91162,1.0,78.3961
supplier_training,high,exogenous,15,619177,1.0,75.6426
supplier_training,high,exogenous,16,442418,1.0,76.1872
supplier_training,high,exogenous,17,33327,1.0,84.2718
supplier_training,high,exogenous,18,31245,1.0,80.2791
supplier_training,high,exogenous,19,98247,1.0,78.7833
supplier_training,high,exogenous,20,229259,1.0,81.3982
supplier_training,high,exogenous,21,243963,1.0,80.9454
supplier_training,high,exogenous,22,529904,1.0,82.0308
supplier_training,high,exogenous,23,631263,1.0,80.4131
supplier_training,high,exogenous,24,27825,1.0,76.5429
supplier_training,high,exogenous,25,588509,1.0,77.6499
supplier_training,high,exogenous,26,208497,1.0,77.1531
supplier_training,high,exogenous,27,750801,1.0,78.2234
supplier_training,high,exogenous,28,681454,1.0,80.0148
supplier_training,high,exogenous,29,735393,1.0,78.4277
supplier_training,high,exogenous,30,571413,1.0,79.9508
supplier_training,high,exogenous,31,439899,1.0,81.6958
supplier_training,high,exogenous,32,231149,1.0,74.0844
supplier_training,high,exogenous,33,471030,1.0,77.6449
supplier_training,high,exogenous,34,617890,1.0,78.9774
supplier_training,high,exogenous,35,291705,1.0,82.9141
supplier_training,high,exogenous,36,848750,1.0,78.2102
supplier_training,high,exogenous,37,911528,1.0,78.5938
supplier_training,high,exogenous,38,6815,1.0,79.358
supplier_training,high,exogenous,39,795668,1.0,78.6938
supplier_training,high,exogenous,40,844963,1.0,79.3116
supplier_training,high,exogenous,41,167415,1.0,80.209
supplier_training,high,exogenous,42,732053,1.0,79.9872
supplier_training,high,exogenous,43,443144,1.0,78.0587
supplier_training,high,exogenous,44,356779,1.0,74.6865
supplier_training,high,exogenous,45,291370,1.0,77.0767
supplier_training,high,exogenous,46,163033,1.0,81.5752
supplier_training,high,exogenous,47,225773,1.0,77.0687
supplier_training,high,exogenous,48,800582,1.0,79.0221
supplier_training,high,exogenous,49,352945,1.0,80.144
supplier_training,high,exogenous,50,107176,1.0,78.0732
supplier_training,high,exogenous,51,97252,1.0,76.8847
supplier_training,high,exogenous,52,398383,1.0,78.6736
supplier_training,high,exogenous,53,101415,1.0,76.6368
supplier_training,high,exogenous,54,376418,1.0,81.5707
supplier_training,high,exogenous,55,888663,1.0,80.5132
supplier_training,high,exogenous,56,360664,1.0,76.8012
supplier_training,high,exogenous,57,633053,1.0,75.7091
supplier_training,high,exogenous,58,277371,1.0,76.6785
supplier_training,high,exogenous,59,846336,1.0,80.0022
supplier_training,high,exogenous,60,45562,1.0,79.9097
supplier_training,high,exogenous,61,765180,1.0,77.2685
supplier_training,high,exogenous,62,481742,1.0,77.9373
supplier_training,high,exogenous,63,562276,1.0,75.7576
supplier_training,high,exogenous,64,130890,1.0,79.6552
supplier_training,high,exogenous,65,967097,1.0,80.3234
supplier_training,high,exogenous,66,396923,1.0,76.2703
supplier_training,high,exogenous,67,82628,1.0,77.7724
supplier_training,high,exogenous,68,578857,1.0,77.0782
supplier_training,high,exogenous,69,307420,1.0,77.9753
supplier_training,high,exogenous,70,869694,1.0,79.6733
supplier_training,high,exogenous,71,659177,1.0,76.4906
supplier_training,high,exogenous,72,648565,1.0,78.3371
supplier_training,high,exogenous,73,928464,1.0,77.9246
supplier_training,high,exogenous,74,903566,1.0,80.7217
supplier_training,high,exogenous,75,379202,1.0,80.7767
supplier_training,high,exogenous,76,605398,1.0,77.0914
supplier_training,high,exogenous,77,201630,1.0,75.3128
supplier_training,high,exogenous,78,738798,1.0,75.3198
supplier_training,high,exogenous,79,72934,1.0,77.9506
supplier_training,high,exogenous,80,48051,1.0,80.7508
supplier_training,high,exogenous,81,693385,1.0,75.6094
supplier_training,high,exogenous,82,238969,1.0,81.9503
supplier_training,high,exogenous,83,810621,1.0,77.6044
supplier_training,high,exogenous,84,303446,1.0,78.4296
supplier_training,high,exogenous,85,83668,1.0,80.8632
supplier_training,high,exogenous,86,896866,1.0,76.2354
supplier_training,high,exogenous,87,244099,1.0,78.8952
supplier_training,high,exogenous,88,908574,1.0,78.1462
supplier_training,high,exogenous,89,105908,1.0,78.8851
supplier_training,high,exogenous,90,398592,1.0,79.7938
supplier_training,high,exogenous,91,291477,1.0,78.2232
supplier_training,high,exogenous,92,475436,1.0,79.7832
supplier_training,high,exogenous,93,666564,1.0,80.5713
supplier_training,high,exogenous,94,874629,1.0,82.3937
supplier_training,high,exogenous,95,382555,1.0,78.4542
supplier_training,high,exogenous,96,170556,1.0,79.1585
supplier_training,high,exogenous,97,388163,1.0,76.7781
supplier_training,high,exogenous,98,372529,1.0,80.0681
supplier_training,high,exogenous,99,219685,1.0,76.7945
supplier_training,high,exogenous,100,702730,1.0,78.6635
supplier_training,high,exogenous,101,279947,1.0,76.8881
supplier_training,high,exogenous,102,735912,1.0,77.0602
supplier_training,high,exogenous,103,982154,1.0,81.2983
supplier_training,high,exogenous,104,716752,1.0,79.1212
supplier_training,high,exogenous,105,679515,1.0,77.8474
supplier_training,high,exogenous,106,74871,1.0,81.363
supplier_training,high,exogenous,107,638721,1.0,80.4458
supplier_training,high,exogenous,108,665823,1.0,76.7149
supplier_training,high,exogenous,109,179452,1.0,78.3539
supplier_training,high,exogenous,110,560087,1.0,82.3358
supplier_training,high,exogenous,111,764545,1.0,75.0368
supplier_training,high,exogenous,112,256703,1.0,77.9726
supplier_training,high,exogenous,113,171340,1.0,79.154
supplier_training,high,exogenous,114,484715,1.0,79.5338
supplier_training,high,exogenous,115,397888,1.0,79.9016
supplier_training,high,exogenous,116,283061,1.0,80.1707
supplier_training,high,exogenous,117,970343,1.0,77.6521
supplier_training,high,exogenous,118,671089,1.0,78.8375
supplier_training,high,exogenous,119,721591,1.0,77.2326
supplier_training,high,exogenous,120,584005,1.0,80.0044
supplier_training,high,exogenous,121,230284,1.0,76.7707
supplier_training,high,exogenous,122,717871,1.0,80.3762
supplier_training,high,exogenous,123,340036,1.0,77.0977
supplier_training,high,exogenous,124,883795,1.0,78.4452
supplier_training,high,exogenous,125,805636,1.0,79.9368
supplier_training,high,exogenous,126,813695,1.0,79.7206
supplier_training,high,exogenous,127,58656,1.0,79.2001
supplier_training,high,exogenous,128,240175,1.0,79.7073
supplier_training,high,exogenous,129,861723,1.0,78.5315
supplier_training,high,exogenous,130,33660,1.0,79.48
supplier_training,high,exogenous,131,844152,1.0,80.0121
supplier_training,high,exogenous,132,330777,1.0,78.3774
supplier_training,high,exogenous,133,420652,1.0,80.7015
supplier_training,high,exogenous,134,280747,1.0,78.7877
supplier_training,high,exogenous,135,69404,1.0,81.1912
supplier_training,high,exogenous,136,221232,1.0,77.5916
supplier_training,high,exogenous,137,957493,1.0,78.5529
supplier_training,high,exogenous,138,988713,1.0,79.5021
supplier_training,high,exogenous,139,594732,1.0,80.39
supplier_training,high,exogenous,140,918939,1.0,80.6602
supplier_training,high,exogenous,141,752788,1.0,81.5968
supplier_training,high,exogenous,142,329964,1.0,76.8856
supplier_training,high,exogenous,143,222956,1.0,80.7918
supplier_training,high,exogenous,144,687278,1.0,79.46
supplier_training,high,exogenous,145,523482,1.0,78.9539
supplier_training,high,exogenous,146,414851,1.0,78.9606
supplier_training,high,exogenous,147,927658,1.0,76.1189
supplier_training,high,exogenous,148,958973,1.0,77.4883
supplier_training,high,exogenous,149,674080,1.0,79.5859
supplier_training,high,exogenous,150,481142,1.0,78.853
supplier_training,high,exogenous,151,149812,1.0,77.222
supplier_training,high,exogenous,152,277747,1.0,76.3371
supplier_training,high,exogenous,153,146414,1.0,78.0683
supplier_training,high,exogenous,154,258608,1.0,80.6945
supplier_training,high,exogenous,155,781178,1.0,76.3013
supplier_training,high,exogenous,156,588638,1.0,81.2446
supplier_training,high,exogenous,157,565159,1.0,78.352
supplier_training,high,exogenous,158,275505,1.0,80.1549
supplier_training,high,exogenous,159,783301,1.0,79.3026
supplier_training,high,exogenous,160,612983,1.0,78.8025
supplier_training,high,exogenous,161,449246,1.0,81.0514
supplier_training,high,exogenous,162,941436,1.0,76.8895
supplier_training,high,exogenous,163,611879,1.0,78.9107
supplier_training,high,exogenous,164,418802,1.0,80.7553
supplier_training,high,exogenous,165,379581,1.0,79.1548
supplier_training,high,exogenous,166,229975,1.0,81.5738
supplier_training,high,exogenous,167,145052,1.0,76.7872
supplier_training,high,exogenous,168,534278,1.0,79.0691
supplier_training,high,exogenous,169,517489,1.0,81.3565
supplier_training,high,exogenous,170,95326,1.0,79.5711
supplier_training,high,exogenous,171,792496,1.0,74.4152
supplier_training,high,exogenous,172,49406,1.0,78.7759
supplier_training,high,exogenous,173,902932,1.0,76.3125
supplier_training,high,exogenous,174,114976,1.0,78.5206
supplier_training,high,exogenous,175,160266,1.0,77.9557
supplier_training,high,exogenous,176,657925,1.0,81.9881
supplier_training,high,exogenous,177,167754,1.0,80.423
supplier_training,high,exogenous,178,830556,1.0,80.2058
supplier_training,high,exogenous,179,713537,1.0,77.1308
supplier_training,high,exogenous,180,442667,1.0,79.3036
supplier_training,high,exogenous,181,625381,1.0,78.057
supplier_training,high,exogenous,182,66614,1.0,78.6342
supplier_training,high,exogenous,183,403458,1.0,77.6277
supplier_training,high,exogenous,184,400157,1.0,77.2168
supplier_training,high,exogenous,185,624835,1.0,78.2605
supplier_training,high,exogenous,186,490786,1.0,78.7984
supplier_training,high,exogenous,187,554817,1.0,81.4179
supplier_training,high,exogenous,188,263627,1.0,78.6341
supplier_training,high,exogenous,189,580100,1.0,77.5426
supplier_training,high,exogenous,190,902593,1.0,77.9939
supplier_training,high,exogenous,191,988211,1.0,79.2011
supplier_training,high,exogenous,192,12039,1.0,78.578
supplier_training,high,exogenous,193,713329,1.0,80.3466
supplier_training,high,exogenous,194,755732,1.0,81.933
supplier_training,high,exogenous,195,120117,1.0,79.4907
supplier_training,high,exogenous,196,714826,1.0,79.7136
supplier_training,high,exogenous,197,927768,1.0,80.273
supplier_training,high,exogenous,198,563055,1.0,79.8207
supplier_training,high,exogenous,199,787353,1.0,75.6626
cumulative_policy,high,endogenous,0,670488,0.5333,77.3141
cumulative_policy,high,endogenous,1,116740,0.8,92.6039
cumulative_policy,high,endogenous,2,26226,0.9,103.7371
cumulative_policy,high,endogenous,3,777573,0.9667,106.4214
cumulative_policy,high,endogenous,4,288390,0.8333,103.9755
cumulative_policy,high,endogenous,5,256788,0.5,68.2418
cumulative_policy,high,endogenous,6,234054,0.5,65.8261
cumulative_policy,high,endogenous,7,146317,0.7667,98.9916
cumulative_policy,high,endogenous,8,772247,0.6667,90.228
cumulative_policy,high,endogenous,9,107474,0.8,103.9215
cumulative_policy,high,endogenous,10,709571,0.3,52.7155
cumulative_policy,high,endogenous,11,776647,0.8333,100.3382
cumulative_policy,high,endogenous,12,935519,0.8,97.4586
cumulative_policy,high,endogenous,13,571859,0.8333,93.5263
cumulative_policy,high,endogenous,14,91162,0.4,47.5026
cumulative_policy,high,endogenous,15,619177,0.4333,95.7599
cumulative_policy,high,endogenous,16,442418,0.9667,112.8453
cumulative_policy,high,endogenous,17,33327,0.3,48.9566
cumulative_policy,high,endogenous,18,31245,0.9333,107.5894
cumulative_policy,high,endogenous,19,98247,0.9333,104.0094
cumulative_policy,high,endogenous,20,229259,0.9667,102.9851
cumulative_policy,high,endogenous,21,243963,0.8,88.6806
cumulative_policy,high,endogenous,22,529904,0.6667,86.7231
cumulative_policy,high,endogenous,23,631263,0.4667,77.9158
cumulative_policy,high,endogenous,24,27825,0.8333,93.0393
cumulative_policy,high,endogenous,25,588509,0.8333,99.8792
cumulative_policy,high,endogenous,26,208497,0.6333,97.4761
cumulative_policy,high,endogenous,27,750801,0.7333,92.1022
cumulative_policy,high,endogenous,28,681454,0.6667,92.5923
cumulative_policy,high,endogenous,29,735393,0.4667,78.3729
cumulative_policy,high,endogenous,30,571413,0.6333,70.2834
cumulative_policy,high,endogenous,31,439899,0.6333,93.8207
cumulative_policy,high,endogenous,32,231149,0.7,90.6483
cumulative_policy,high,endogenous,33,471030,0.4,46.8228
cumulative_policy,high,endogenous,34,617890,0.5667,72.9524
cumulative_policy,high,endogenous,35,291705,0.4,68.6643
cumulative_policy,high,endogenous,36,848750,0.7,94.7994
cumulative_policy,high,endogenous,37,911528,0.5667,78.9009
cumulative_policy,high,endogenous,38,6815,0.7333,95.0248
cumulative_policy,high,endogenous,39,795668,0.8667,97.3067
cumulative_policy,high,endogenous,40,844963,0.8333,95.8611
cumulative_policy,high,endogenous,41,167415,0.8667,95.1416
cumulative_policy,high,endogenous,42,732053,0.8667,98.2426
cumulative_policy,high,endogenous,43,443144,0.6333,87.5306
cumulative_policy,high,endogenous,44,356779,0.8333,94.8648
cumulative_policy,high,endogenous,45,291370,0.7667,108.6753
cumulative_policy,high,endogenous,46,163033,0.6,91.5963
cumulative_policy,high,endogenous,47,225773,0.6667,101.5801
cumulative_policy,high,endogenous,48,800582,0.9333,106.8524
cumulative_policy,high,endogenous,49,352945,0.8,100.1731
cumulative_policy,high,endogenous,50,107176,0.8,96.397
cumulative_policy,high,endogenous,51,97252,0.8,101.3327
cumulative_policy,high,endogenous,52,398383,0.7667,87.5069
cumulative_policy,high,endogenous,53,101415,0.9,95.3658
cumulative_policy,high,endogenous,54,376418,0.7333,92.9308
cumulative_policy,high,endogenous,55,888663,0.5333,81.2917
cumulative_policy,high,endogenous,56,360664,0.9,102.6836
cumulative_policy,high,endogenous,57,633053,0.3667,57.4078
cumulative_policy,high,endogenous,58,277371,0.8667,103.7629
cumulative_policy,high,endogenous,59,846336,0.9,101.6608
cumulative_policy,high,endogenous,60,45562,0.8,95.6306
cumulative_policy,high,endogenous,61,765180,0.5333,73.3983
cumulative_policy,high,endogenous,62,481742,0.6667,93.7767
cumulative_policy,high,endogenous,63,562276,0.7667,85.3635
cumulative_policy,high,endogenous,64,130890,0.7333,97.4407
cumulative_policy,high,endogenous,65,967097,0.7667,93.1723
cumulative_policy,high,endogenous,66,396923,0.5333,73.3977
cumulative_policy,high,endogenous,67,82628,0.9,103.7538
cumulative_policy,high,endogenous,68,578857,0.8,93.3364
cumulative_policy,high,endogenous,69,307420,0.5,89.4972
cumulative_policy,high,endogenous,70,869694,0.7,83.3771
cumulative_policy,high,endogenous,71,659177,0.6667,84.4421
cumulative_policy,high,endogenous,72,648565,0.6667,80.3095
cumulative_policy,high,endogenous,73,928464,0.5,65.8594
cumulative_policy,high,endogenous,74,903566,0.9333,106.4423
cumulative_policy,high,endogenous,75,379202,0.4,59.4933
cumulative_policy,high,endogenous,76,605398,0.9667,109.495
cumulative_policy,high,endogenous,77,201630,0.9,102.3321
cumulative_policy,high,endogenous,78,738798,0.6,84.2407
cumulative_policy,high,endogenous,79,72934,0.8,99.4315
cumulative_policy,high,endogenous,80,48051,0.5667,84.6704
cumulative_policy,high,endogenous,81,693385,0.8667,103.2029
cumulative_policy,high,endogenous,82,238969,0.9,105.4102
cumulative_policy,high,endogenous,83,810621,0.5333,67.4003
cumulative_policy,high,endogenous,84,303446,0.5,70.1206
cumulative_policy,high,endogenous,85,83668,0.6,88.9056
cumulative_policy,high,endogenous,86,896866,0.7,94.1864
cumulative_policy,high,endogenous,87,244099,0.8667,108.7864
cumulative_policy,high,endogenous,88,908574,0.8333,105.088
cumulative_policy,high,endogenous,89,105908,0.7667,100.5897
cumulative_policy,high,endogenous,90,398592,0.7,81.1016
cumulative_policy,high,endogenous,91,291477,0.8,102.0296
cumulative_policy,high,endogenous,92,475436,0.3667,60.6264
cumulative_policy,high,endogenous,93,666564,0.9333,110.895
cumulative_policy,high,endogenous,94,874629,0.4333,62.437
cumulative_policy,high,endogenous,95,382555,0.8,89.6745
cumulative_policy,high,endogenous,96,170556,0.7,86.5539
cumulative_policy,high,endogenous,97,388163,0.8,93.4827
cumulative_policy,high,endogenous,98,372529,0.5667,99.9834
cumulative_policy,high,endogenous,99,219685,0.9333,106.7314
cumulative_policy,high,endogenous,100,702730,0.7,93.73
cumulative_policy,high,endogenous,101,279947,0.8,94.6809
cumulative_policy,high,endogenous,102,735912,0.6667,80.9019
cumulative_policy,high,endogenous,103,982154,0.8333,100.0273
cumulative_policy,high,endogenous,104,716752,0.4667,66.791
cumulative_policy,high,endogenous,105,679515,0.5667,74.7878
cumulative_policy,high,endogenous,106,74871,0.9333,103.1379
cumulative_policy,high,endogenous,107,638721,0.9333,100.6059
cumulative_policy,high,endogenous,108,665823,0.8667,92.8471
cumulative_policy,high,endogenous,109,179452,0.5333,78.1985
cumulative_policy,high,endogenous,110,560087,0.2333,45.8732
cumulative_policy,high,endogenous,111,764545,0.9333,106.3155
cumulative_policy,high,endogenous,112,256703,0.9333,99.9001
cumulative_policy,high,endogenous,113,171340,0.5333,75.1596
cumulative_policy,high,endogenous,114,484715,0.7,99.9069
cumulative_policy,high,endogenous,115,397888,0.5667,85.762
cumulative_policy,high,endogenous,116,283061,0.4333,69.6696
cumulative_policy,high,endogenous,117,970343,0.3667,86.145
cumulative_policy,high,endogenous,118,671089,0.6333,77.1956
cumulative_policy,high,endogenous,119,721591,0.4,49.0654
cumulative_policy,high,endogenous,120,584005,0.3333,58.688
cumulative_policy,high,endogenous,121,230284,0.8333,93.0772
cumulative_policy,high,endogenous,122,717871,0.7333,87.2232
cumulative_policy,high,endogenous,123,340036,0.7333,105.7048
cumulative_policy,high,endogenous,124,883795,0.9333,110.1993
cumulative_policy,high,endogenous,125,805636,0.9333,101.9827
cumulative_policy,high,endogenous,126,813695,0.6,84.3991
cumulative_policy,high,endogenous,127,58656,0.6333,81.4997
cumulative_policy,high,endogenous,128,240175,0.5,75.7274
cumulative_policy,high,endogenous,129,861723,0.5333,80.6632
cumulative_policy,high,endogenous,130,33660,0.7667,82.3258
cumulative_policy,high,endogenous,131,844152,0.6333,75.7726
cumulative_policy,high,endogenous,132,330777,0.9,104.2644
cumulative_policy,high,endogenous,133,420652,0.4667,85.7368
cumulative_policy,high,endogenous,134,280747,0.8,107.3533
cumulative_policy,high,endogenous,135,69404,0.8667,102.4903
cumulative_policy,high,endogenous,136,221232,0.6333,79.6953
cumulative_policy,high,endogenous,137,957493,0.5,61.5548
cumulative_policy,high,endogenous,138,988713,0.8333,96.3212
cumulative_policy,high,endogenous,139,594732,0.9667,108.5168
cumulative_policy,high,endogenous,140,918939,0.8,102.427
cumulative_policy,high,endogenous,141,752788,0.8667,106.9405
cumulative_policy,high,endogenous,142,329964,0.7667,92.2687
cumulative_policy,high,endogenous,143,222956,0.8333,92.4087
cumulative_policy,high,endogenous,144,687278,0.6333,76.1677
cumulative_policy,high,endogenous,145,523482,0.8667,97.6657
cumulative_policy,high,endogenous,146,414851,0.7,82.0278
cumulative_policy,high,endogenous,147,927658,0.6333,94.3625
cumulative_policy,high,endogenous,148,958973,0.9333,98.4328
cumulative_policy,high,endogenous,149,674080,0.5333,95.045
cumulative_policy,high,endogenous,150,481142,0.7333,95.2403
cumulative_policy,high,endogenous,151,149812,0.9333,102.4794
cumulative_policy,high,endogenous,152,277747,0.7,94.5258
cumulative_policy,high,endogenous,153,146414,0.6,80.8654
cumulative_policy,high,endogenous,154,258608,1.0,119.4314
cumulative_policy,high,endogenous,155,781178,0.9,101.2962
cumulative_policy,high,endogenous,156,588638,0.8,94.7247
cumulative_policy,high,endogenous,157,565159,0.6,80.2614
cumulative_policy,high,endogenous,158,275505,0.6333,101.4
cumulative_policy,high,endogenous,159,783301,0.6,90.8961
cumulative_policy,high,endogenous,160,612983,0.7,88.3904
cumulative_policy,high,endogenous,161,449246,0.8,102.531
cumulative_policy,high,endogenous,162,941436,0.5667,76.5945
cumulative_policy,high,endogenous,163,611879,0.6333,84.2947
cumulative_policy,high,endogenous,164,418802,0.8667,100.3705
cumulative_policy,high,endogenous,165,379581,0.8333,104.6277
cumulative_policy,high,endogenous,166,229975,0.7333,83.6664
cumulative_policy,high,endogenous,167,145052,0.8333,97.607
cumulative_policy,high,endogenous,168,534278,0.8667,102.7847
cumulative_policy,high,endogenous,169,517489,0.4667,80.612
cumulative_policy,high,endogenous,170,95326,0.6,81.0531
cumulative_policy,high,endogenous,171,792496,0.9,103.2592
cumulative_policy,high,endogenous,172,49406,0.6667,84.5295
cumulative_policy,high,endogenous,173,902932,0.9,107.1975
cumulative_policy,high,endogenous,174,114976,0.7333,87.6981
cumulative_policy,high,endogenous,175,160266,0.9333,109.9666
cumulative_policy,high,endogenous,176,657925,0.5667,74.4088
cumulative_policy,high,endogenous,177,167754,0.9667,104.5824
cumulative_policy,high,endogenous,178,830556,0.9,100.2241
cumulative_policy,high,endogenous,179,713537,0.6667,87.9612
cumulative_policy,high,endogenous,180,442667,0.7333,93.4696
cumulative_policy,high,endogenous,181,625381,0.7667,105.8104
cumulative_policy,high,endogenous,182,66614,0.8,107.1729
cumulative_policy,high,endogenous,183,403458,0.9,107.2969
cumulative_policy,high,endogenous,184,400157,1.0,110.768
cumulative_policy,high,endogenous,185,624835,0.7333,86.3251
cumulative_policy,high,endogenous,186,490786,0.6,82.9096
cumulative_policy,high,endogenous,187,554817,0.6,81.7479
cumulative_policy,high,endogenous,188,263627,0.8333,102.0194
cumulative_policy,high,endogenous,189,580100,0.8667,95.9355
cumulative_policy,high,endogenous,190,902593,0.7667,102.2551
cumulative_policy,high,endogenous,191,988211,0.5,97.9552
cumulative_policy,high,endogenous,192,12039,0.9333,104.6468
cumulative_policy,high,endogenous,193,713329,1.0,109.4983
cumulative_policy,high,endogenous,194,755732,0.6,78.3444
cumulative_policy,high,endogenous,195,120117,0.6333,99.1984
cumulative_policy,high,endogenous,196,714826,0.7333,92.9342
cumulative_policy,high,endogenous,197,927768,0.3667,71.7438
cumulative_policy,high,endogenous,198,563055,0.6333,79.1921
cumulative_policy,high,endogenous,199,787353,0.8333,104.1199
cumulative_policy,high,exogenous,0,670488,1.0,110.4316
cumulative_policy,high,exogenous,1,116740,1.0,111.4669
cumulative_policy,high,exogenous,2,26226,1.0,109.6618
cumulative_policy,high,exogenous,3,777573,1.0,109.0253
cumulative_policy,high,exogenous,4,288390,1.0,111.6698
cumulative_policy,high,exogenous,5,256788,1.0,110.8871
cumulative_policy,high,exogenous,6,234054,1.0,108.9129
cumulative_policy,high,exogenous,7,146317,1.0,114.5008
cumulative_policy,high,exogenous,8,772247,1.0,108.4706
cumulative_policy,high,exogenous,9,107474,1.0,108.8766
cumulative_policy,high,exogenous,10,709571,1.0,110.7395
cumulative_policy,high,exogenous,11,776647,1.0,108.697
cumulative_policy,high,exogenous,12,935519,1.0,108.6147
cumulative_policy,high,exogenous,13,571859,1.0,106.4719
cumulative_policy,high,exogenous,14,91162,1.0,105.9092
cumulative_policy,high,exogenous,15,619177,1.0,104.8397
cumulative_policy,high,exogenous,16,442418,1.0,113.353
cumulative_policy,high,exogenous,17,33327,1.0,106.9063
cumulative_policy,high,exogenous,18,31245,1.0,113.4729
cumulative_policy,high,exogenous,19,98247,1.0,110.257
cumulative_policy,high,exogenous,20,229259,1.0,106.6744
cumulative_policy,high,exogenous,21,243963,1.0,105.3265
cumulative_policy,high,exogenous,22,529904,1.0,106.9478
cumulative_policy,high,exogenous,23,631263,1.0,112.4415
cumulative_policy,high,exogenous,24,27825,1.0,103.0318
cumulative_policy,high,exogenous,25,588509,1.0,108.608
cumulative_policy,high,exogenous,26,208497,1.0,108.099
cumulative_policy,high,exogenous,27,750801,1.0,111.3153
cumulative_policy,high,exogenous,28,681454,1.0,106.7082
cumulative_policy,high,exogenous,29,735393,1.0,110.3768
cumulative_policy,high,exogenous,30,571413,1.0,105.2555
cumulative_policy,high,exogenous,31,439899,1.0,112.0683
cumulative_policy,high,exogenous,32,231149,1.0,103.2229
cumulative_policy,high,exogenous,33,471030,1.0,105.6252
cumulative_policy,high,exogenous,34,617890,1.0,108.32
cumulative_policy,high,exogenous,35,291705,1.0,115.7922
cumulative_policy,high,exogenous,36,848750,1.0,107.4997
cumulative_policy,high,exogenous,37,911528,1.0,110.4476
cumulative_policy,high,exogenous,38,6815,1.0,108.506
cumulative_policy,high,exogenous,39,795668,1.0,108.7946
cumulative_policy,high,exogenous,40,844963,1.0,108.3562
cumulative_policy,high,exogenous,41,167415,1.0,109.2108
cumulative_policy,high,exogenous,42,732053,1.0,106.0793
cumulative_policy,high,exogenous,43,443144,1.0,106.5759
cumulative_policy,high,exogenous,44,356779,1.0,108.5785
cumulative_policy,high,exogenous,45,291370,1.0,110.4179
cumulative_policy,high,exogenous,46,163033,1.0,108.3059
cumulative_policy,high,exogenous,47,225773,1.0,109.7744
cumulative_policy,high,exogenous,48,800582,1.0,113.3163
cumulative_policy,high,exogenous,49,352945,1.0,105.6841
cumulative_policy,high,exogenous,50,107176,1.0,111.1495
cumulative_policy,high,exogenous,51,97252,1.0,107.2493
cumulative_policy,high,exogenous,52,398383,1.0,108.1382
cumulative_policy,high,exogenous,53,101415,1.0,105.8468
cumulative_policy,high,exogenous,54,376418,1.0,108.2314
cumulative_policy,high,exogenous,55,888663,1.0,106.5849
cumulative_policy,high,exogenous,56,360664,1.0,108.1467
cumulative_policy,high,exogenous,57,633053,1.0,108.262
cumulative_policy,high,exogenous,58,277371,1.0,111.1906
cumulative_policy,high,exogenous,59,846336,1.0,110.7755
cumulative_policy,high,exogenous,60,45562,1.0,106.7936
cumulative_policy,high,exogenous,61,765180,1.0,109.4534
cumulative_policy,high,exogenous,62,481742,1.0,109.8825
cumulative_policy,high,exogenous,63,562276,1.0,104.6116
cumulative_policy,high,exogenous,64,130890,1.0,107.1128
cumulative_policy,high,exogenous,65,967097,1.0,107.7694
cumulative_policy,high,exogenous,66,396923,1.0,109.3947
cumulative_policy,high,exogenous,67,82628,1.0,111.8521
cumulative_policy,high,exogenous,68,578857,1.0,110.4901
cumulative_policy,high,exogenous,69,307420,1.0,108.8119
cumulative_policy,high,exogenous,70,869694,1.0,111.9949
cumulative_policy,high,exogenous,71,659177,1.0,108.5902
cumulative_policy,high,exogenous,72,648565,1.0,107.1683
cumulative_policy,high,exogenous,73,928464,1.0,108.4546
cumulative_policy,high,exogenous,74,903566,1.0,106.6239
cumulative_policy,high,exogenous,75,379202,1.0,109.1965
cumulative_policy,high,exogenous,76,605398,1.0,110.242
cumulative_policy,high,exogenous,77,201630,1.0,106.7662
cumulative_policy,high,exogenous,78,738798,1.0,105.6489
cumulative_policy,high,exogenous,79,72934,1.0,111.5633
cumulative_policy,high,exogenous,80,48051,1.0,110.1584
cumulative_policy,high,exogenous,81,693385,1.0,109.4019
cumulative_policy,high,exogenous,82,238969,1.0,110.8024
cumulative_policy,high,exogenous,83,810621,1.0,103.3268
cumulative_policy,high,exogenous,84,303446,1.0,109.6643
cumulative_policy,high,exogenous,85,83668,1.0,105.4868
cumulative_policy,high,exogenous,86,896866,1.0,110.3945
cumulative_policy,high,exogenous,87,244099,1.0,114.8602
cumulative_policy,high,exogenous,88,908574,1.0,112.8928
cumulative_policy,high,exogenous,89,105908,1.0,109.9582
cumulative_policy,high,exogenous,90,398592,1.0,108.2498
cumulative_policy,high,exogenous,91,291477,1.0,111.8989
cumulative_policy,high,exogenous,92,475436,1.0,108.0005
cumulative_policy,high,exogenous,93,666564,1.0,113.6157
cumulative_policy,high,exogenous,94,874629,1.0,113.5979
cumulative_policy,high,exogenous,95,382555,1.0,105.9512
cumulative_policy,high,exogenous,96,170556,1.0,109.2456
cumulative_policy,high,exogenous,97,388163,1.0,107.4699
cumulative_policy,high,exogenous,98,372529,1.0,111.7015
cumulative_policy,high,exogenous,99,219685,1.0,113.3347
cumulative_policy,high,exogenous,100,702730,1.0,109.83
cumulative_policy,high,exogenous,101,279947,1.0,111.9395
cumulative_policy,high,exogenous,102,735912,1.0,111.2713
cumulative_policy,high,exogenous,103,982154,1.0,111.1614
cumulative_policy,high,exogenous,104,716752,1.0,107.6915
cumulative_policy,high,exogenous,105,679515,1.0,105.8274
cumulative_policy,high,exogenous,106,74871,1.0,108.9829
cumulative_policy,high,exogenous,107,638721,1.0,103.6919
cumulative_policy,high,exogenous,108,665823,1.0,106.837
cumulative_policy,high,exogenous,109,179452,1.0,109.738
cumulative_policy,high,exogenous,110,560087,1.0,112.5527
cumulative_policy,high,exogenous,111,764545,1.0,113.1416
cumulative_policy,high,exogenous,112,256703,1.0,104.8002
cumulative_policy,high,exogenous,113,171340,1.0,106.0902
cumulative_policy,high,exogenous,114,484715,1.0,111.0214
cumulative_policy,high,exogenous,115,397888,1.0,109.6568
cumulative_policy,high,exogenous,116,283061,1.0,108.5849
cumulative_policy,high,exogenous,117,970343,1.0,105.5241
cumulative_policy,high,exogenous,118,671089,1.0,107.7699
cumulative_policy,high,exogenous,119,721591,1.0,105.9235
cumulative_policy,high,exogenous,120,584005,1.0,108.2828
cumulative_policy,high,exogenous,121,230284,1.0,106.8411
cumulative_policy,high,exogenous,122,717871,1.0,109.8059
cumulative_policy,high,exogenous,123,340036,1.0,109.3775
cumulative_policy,high,exogenous,124,883795,1.0,111.6619
cumulative_policy,high,exogenous,125,805636,1.0,104.3189
cumulative_policy,high,exogenous,126,813695,1.0,111.8964
cumulative_policy,high,exogenous,127,58656,1.0,105.7082
cumulative_policy,high,exogenous,128,240175,1.0,103.8001
cumulative_policy,high,exogenous,129,861723,1.0,110.2618
cumulative_policy,high,exogenous,130,33660,1.0,106.1011
cumulative_policy,high,exogenous,131,844152,1.0,111.3569
cumulative_policy,high,exogenous,132,330777,1.0,109.6104
cumulative_policy,high,exogenous,133,420652,1.0,110.2934
cumulative_policy,high,exogenous,134,280747,1.0,108.9687
cumulative_policy,high,exogenous,135,69404,1.0,105.231
cumulative_policy,high,exogenous,136,221232,1.0,107.0108
cumulative_policy,high,exogenous,137,957493,1.0,105.4836
cumulative_policy,high,exogenous,138,988713,1.0,108.172
cumulative_policy,high,exogenous,139,594732,1.0,108.5307
cumulative_policy,high,exogenous,140,918939,1.0,113.5943
cumulative_policy,high,exogenous,141,752788,1.0,111.2291
cumulative_policy,high,exogenous,142,329964,1.0,109.6781
cumulative_policy,high,exogenous,143,222956,1.0,106.6082
cumulative_policy,high,exogenous,144,687278,1.0,107.7166
cumulative_policy,high,exogenous,145,523482,1.0,108.8027
cumulative_policy,high,exogenous,146,414851,1.0,107.6494
cumulative_policy,high,exogenous,147,927658,1.0,109.8003
cumulative_policy,high,exogenous,148,958973,1.0,104.9355
cumulative_policy,high,exogenous,149,674080,1.0,105.9286
cumulative_policy,high,exogenous,150,481142,1.0,107.7913
cumulative_policy,high,exogenous,151,149812,1.0,105.0645
cumulative_policy,high,exogenous,152,277747,1.0,109.6672
cumulative_policy,high,exogenous,153,146414,1.0,107.7112
cumulative_policy,high,exogenous,154,258608,1.0,119.572
cumulative_policy,high,exogenous,155,781178,1.0,110.8829
cumulative_policy,high,exogenous,156,588638,1.0,106.9295
cumulative_policy,high,exogenous,157,565159,1.0,102.3355
cumulative_policy,high,exogenous,158,275505,1.0,112.9792
cumulative_policy,high,exogenous,159,783301,1.0,110.0164
cumulative_policy,high,exogenous,160,612983,1.0,110.8269
cumulative_policy,high,exogenous,161,449246,1.0,108.9057
cumulative_policy,high,exogenous,162,941436,1.0,108.3817
cumulative_policy,high,exogenous,163,611879,1.0,111.0457
cumulative_policy,high,exogenous,164,418802,1.0,110.7489
cumulative_policy,high,exogenous,165,379581,1.0,109.484
cumulative_policy,high,exogenous,166,229975,1.0,105.8381
cumulative_policy,high,exogenous,167,145052,1.0,107.8438
cumulative_policy,high,exogenous,168,534278,1.0,109.8039
cumulative_policy,high,exogenous,169,517489,1.0,108.3028
cumulative_policy,high,exogenous,170,95326,1.0,107.928
cumulative_policy,high,exogenous,171,792496,1.0,106.2461
cumulative_policy,high,exogenous,172,49406,1.0,107.6035
cumulative_policy,high,exogenous,173,902932,1.0,112.7429
cumulative_policy,high,exogenous,174,114976,1.0,108.7444
cumulative_policy,high,exogenous,175,160266,1.0,110.215
cumulative_policy,high,exogenous,176,657925,1.0,113.253
cumulative_policy,high,exogenous,177,167754,1.0,108.2408
cumulative_policy,high,exogenous,178,830556,1.0,107.2425
cumulative_policy,high,exogenous,179,713537,1.0,111.2101
cumulative_policy,high,exogenous,180,442667,1.0,114.8935
cumulative_policy,high,exogenous,181,625381,1.0,115.2676
cumulative_policy,high,exogenous,182,66614,1.0,111.864
cumulative_policy,high,exogenous,183,403458,1.0,108.9345
cumulative_policy,high,exogenous,184,400157,1.0,110.9086
cumulative_policy,high,exogenous,185,624835,1.0,107.822
cumulative_policy,high,exogenous,186,490786,1.0,111.2106
cumulative_policy,high,exogenous,187,554817,1.0,111.9819
cumulative_policy,high,exogenous,188,263627,1.0,111.3002
cumulative_policy,high,exogenous,189,580100,1.0,109.6852
cumulative_policy,high,exogenous,190,902593,1.0,111.2003
cumulative_policy,high,exogenous,191,988211,1.0,107.8911
cumulative_policy,high,exogenous,192,12039,1.0,109.9785
cumulative_policy,high,exogenous,193,713329,1.0,109.5204
cumulative_policy,high,exogenous,194,755732,1.0,111.403
cumulative_policy,high,exogenous,195,120117,1.0,114.1288
cumulative_policy,high,exogenous,196,714826,1.0,113.224
cumulative_policy,high,exogenous,197,927768,1.0,108.8218
cumulative_policy,high,exogenous,198,563055,1.0,110.9602
cumulative_policy,high,exogenous,199,787353,1.0,109.287
